day_of_week,hour,weather,road,vehicle_count,capacity,congestion_level
0,0,rain,A,13,150,Low
0,0,rain,B,6,120,Low
0,0,rain,C,11,130,Low
0,1,rain,A,11,150,Low
0,1,rain,B,4,120,Low
0,1,rain,C,10,130,Low
0,2,rain,A,15,150,Low
0,2,rain,B,5,120,Low
0,2,rain,C,9,130,Low
0,3,rain,A,18,150,Low
0,3,rain,B,6,120,Low
0,3,rain,C,10,130,Low
0,4,rain,A,19,150,Low
0,4,rain,B,6,120,Low
0,4,rain,C,9,130,Low
0,5,rain,A,17,150,Low
0,5,rain,B,5,120,Low
0,5,rain,C,11,130,Low
0,6,rain,A,65,150,Moderate
0,6,rain,B,23,120,Low
0,6,rain,C,37,130,Low
0,7,rain,A,78,150,Moderate
0,7,rain,B,23,120,Low
0,7,rain,C,39,130,Low
0,8,rain,A,112,150,High
0,8,rain,B,46,120,Moderate
0,8,rain,C,79,130,Moderate
0,9,rain,A,126,150,High
0,9,rain,B,45,120,Moderate
0,9,rain,C,99,130,High
0,10,rain,A,111,150,High
0,10,rain,B,39,120,Low
0,10,rain,C,66,130,Moderate
0,11,rain,A,129,150,High
0,11,rain,B,50,120,Moderate
0,11,rain,C,74,130,Moderate
0,12,rain,A,57,150,Moderate
0,12,rain,B,21,120,Low
0,12,rain,C,46,130,Moderate
0,13,rain,A,73,150,Moderate
0,13,rain,B,25,120,Low
0,13,rain,C,37,130,Low
0,14,rain,A,68,150,Moderate
0,14,rain,B,24,120,Low
0,14,rain,C,43,130,Low
0,15,rain,A,74,150,Moderate
0,15,rain,B,24,120,Low
0,15,rain,C,46,130,Moderate
0,16,rain,A,66,150,Moderate
0,16,rain,B,25,120,Low
0,16,rain,C,45,130,Low
0,17,rain,A,103,150,High
0,17,rain,B,45,120,Moderate
0,17,rain,C,78,130,Moderate
0,18,rain,A,119,150,High
0,18,rain,B,46,120,Moderate
0,18,rain,C,102,130,High
0,19,rain,A,114,150,High
0,19,rain,B,54,120,Moderate
0,19,rain,C,62,130,Moderate
0,20,rain,A,125,150,High
0,20,rain,B,49,120,Moderate
0,20,rain,C,91,130,High
0,21,rain,A,73,150,Moderate
0,21,rain,B,26,120,Low
0,21,rain,C,39,130,Low
0,22,rain,A,61,150,Moderate
0,22,rain,B,27,120,Low
0,22,rain,C,40,130,Low
0,23,rain,A,53,150,Moderate
0,23,rain,B,19,120,Low
0,23,rain,C,36,130,Low
1,0,clear,A,14,150,Low
1,0,clear,B,5,120,Low
1,0,clear,C,8,130,Low
1,1,clear,A,14,150,Low
1,1,clear,B,5,120,Low
1,1,clear,C,8,130,Low
1,2,clear,A,14,150,Low
1,2,clear,B,4,120,Low
1,2,clear,C,8,130,Low
1,3,clear,A,12,150,Low
1,3,clear,B,4,120,Low
1,3,clear,C,9,130,Low
1,4,clear,A,12,150,Low
1,4,clear,B,5,120,Low
1,4,clear,C,9,130,Low
1,5,clear,A,14,150,Low
1,5,clear,B,5,120,Low
1,5,clear,C,8,130,Low
1,6,clear,A,51,150,Low
1,6,clear,B,19,120,Low
1,6,clear,C,26,130,Low
1,7,clear,A,43,150,Low
1,7,clear,B,16,120,Low
1,7,clear,C,29,130,Low
1,8,clear,A,104,150,High
1,8,clear,B,31,120,Low
1,8,clear,C,59,130,Moderate
1,9,clear,A,118,150,High
1,9,clear,B,34,120,Low
1,9,clear,C,69,130,Moderate
1,10,clear,A,85,150,Moderate
1,10,clear,B,34,120,Low
1,10,clear,C,54,130,Moderate
1,11,clear,A,93,150,Moderate
1,11,clear,B,40,120,Low
1,11,clear,C,46,130,Moderate
1,12,clear,A,58,150,Moderate
1,12,clear,B,20,120,Low
1,12,clear,C,31,130,Low
1,13,clear,A,43,150,Low
1,13,clear,B,20,120,Low
1,13,clear,C,32,130,Low
1,14,clear,A,56,150,Moderate
1,14,clear,B,20,120,Low
1,14,clear,C,43,130,Low
1,15,clear,A,53,150,Moderate
1,15,clear,B,16,120,Low
1,15,clear,C,35,130,Low
1,16,clear,A,56,150,Moderate
1,16,clear,B,24,120,Low
1,16,clear,C,39,130,Low
1,17,clear,A,115,150,High
1,17,clear,B,48,120,Moderate
1,17,clear,C,57,130,Moderate
1,18,clear,A,99,150,High
1,18,clear,B,34,120,Low
1,18,clear,C,65,130,Moderate
1,19,clear,A,87,150,Moderate
1,19,clear,B,43,120,Moderate
1,19,clear,C,67,130,Moderate
1,20,clear,A,85,150,Moderate
1,20,clear,B,33,120,Low
1,20,clear,C,73,130,Moderate
1,21,clear,A,61,150,Moderate
1,21,clear,B,25,120,Low
1,21,clear,C,50,130,Moderate
1,22,clear,A,58,150,Moderate
1,22,clear,B,17,120,Low
1,22,clear,C,23,130,Low
1,23,clear,A,57,150,Moderate
1,23,clear,B,17,120,Low
1,23,clear,C,32,130,Low
2,0,clear,A,13,150,Low
2,0,clear,B,5,120,Low
2,0,clear,C,8,130,Low
2,1,clear,A,13,150,Low
2,1,clear,B,4,120,Low
2,1,clear,C,6,130,Low
2,2,clear,A,12,150,Low
2,2,clear,B,4,120,Low
2,2,clear,C,11,130,Low
2,3,clear,A,14,150,Low
2,3,clear,B,5,120,Low
2,3,clear,C,8,130,Low
2,4,clear,A,11,150,Low
2,4,clear,B,4,120,Low
2,4,clear,C,7,130,Low
2,5,clear,A,18,150,Low
2,5,clear,B,4,120,Low
2,5,clear,C,9,130,Low
2,6,clear,A,47,150,Low
2,6,clear,B,22,120,Low
2,6,clear,C,37,130,Low
2,7,clear,A,53,150,Moderate
2,7,clear,B,19,120,Low
2,7,clear,C,31,130,Low
2,8,clear,A,105,150,High
2,8,clear,B,33,120,Low
2,8,clear,C,51,130,Moderate
2,9,clear,A,80,150,Moderate
2,9,clear,B,36,120,Low
2,9,clear,C,77,130,Moderate
2,10,clear,A,101,150,High
2,10,clear,B,35,120,Low
2,10,clear,C,65,130,Moderate
2,11,clear,A,118,150,High
2,11,clear,B,37,120,Low
2,11,clear,C,59,130,Moderate
2,12,clear,A,64,150,Moderate
2,12,clear,B,21,120,Low
2,12,clear,C,43,130,Low
2,13,clear,A,56,150,Moderate
2,13,clear,B,16,120,Low
2,13,clear,C,27,130,Low
2,14,clear,A,68,150,Moderate
2,14,clear,B,25,120,Low
2,14,clear,C,34,130,Low
2,15,clear,A,51,150,Low
2,15,clear,B,24,120,Low
2,15,clear,C,29,130,Low
2,16,clear,A,47,150,Low
2,16,clear,B,21,120,Low
2,16,clear,C,32,130,Low
2,17,clear,A,109,150,High
2,17,clear,B,39,120,Low
2,17,clear,C,73,130,Moderate
2,18,clear,A,133,150,High
2,18,clear,B,40,120,Low
2,18,clear,C,76,130,Moderate
2,19,clear,A,76,150,Moderate
2,19,clear,B,39,120,Low
2,19,clear,C,61,130,Moderate
2,20,clear,A,89,150,Moderate
2,20,clear,B,34,120,Low
2,20,clear,C,66,130,Moderate
2,21,clear,A,62,150,Moderate
2,21,clear,B,16,120,Low
2,21,clear,C,35,130,Low
2,22,clear,A,51,150,Low
2,22,clear,B,19,120,Low
2,22,clear,C,40,130,Low
2,23,clear,A,59,150,Moderate
2,23,clear,B,24,120,Low
2,23,clear,C,34,130,Low
3,0,rain,A,15,150,Low
3,0,rain,B,6,120,Low
3,0,rain,C,10,130,Low
3,1,rain,A,13,150,Low
3,1,rain,B,6,120,Low
3,1,rain,C,10,130,Low
3,2,rain,A,22,150,Low
3,2,rain,B,7,120,Low
3,2,rain,C,9,130,Low
3,3,rain,A,15,150,Low
3,3,rain,B,4,120,Low
3,3,rain,C,9,130,Low
3,4,rain,A,17,150,Low
3,4,rain,B,7,120,Low
3,4,rain,C,9,130,Low
3,5,rain,A,14,150,Low
3,5,rain,B,4,120,Low
3,5,rain,C,10,130,Low
3,6,rain,A,55,150,Moderate
3,6,rain,B,22,120,Low
3,6,rain,C,36,130,Low
3,7,rain,A,65,150,Moderate
3,7,rain,B,17,120,Low
3,7,rain,C,32,130,Low
3,8,rain,A,156,150,High
3,8,rain,B,34,120,Low
3,8,rain,C,63,130,Moderate
3,9,rain,A,151,150,High
3,9,rain,B,62,120,Moderate
3,9,rain,C,62,130,Moderate
3,10,rain,A,112,150,High
3,10,rain,B,45,120,Moderate
3,10,rain,C,95,130,High
3,11,rain,A,101,150,High
3,11,rain,B,41,120,Low
3,11,rain,C,84,130,Moderate
3,12,rain,A,70,150,Moderate
3,12,rain,B,22,120,Low
3,12,rain,C,41,130,Low
3,13,rain,A,52,150,Low
3,13,rain,B,23,120,Low
3,13,rain,C,40,130,Low
3,14,rain,A,68,150,Moderate
3,14,rain,B,22,120,Low
3,14,rain,C,44,130,Low
3,15,rain,A,76,150,Moderate
3,15,rain,B,24,120,Low
3,15,rain,C,44,130,Low
3,16,rain,A,66,150,Moderate
3,16,rain,B,24,120,Low
3,16,rain,C,37,130,Low
3,17,rain,A,138,150,High
3,17,rain,B,47,120,Moderate
3,17,rain,C,110,130,High
3,18,rain,A,163,150,High
3,18,rain,B,50,120,Moderate
3,18,rain,C,74,130,Moderate
3,19,rain,A,109,150,High
3,19,rain,B,56,120,Moderate
3,19,rain,C,87,130,High
3,20,rain,A,141,150,High
3,20,rain,B,35,120,Low
3,20,rain,C,95,130,High
3,21,rain,A,70,150,Moderate
3,21,rain,B,20,120,Low
3,21,rain,C,39,130,Low
3,22,rain,A,68,150,Moderate
3,22,rain,B,24,120,Low
3,22,rain,C,40,130,Low
3,23,rain,A,64,150,Moderate
3,23,rain,B,23,120,Low
3,23,rain,C,42,130,Low
4,0,rain,A,10,150,Low
4,0,rain,B,5,120,Low
4,0,rain,C,10,130,Low
4,1,rain,A,17,150,Low
4,1,rain,B,5,120,Low
4,1,rain,C,7,130,Low
4,2,rain,A,17,150,Low
4,2,rain,B,7,120,Low
4,2,rain,C,8,130,Low
4,3,rain,A,18,150,Low
4,3,rain,B,5,120,Low
4,3,rain,C,10,130,Low
4,4,rain,A,13,150,Low
4,4,rain,B,5,120,Low
4,4,rain,C,12,130,Low
4,5,rain,A,17,150,Low
4,5,rain,B,7,120,Low
4,5,rain,C,12,130,Low
4,6,rain,A,70,150,Moderate
4,6,rain,B,30,120,Low
4,6,rain,C,44,130,Low
4,7,rain,A,74,150,Moderate
4,7,rain,B,22,120,Low
4,7,rain,C,42,130,Low
4,8,rain,A,106,150,High
4,8,rain,B,49,120,Moderate
4,8,rain,C,62,130,Moderate
4,9,rain,A,132,150,High
4,9,rain,B,41,120,Low
4,9,rain,C,88,130,High
4,10,rain,A,132,150,High
4,10,rain,B,54,120,Moderate
4,10,rain,C,83,130,Moderate
4,11,rain,A,90,150,Moderate
4,11,rain,B,42,120,Moderate
4,11,rain,C,62,130,Moderate
4,12,rain,A,60,150,Moderate
4,12,rain,B,29,120,Low
4,12,rain,C,46,130,Moderate
4,13,rain,A,59,150,Moderate
4,13,rain,B,20,120,Low
4,13,rain,C,42,130,Low
4,14,rain,A,53,150,Moderate
4,14,rain,B,21,120,Low
4,14,rain,C,43,130,Low
4,15,rain,A,77,150,Moderate
4,15,rain,B,26,120,Low
4,15,rain,C,27,130,Low
4,16,rain,A,69,150,Moderate
4,16,rain,B,24,120,Low
4,16,rain,C,44,130,Low
4,17,rain,A,164,150,High
4,17,rain,B,33,120,Low
4,17,rain,C,76,130,Moderate
4,18,rain,A,143,150,High
4,18,rain,B,36,120,Low
4,18,rain,C,102,130,High
4,19,rain,A,139,150,High
4,19,rain,B,54,120,Moderate
4,19,rain,C,76,130,Moderate
4,20,rain,A,148,150,High
4,20,rain,B,55,120,Moderate
4,20,rain,C,86,130,High
4,21,rain,A,68,150,Moderate
4,21,rain,B,24,120,Low
4,21,rain,C,36,130,Low
4,22,rain,A,64,150,Moderate
4,22,rain,B,23,120,Low
4,22,rain,C,44,130,Low
4,23,rain,A,75,150,Moderate
4,23,rain,B,20,120,Low
4,23,rain,C,41,130,Low
5,0,clear,A,8,150,Low
5,0,clear,B,3,120,Low
5,0,clear,C,6,130,Low
5,1,clear,A,10,150,Low
5,1,clear,B,3,120,Low
5,1,clear,C,7,130,Low
5,2,clear,A,10,150,Low
5,2,clear,B,3,120,Low
5,2,clear,C,6,130,Low
5,3,clear,A,12,150,Low
5,3,clear,B,3,120,Low
5,3,clear,C,4,130,Low
5,4,clear,A,11,150,Low
5,4,clear,B,3,120,Low
5,4,clear,C,6,130,Low
5,5,clear,A,11,150,Low
5,5,clear,B,2,120,Low
5,5,clear,C,4,130,Low
5,6,clear,A,29,150,Low
5,6,clear,B,12,120,Low
5,6,clear,C,26,130,Low
5,7,clear,A,41,150,Low
5,7,clear,B,14,120,Low
5,7,clear,C,19,130,Low
5,8,clear,A,45,150,Low
5,8,clear,B,25,120,Low
5,8,clear,C,40,130,Low
5,9,clear,A,74,150,Moderate
5,9,clear,B,27,120,Low
5,9,clear,C,45,130,Low
5,10,clear,A,77,150,Moderate
5,10,clear,B,26,120,Low
5,10,clear,C,47,130,Moderate
5,11,clear,A,61,150,Moderate
5,11,clear,B,24,120,Low
5,11,clear,C,45,130,Low
5,12,clear,A,43,150,Low
5,12,clear,B,13,120,Low
5,12,clear,C,26,130,Low
5,13,clear,A,36,150,Low
5,13,clear,B,13,120,Low
5,13,clear,C,27,130,Low
5,14,clear,A,26,150,Low
5,14,clear,B,11,120,Low
5,14,clear,C,19,130,Low
5,15,clear,A,25,150,Low
5,15,clear,B,12,120,Low
5,15,clear,C,27,130,Low
5,16,clear,A,36,150,Low
5,16,clear,B,14,120,Low
5,16,clear,C,28,130,Low
5,17,clear,A,92,150,Moderate
5,17,clear,B,27,120,Low
5,17,clear,C,58,130,Moderate
5,18,clear,A,78,150,Moderate
5,18,clear,B,24,120,Low
5,18,clear,C,44,130,Low
5,19,clear,A,59,150,Moderate
5,19,clear,B,24,120,Low
5,19,clear,C,46,130,Moderate
5,20,clear,A,86,150,Moderate
5,20,clear,B,35,120,Low
5,20,clear,C,38,130,Low
5,21,clear,A,40,150,Low
5,21,clear,B,11,120,Low
5,21,clear,C,26,130,Low
5,22,clear,A,37,150,Low
5,22,clear,B,10,120,Low
5,22,clear,C,27,130,Low
5,23,clear,A,35,150,Low
5,23,clear,B,12,120,Low
5,23,clear,C,20,130,Low
6,0,clear,A,10,150,Low
6,0,clear,B,3,120,Low
6,0,clear,C,6,130,Low
6,1,clear,A,10,150,Low
6,1,clear,B,4,120,Low
6,1,clear,C,5,130,Low
6,2,clear,A,7,150,Low
6,2,clear,B,4,120,Low
6,2,clear,C,5,130,Low
6,3,clear,A,11,150,Low
6,3,clear,B,3,120,Low
6,3,clear,C,6,130,Low
6,4,clear,A,10,150,Low
6,4,clear,B,4,120,Low
6,4,clear,C,8,130,Low
6,5,clear,A,9,150,Low
6,5,clear,B,3,120,Low
6,5,clear,C,7,130,Low
6,6,clear,A,33,150,Low
6,6,clear,B,14,120,Low
6,6,clear,C,24,130,Low
6,7,clear,A,40,150,Low
6,7,clear,B,12,120,Low
6,7,clear,C,18,130,Low
6,8,clear,A,47,150,Low
6,8,clear,B,20,120,Low
6,8,clear,C,41,130,Low
6,9,clear,A,66,150,Moderate
6,9,clear,B,32,120,Low
6,9,clear,C,51,130,Moderate
6,10,clear,A,59,150,Moderate
6,10,clear,B,26,120,Low
6,10,clear,C,41,130,Low
6,11,clear,A,66,150,Moderate
6,11,clear,B,25,120,Low
6,11,clear,C,48,130,Moderate
6,12,clear,A,36,150,Low
6,12,clear,B,16,120,Low
6,12,clear,C,20,130,Low
6,13,clear,A,38,150,Low
6,13,clear,B,19,120,Low
6,13,clear,C,25,130,Low
6,14,clear,A,46,150,Low
6,14,clear,B,14,120,Low
6,14,clear,C,26,130,Low
6,15,clear,A,38,150,Low
6,15,clear,B,13,120,Low
6,15,clear,C,21,130,Low
6,16,clear,A,40,150,Low
6,16,clear,B,12,120,Low
6,16,clear,C,26,130,Low
6,17,clear,A,89,150,Moderate
6,17,clear,B,29,120,Low
6,17,clear,C,46,130,Moderate
6,18,clear,A,82,150,Moderate
6,18,clear,B,26,120,Low
6,18,clear,C,55,130,Moderate
6,19,clear,A,55,150,Moderate
6,19,clear,B,26,120,Low
6,19,clear,C,34,130,Low
6,20,clear,A,59,150,Moderate
6,20,clear,B,33,120,Low
6,20,clear,C,55,130,Moderate
6,21,clear,A,34,150,Low
6,21,clear,B,10,120,Low
6,21,clear,C,13,130,Low
6,22,clear,A,35,150,Low
6,22,clear,B,19,120,Low
6,22,clear,C,26,130,Low
6,23,clear,A,35,150,Low
6,23,clear,B,14,120,Low
6,23,clear,C,18,130,Low
0,0,clear,A,13,150,Low
0,0,clear,B,4,120,Low
0,0,clear,C,9,130,Low
0,1,clear,A,14,150,Low
0,1,clear,B,5,120,Low
0,1,clear,C,7,130,Low
0,2,clear,A,15,150,Low
0,2,clear,B,6,120,Low
0,2,clear,C,7,130,Low
0,3,clear,A,11,150,Low
0,3,clear,B,6,120,Low
0,3,clear,C,8,130,Low
0,4,clear,A,16,150,Low
0,4,clear,B,4,120,Low
0,4,clear,C,10,130,Low
0,5,clear,A,14,150,Low
0,5,clear,B,5,120,Low
0,5,clear,C,10,130,Low
0,6,clear,A,52,150,Low
0,6,clear,B,17,120,Low
0,6,clear,C,32,130,Low
0,7,clear,A,58,150,Moderate
0,7,clear,B,15,120,Low
0,7,clear,C,38,130,Low
0,8,clear,A,90,150,Moderate
0,8,clear,B,42,120,Moderate
0,8,clear,C,40,130,Low
0,9,clear,A,87,150,Moderate
0,9,clear,B,26,120,Low
0,9,clear,C,55,130,Moderate
0,10,clear,A,102,150,High
0,10,clear,B,35,120,Low
0,10,clear,C,60,130,Moderate
0,11,clear,A,96,150,Moderate
0,11,clear,B,37,120,Low
0,11,clear,C,53,130,Moderate
0,12,clear,A,60,150,Moderate
0,12,clear,B,21,120,Low
0,12,clear,C,37,130,Low
0,13,clear,A,59,150,Moderate
0,13,clear,B,20,120,Low
0,13,clear,C,45,130,Low
0,14,clear,A,54,150,Moderate
0,14,clear,B,19,120,Low
0,14,clear,C,31,130,Low
0,15,clear,A,46,150,Low
0,15,clear,B,16,120,Low
0,15,clear,C,30,130,Low
0,16,clear,A,54,150,Moderate
0,16,clear,B,21,120,Low
0,16,clear,C,35,130,Low
0,17,clear,A,97,150,Moderate
0,17,clear,B,45,120,Moderate
0,17,clear,C,77,130,Moderate
0,18,clear,A,107,150,High
0,18,clear,B,36,120,Low
0,18,clear,C,75,130,Moderate
0,19,clear,A,113,150,High
0,19,clear,B,31,120,Low
0,19,clear,C,69,130,Moderate
0,20,clear,A,114,150,High
0,20,clear,B,34,120,Low
0,20,clear,C,71,130,Moderate
0,21,clear,A,42,150,Low
0,21,clear,B,24,120,Low
0,21,clear,C,41,130,Low
0,22,clear,A,52,150,Low
0,22,clear,B,21,120,Low
0,22,clear,C,22,130,Low
0,23,clear,A,45,150,Low
0,23,clear,B,19,120,Low
0,23,clear,C,29,130,Low
1,0,clear,A,17,150,Low
1,0,clear,B,4,120,Low
1,0,clear,C,7,130,Low
1,1,clear,A,14,150,Low
1,1,clear,B,6,120,Low
1,1,clear,C,7,130,Low
1,2,clear,A,14,150,Low
1,2,clear,B,6,120,Low
1,2,clear,C,6,130,Low
1,3,clear,A,11,150,Low
1,3,clear,B,4,120,Low
1,3,clear,C,8,130,Low
1,4,clear,A,15,150,Low
1,4,clear,B,5,120,Low
1,4,clear,C,6,130,Low
1,5,clear,A,14,150,Low
1,5,clear,B,4,120,Low
1,5,clear,C,10,130,Low
1,6,clear,A,49,150,Low
1,6,clear,B,18,120,Low
1,6,clear,C,37,130,Low
1,7,clear,A,61,150,Moderate
1,7,clear,B,21,120,Low
1,7,clear,C,26,130,Low
1,8,clear,A,106,150,High
1,8,clear,B,30,120,Low
1,8,clear,C,65,130,Moderate
1,9,clear,A,77,150,Moderate
1,9,clear,B,38,120,Low
1,9,clear,C,55,130,Moderate
1,10,clear,A,79,150,Moderate
1,10,clear,B,39,120,Low
1,10,clear,C,65,130,Moderate
1,11,clear,A,89,150,Moderate
1,11,clear,B,43,120,Moderate
1,11,clear,C,58,130,Moderate
1,12,clear,A,55,150,Moderate
1,12,clear,B,20,120,Low
1,12,clear,C,31,130,Low
1,13,clear,A,58,150,Moderate
1,13,clear,B,18,120,Low
1,13,clear,C,32,130,Low
1,14,clear,A,66,150,Moderate
1,14,clear,B,16,120,Low
1,14,clear,C,22,130,Low
1,15,clear,A,68,150,Moderate
1,15,clear,B,27,120,Low
1,15,clear,C,32,130,Low
1,16,clear,A,39,150,Low
1,16,clear,B,19,120,Low
1,16,clear,C,33,130,Low
1,17,clear,A,106,150,High
1,17,clear,B,33,120,Low
1,17,clear,C,76,130,Moderate
1,18,clear,A,118,150,High
1,18,clear,B,31,120,Low
1,18,clear,C,77,130,Moderate
1,19,clear,A,143,150,High
1,19,clear,B,41,120,Low
1,19,clear,C,66,130,Moderate
1,20,clear,A,107,150,High
1,20,clear,B,43,120,Moderate
1,20,clear,C,51,130,Moderate
1,21,clear,A,56,150,Moderate
1,21,clear,B,18,120,Low
1,21,clear,C,44,130,Low
1,22,clear,A,53,150,Moderate
1,22,clear,B,25,120,Low
1,22,clear,C,29,130,Low
1,23,clear,A,59,150,Moderate
1,23,clear,B,20,120,Low
1,23,clear,C,30,130,Low
2,0,clear,A,16,150,Low
2,0,clear,B,4,120,Low
2,0,clear,C,6,130,Low
2,1,clear,A,13,150,Low
2,1,clear,B,4,120,Low
2,1,clear,C,8,130,Low
2,2,clear,A,13,150,Low
2,2,clear,B,3,120,Low
2,2,clear,C,6,130,Low
2,3,clear,A,14,150,Low
2,3,clear,B,4,120,Low
2,3,clear,C,5,130,Low
2,4,clear,A,15,150,Low
2,4,clear,B,5,120,Low
2,4,clear,C,7,130,Low
2,5,clear,A,11,150,Low
2,5,clear,B,5,120,Low
2,5,clear,C,9,130,Low
2,6,clear,A,74,150,Moderate
2,6,clear,B,21,120,Low
2,6,clear,C,37,130,Low
2,7,clear,A,53,150,Moderate
2,7,clear,B,22,120,Low
2,7,clear,C,38,130,Low
2,8,clear,A,117,150,High
2,8,clear,B,33,120,Low
2,8,clear,C,58,130,Moderate
2,9,clear,A,91,150,Moderate
2,9,clear,B,40,120,Low
2,9,clear,C,77,130,Moderate
2,10,clear,A,92,150,Moderate
2,10,clear,B,33,120,Low
2,10,clear,C,65,130,Moderate
2,11,clear,A,95,150,Moderate
2,11,clear,B,41,120,Low
2,11,clear,C,41,130,Low
2,12,clear,A,48,150,Low
2,12,clear,B,17,120,Low
2,12,clear,C,22,130,Low
2,13,clear,A,47,150,Low
2,13,clear,B,17,120,Low
2,13,clear,C,33,130,Low
2,14,clear,A,64,150,Moderate
2,14,clear,B,19,120,Low
2,14,clear,C,29,130,Low
2,15,clear,A,54,150,Moderate
2,15,clear,B,23,120,Low
2,15,clear,C,29,130,Low
2,16,clear,A,47,150,Low
2,16,clear,B,21,120,Low
2,16,clear,C,33,130,Low
2,17,clear,A,120,150,High
2,17,clear,B,39,120,Low
2,17,clear,C,77,130,Moderate
2,18,clear,A,92,150,Moderate
2,18,clear,B,39,120,Low
2,18,clear,C,67,130,Moderate
2,19,clear,A,89,150,Moderate
2,19,clear,B,30,120,Low
2,19,clear,C,77,130,Moderate
2,20,clear,A,104,150,High
2,20,clear,B,33,120,Low
2,20,clear,C,68,130,Moderate
2,21,clear,A,64,150,Moderate
2,21,clear,B,13,120,Low
2,21,clear,C,27,130,Low
2,22,clear,A,47,150,Low
2,22,clear,B,24,120,Low
2,22,clear,C,36,130,Low
2,23,clear,A,61,150,Moderate
2,23,clear,B,16,120,Low
2,23,clear,C,29,130,Low
3,0,clear,A,13,150,Low
3,0,clear,B,5,120,Low
3,0,clear,C,8,130,Low
3,1,clear,A,14,150,Low
3,1,clear,B,5,120,Low
3,1,clear,C,9,130,Low
3,2,clear,A,15,150,Low
3,2,clear,B,3,120,Low
3,2,clear,C,5,130,Low
3,3,clear,A,15,150,Low
3,3,clear,B,5,120,Low
3,3,clear,C,7,130,Low
3,4,clear,A,9,150,Low
3,4,clear,B,5,120,Low
3,4,clear,C,9,130,Low
3,5,clear,A,17,150,Low
3,5,clear,B,5,120,Low
3,5,clear,C,8,130,Low
3,6,clear,A,47,150,Low
3,6,clear,B,20,120,Low
3,6,clear,C,33,130,Low
3,7,clear,A,46,150,Low
3,7,clear,B,26,120,Low
3,7,clear,C,44,130,Low
3,8,clear,A,115,150,High
3,8,clear,B,31,120,Low
3,8,clear,C,71,130,Moderate
3,9,clear,A,108,150,High
3,9,clear,B,38,120,Low
3,9,clear,C,74,130,Moderate
3,10,clear,A,108,150,High
3,10,clear,B,39,120,Low
3,10,clear,C,69,130,Moderate
3,11,clear,A,104,150,High
3,11,clear,B,26,120,Low
3,11,clear,C,63,130,Moderate
3,12,clear,A,50,150,Low
3,12,clear,B,16,120,Low
3,12,clear,C,43,130,Low
3,13,clear,A,69,150,Moderate
3,13,clear,B,24,120,Low
3,13,clear,C,36,130,Low
3,14,clear,A,66,150,Moderate
3,14,clear,B,20,120,Low
3,14,clear,C,36,130,Low
3,15,clear,A,45,150,Low
3,15,clear,B,21,120,Low
3,15,clear,C,35,130,Low
3,16,clear,A,44,150,Low
3,16,clear,B,19,120,Low
3,16,clear,C,34,130,Low
3,17,clear,A,139,150,High
3,17,clear,B,45,120,Moderate
3,17,clear,C,70,130,Moderate
3,18,clear,A,114,150,High
3,18,clear,B,40,120,Low
3,18,clear,C,67,130,Moderate
3,19,clear,A,92,150,Moderate
3,19,clear,B,39,120,Low
3,19,clear,C,62,130,Moderate
3,20,clear,A,89,150,Moderate
3,20,clear,B,43,120,Moderate
3,20,clear,C,74,130,Moderate
3,21,clear,A,40,150,Low
3,21,clear,B,19,120,Low
3,21,clear,C,40,130,Low
3,22,clear,A,63,150,Moderate
3,22,clear,B,23,120,Low
3,22,clear,C,35,130,Low
3,23,clear,A,48,150,Low
3,23,clear,B,16,120,Low
3,23,clear,C,36,130,Low
4,0,clear,A,16,150,Low
4,0,clear,B,5,120,Low
4,0,clear,C,8,130,Low
4,1,clear,A,11,150,Low
4,1,clear,B,4,120,Low
4,1,clear,C,9,130,Low
4,2,clear,A,13,150,Low
4,2,clear,B,4,120,Low
4,2,clear,C,9,130,Low
4,3,clear,A,12,150,Low
4,3,clear,B,4,120,Low
4,3,clear,C,9,130,Low
4,4,clear,A,12,150,Low
4,4,clear,B,5,120,Low
4,4,clear,C,9,130,Low
4,5,clear,A,11,150,Low
4,5,clear,B,4,120,Low
4,5,clear,C,10,130,Low
4,6,clear,A,45,150,Low
4,6,clear,B,13,120,Low
4,6,clear,C,25,130,Low
4,7,clear,A,55,150,Moderate
4,7,clear,B,20,120,Low
4,7,clear,C,34,130,Low
4,8,clear,A,117,150,High
4,8,clear,B,21,120,Low
4,8,clear,C,66,130,Moderate
4,9,clear,A,122,150,High
4,9,clear,B,29,120,Low
4,9,clear,C,59,130,Moderate
4,10,clear,A,87,150,Moderate
4,10,clear,B,31,120,Low
4,10,clear,C,59,130,Moderate
4,11,clear,A,120,150,High
4,11,clear,B,45,120,Moderate
4,11,clear,C,59,130,Moderate
4,12,clear,A,70,150,Moderate
4,12,clear,B,20,120,Low
4,12,clear,C,44,130,Low
4,13,clear,A,54,150,Moderate
4,13,clear,B,20,120,Low
4,13,clear,C,36,130,Low
4,14,clear,A,81,150,Moderate
4,14,clear,B,22,120,Low
4,14,clear,C,31,130,Low
4,15,clear,A,62,150,Moderate
4,15,clear,B,18,120,Low
4,15,clear,C,32,130,Low
4,16,clear,A,62,150,Moderate
4,16,clear,B,20,120,Low
4,16,clear,C,36,130,Low
4,17,clear,A,110,150,High
4,17,clear,B,42,120,Moderate
4,17,clear,C,74,130,Moderate
4,18,clear,A,78,150,Moderate
4,18,clear,B,43,120,Moderate
4,18,clear,C,59,130,Moderate
4,19,clear,A,86,150,Moderate
4,19,clear,B,39,120,Low
4,19,clear,C,70,130,Moderate
4,20,clear,A,98,150,High
4,20,clear,B,44,120,Moderate
4,20,clear,C,55,130,Moderate
4,21,clear,A,51,150,Low
4,21,clear,B,18,120,Low
4,21,clear,C,34,130,Low
4,22,clear,A,57,150,Moderate
4,22,clear,B,16,120,Low
4,22,clear,C,38,130,Low
4,23,clear,A,55,150,Moderate
4,23,clear,B,14,120,Low
4,23,clear,C,24,130,Low
5,0,clear,A,9,150,Low
5,0,clear,B,3,120,Low
5,0,clear,C,6,130,Low
5,1,clear,A,9,150,Low
5,1,clear,B,3,120,Low
5,1,clear,C,5,130,Low
5,2,clear,A,7,150,Low
5,2,clear,B,2,120,Low
5,2,clear,C,6,130,Low
5,3,clear,A,11,150,Low
5,3,clear,B,3,120,Low
5,3,clear,C,3,130,Low
5,4,clear,A,7,150,Low
5,4,clear,B,3,120,Low
5,4,clear,C,5,130,Low
5,5,clear,A,9,150,Low
5,5,clear,B,3,120,Low
5,5,clear,C,5,130,Low
5,6,clear,A,44,150,Low
5,6,clear,B,12,120,Low
5,6,clear,C,21,130,Low
5,7,clear,A,41,150,Low
5,7,clear,B,10,120,Low
5,7,clear,C,25,130,Low
5,8,clear,A,70,150,Moderate
5,8,clear,B,24,120,Low
5,8,clear,C,54,130,Moderate
5,9,clear,A,62,150,Moderate
5,9,clear,B,32,120,Low
5,9,clear,C,42,130,Low
5,10,clear,A,56,150,Moderate
5,10,clear,B,25,120,Low
5,10,clear,C,36,130,Low
5,11,clear,A,61,150,Moderate
5,11,clear,B,26,120,Low
5,11,clear,C,47,130,Moderate
5,12,clear,A,34,150,Low
5,12,clear,B,16,120,Low
5,12,clear,C,28,130,Low
5,13,clear,A,46,150,Low
5,13,clear,B,15,120,Low
5,13,clear,C,29,130,Low
5,14,clear,A,27,150,Low
5,14,clear,B,13,120,Low
5,14,clear,C,21,130,Low
5,15,clear,A,39,150,Low
5,15,clear,B,12,120,Low
5,15,clear,C,23,130,Low
5,16,clear,A,49,150,Low
5,16,clear,B,13,120,Low
5,16,clear,C,26,130,Low
5,17,clear,A,74,150,Moderate
5,17,clear,B,28,120,Low
5,17,clear,C,49,130,Moderate
5,18,clear,A,82,150,Moderate
5,18,clear,B,32,120,Low
5,18,clear,C,61,130,Moderate
5,19,clear,A,80,150,Moderate
5,19,clear,B,30,120,Low
5,19,clear,C,40,130,Low
5,20,clear,A,75,150,Moderate
5,20,clear,B,31,120,Low
5,20,clear,C,55,130,Moderate
5,21,clear,A,39,150,Low
5,21,clear,B,15,120,Low
5,21,clear,C,26,130,Low
5,22,clear,A,45,150,Low
5,22,clear,B,14,120,Low
5,22,clear,C,23,130,Low
5,23,clear,A,40,150,Low
5,23,clear,B,7,120,Low
5,23,clear,C,25,130,Low
6,0,clear,A,7,150,Low
6,0,clear,B,3,120,Low
6,0,clear,C,6,130,Low
6,1,clear,A,7,150,Low
6,1,clear,B,3,120,Low
6,1,clear,C,7,130,Low
6,2,clear,A,8,150,Low
6,2,clear,B,4,120,Low
6,2,clear,C,6,130,Low
6,3,clear,A,10,150,Low
6,3,clear,B,4,120,Low
6,3,clear,C,6,130,Low
6,4,clear,A,8,150,Low
6,4,clear,B,3,120,Low
6,4,clear,C,6,130,Low
6,5,clear,A,7,150,Low
6,5,clear,B,3,120,Low
6,5,clear,C,5,130,Low
6,6,clear,A,43,150,Low
6,6,clear,B,14,120,Low
6,6,clear,C,23,130,Low
6,7,clear,A,37,150,Low
6,7,clear,B,14,120,Low
6,7,clear,C,26,130,Low
6,8,clear,A,58,150,Moderate
6,8,clear,B,21,120,Low
6,8,clear,C,51,130,Moderate
6,9,clear,A,65,150,Moderate
6,9,clear,B,19,120,Low
6,9,clear,C,47,130,Moderate
6,10,clear,A,74,150,Moderate
6,10,clear,B,19,120,Low
6,10,clear,C,45,130,Low
6,11,clear,A,76,150,Moderate
6,11,clear,B,26,120,Low
6,11,clear,C,48,130,Moderate
6,12,clear,A,30,150,Low
6,12,clear,B,14,120,Low
6,12,clear,C,23,130,Low
6,13,clear,A,35,150,Low
6,13,clear,B,15,120,Low
6,13,clear,C,29,130,Low
6,14,clear,A,48,150,Low
6,14,clear,B,16,120,Low
6,14,clear,C,24,130,Low
6,15,clear,A,40,150,Low
6,15,clear,B,15,120,Low
6,15,clear,C,24,130,Low
6,16,clear,A,39,150,Low
6,16,clear,B,15,120,Low
6,16,clear,C,24,130,Low
6,17,clear,A,68,150,Moderate
6,17,clear,B,26,120,Low
6,17,clear,C,53,130,Moderate
6,18,clear,A,77,150,Moderate
6,18,clear,B,29,120,Low
6,18,clear,C,53,130,Moderate
6,19,clear,A,72,150,Moderate
6,19,clear,B,31,120,Low
6,19,clear,C,51,130,Moderate
6,20,clear,A,62,150,Moderate
6,20,clear,B,34,120,Low
6,20,clear,C,45,130,Low
6,21,clear,A,28,150,Low
6,21,clear,B,11,120,Low
6,21,clear,C,20,130,Low
6,22,clear,A,38,150,Low
6,22,clear,B,13,120,Low
6,22,clear,C,23,130,Low
6,23,clear,A,42,150,Low
6,23,clear,B,14,120,Low
6,23,clear,C,25,130,Low
0,0,clear,A,15,150,Low
0,0,clear,B,3,120,Low
0,0,clear,C,8,130,Low
0,1,clear,A,9,150,Low
0,1,clear,B,5,120,Low
0,1,clear,C,8,130,Low
0,2,clear,A,15,150,Low
0,2,clear,B,5,120,Low
0,2,clear,C,9,130,Low
0,3,clear,A,12,150,Low
0,3,clear,B,5,120,Low
0,3,clear,C,8,130,Low
0,4,clear,A,13,150,Low
0,4,clear,B,5,120,Low
0,4,clear,C,8,130,Low
0,5,clear,A,15,150,Low
0,5,clear,B,5,120,Low
0,5,clear,C,7,130,Low
0,6,clear,A,63,150,Moderate
0,6,clear,B,22,120,Low
0,6,clear,C,35,130,Low
0,7,clear,A,48,150,Low
0,7,clear,B,17,120,Low
0,7,clear,C,32,130,Low
0,8,clear,A,107,150,High
0,8,clear,B,30,120,Low
0,8,clear,C,67,130,Moderate
0,9,clear,A,80,150,Moderate
0,9,clear,B,34,120,Low
0,9,clear,C,64,130,Moderate
0,10,clear,A,135,150,High
0,10,clear,B,28,120,Low
0,10,clear,C,76,130,Moderate
0,11,clear,A,101,150,High
0,11,clear,B,38,120,Low
0,11,clear,C,64,130,Moderate
0,12,clear,A,58,150,Moderate
0,12,clear,B,19,120,Low
0,12,clear,C,42,130,Low
0,13,clear,A,51,150,Low
0,13,clear,B,23,120,Low
0,13,clear,C,31,130,Low
0,14,clear,A,54,150,Moderate
0,14,clear,B,16,120,Low
0,14,clear,C,37,130,Low
0,15,clear,A,66,150,Moderate
0,15,clear,B,19,120,Low
0,15,clear,C,33,130,Low
0,16,clear,A,45,150,Low
0,16,clear,B,19,120,Low
0,16,clear,C,26,130,Low
0,17,clear,A,94,150,Moderate
0,17,clear,B,41,120,Low
0,17,clear,C,83,130,Moderate
0,18,clear,A,156,150,High
0,18,clear,B,36,120,Low
0,18,clear,C,85,130,High
0,19,clear,A,114,150,High
0,19,clear,B,39,120,Low
0,19,clear,C,74,130,Moderate
0,20,clear,A,111,150,High
0,20,clear,B,40,120,Low
0,20,clear,C,65,130,Moderate
0,21,clear,A,43,150,Low
0,21,clear,B,15,120,Low
0,21,clear,C,38,130,Low
0,22,clear,A,52,150,Low
0,22,clear,B,18,120,Low
0,22,clear,C,35,130,Low
0,23,clear,A,61,150,Moderate
0,23,clear,B,20,120,Low
0,23,clear,C,31,130,Low
1,0,fog,A,14,150,Low
1,0,fog,B,6,120,Low
1,0,fog,C,10,130,Low
1,1,fog,A,17,150,Low
1,1,fog,B,6,120,Low
1,1,fog,C,11,130,Low
1,2,fog,A,16,150,Low
1,2,fog,B,5,120,Low
1,2,fog,C,10,130,Low
1,3,fog,A,12,150,Low
1,3,fog,B,6,120,Low
1,3,fog,C,7,130,Low
1,4,fog,A,13,150,Low
1,4,fog,B,6,120,Low
1,4,fog,C,10,130,Low
1,5,fog,A,18,150,Low
1,5,fog,B,5,120,Low
1,5,fog,C,7,130,Low
1,6,fog,A,58,150,Moderate
1,6,fog,B,22,120,Low
1,6,fog,C,38,130,Low
1,7,fog,A,70,150,Moderate
1,7,fog,B,20,120,Low
1,7,fog,C,40,130,Low
1,8,fog,A,92,150,Moderate
1,8,fog,B,42,120,Moderate
1,8,fog,C,69,130,Moderate
1,9,fog,A,96,150,Moderate
1,9,fog,B,38,120,Low
1,9,fog,C,67,130,Moderate
1,10,fog,A,104,150,High
1,10,fog,B,50,120,Moderate
1,10,fog,C,68,130,Moderate
1,11,fog,A,104,150,High
1,11,fog,B,27,120,Low
1,11,fog,C,60,130,Moderate
1,12,fog,A,58,150,Moderate
1,12,fog,B,19,120,Low
1,12,fog,C,46,130,Moderate
1,13,fog,A,59,150,Moderate
1,13,fog,B,26,120,Low
1,13,fog,C,38,130,Low
1,14,fog,A,60,150,Moderate
1,14,fog,B,21,120,Low
1,14,fog,C,38,130,Low
1,15,fog,A,76,150,Moderate
1,15,fog,B,14,120,Low
1,15,fog,C,26,130,Low
1,16,fog,A,55,150,Moderate
1,16,fog,B,22,120,Low
1,16,fog,C,42,130,Low
1,17,fog,A,129,150,High
1,17,fog,B,41,120,Low
1,17,fog,C,88,130,High
1,18,fog,A,139,150,High
1,18,fog,B,45,120,Moderate
1,18,fog,C,88,130,High
1,19,fog,A,125,150,High
1,19,fog,B,40,120,Low
1,19,fog,C,85,130,High
1,20,fog,A,123,150,High
1,20,fog,B,44,120,Moderate
1,20,fog,C,94,130,High
1,21,fog,A,38,150,Low
1,21,fog,B,17,120,Low
1,21,fog,C,31,130,Low
1,22,fog,A,57,150,Moderate
1,22,fog,B,21,120,Low
1,22,fog,C,29,130,Low
1,23,fog,A,51,150,Low
1,23,fog,B,19,120,Low
1,23,fog,C,52,130,Moderate
2,0,clear,A,12,150,Low
2,0,clear,B,4,120,Low
2,0,clear,C,7,130,Low
2,1,clear,A,9,150,Low
2,1,clear,B,4,120,Low
2,1,clear,C,7,130,Low
2,2,clear,A,13,150,Low
2,2,clear,B,3,120,Low
2,2,clear,C,7,130,Low
2,3,clear,A,14,150,Low
2,3,clear,B,5,120,Low
2,3,clear,C,9,130,Low
2,4,clear,A,11,150,Low
2,4,clear,B,5,120,Low
2,4,clear,C,7,130,Low
2,5,clear,A,15,150,Low
2,5,clear,B,4,120,Low
2,5,clear,C,6,130,Low
2,6,clear,A,52,150,Low
2,6,clear,B,21,120,Low
2,6,clear,C,38,130,Low
2,7,clear,A,53,150,Moderate
2,7,clear,B,24,120,Low
2,7,clear,C,40,130,Low
2,8,clear,A,95,150,Moderate
2,8,clear,B,40,120,Low
2,8,clear,C,81,130,Moderate
2,9,clear,A,128,150,High
2,9,clear,B,29,120,Low
2,9,clear,C,54,130,Moderate
2,10,clear,A,121,150,High
2,10,clear,B,30,120,Low
2,10,clear,C,50,130,Moderate
2,11,clear,A,91,150,Moderate
2,11,clear,B,38,120,Low
2,11,clear,C,62,130,Moderate
2,12,clear,A,49,150,Low
2,12,clear,B,17,120,Low
2,12,clear,C,31,130,Low
2,13,clear,A,47,150,Low
2,13,clear,B,26,120,Low
2,13,clear,C,36,130,Low
2,14,clear,A,62,150,Moderate
2,14,clear,B,18,120,Low
2,14,clear,C,34,130,Low
2,15,clear,A,49,150,Low
2,15,clear,B,12,120,Low
2,15,clear,C,27,130,Low
2,16,clear,A,40,150,Low
2,16,clear,B,13,120,Low
2,16,clear,C,28,130,Low
2,17,clear,A,131,150,High
2,17,clear,B,39,120,Low
2,17,clear,C,83,130,Moderate
2,18,clear,A,116,150,High
2,18,clear,B,44,120,Moderate
2,18,clear,C,60,130,Moderate
2,19,clear,A,118,150,High
2,19,clear,B,44,120,Moderate
2,19,clear,C,63,130,Moderate
2,20,clear,A,119,150,High
2,20,clear,B,43,120,Moderate
2,20,clear,C,64,130,Moderate
2,21,clear,A,45,150,Low
2,21,clear,B,16,120,Low
2,21,clear,C,35,130,Low
2,22,clear,A,57,150,Moderate
2,22,clear,B,17,120,Low
2,22,clear,C,35,130,Low
2,23,clear,A,59,150,Moderate
2,23,clear,B,21,120,Low
2,23,clear,C,43,130,Low
3,0,rain,A,14,150,Low
3,0,rain,B,7,120,Low
3,0,rain,C,9,130,Low
3,1,rain,A,19,150,Low
3,1,rain,B,6,120,Low
3,1,rain,C,9,130,Low
3,2,rain,A,12,150,Low
3,2,rain,B,5,120,Low
3,2,rain,C,8,130,Low
3,3,rain,A,18,150,Low
3,3,rain,B,7,120,Low
3,3,rain,C,9,130,Low
3,4,rain,A,17,150,Low
3,4,rain,B,5,120,Low
3,4,rain,C,9,130,Low
3,5,rain,A,18,150,Low
3,5,rain,B,5,120,Low
3,5,rain,C,13,130,Low
3,6,rain,A,61,150,Moderate
3,6,rain,B,27,120,Low
3,6,rain,C,42,130,Low
3,7,rain,A,73,150,Moderate
3,7,rain,B,22,120,Low
3,7,rain,C,41,130,Low
3,8,rain,A,116,150,High
3,8,rain,B,37,120,Low
3,8,rain,C,83,130,Moderate
3,9,rain,A,130,150,High
3,9,rain,B,47,120,Moderate
3,9,rain,C,93,130,High
3,10,rain,A,144,150,High
3,10,rain,B,40,120,Low
3,10,rain,C,79,130,Moderate
3,11,rain,A,107,150,High
3,11,rain,B,43,120,Moderate
3,11,rain,C,68,130,Moderate
3,12,rain,A,82,150,Moderate
3,12,rain,B,25,120,Low
3,12,rain,C,40,130,Low
3,13,rain,A,77,150,Moderate
3,13,rain,B,16,120,Low
3,13,rain,C,29,130,Low
3,14,rain,A,73,150,Moderate
3,14,rain,B,24,120,Low
3,14,rain,C,43,130,Low
3,15,rain,A,52,150,Low
3,15,rain,B,23,120,Low
3,15,rain,C,54,130,Moderate
3,16,rain,A,74,150,Moderate
3,16,rain,B,24,120,Low
3,16,rain,C,39,130,Low
3,17,rain,A,124,150,High
3,17,rain,B,32,120,Low
3,17,rain,C,87,130,High
3,18,rain,A,148,150,High
3,18,rain,B,36,120,Low
3,18,rain,C,75,130,Moderate
3,19,rain,A,109,150,High
3,19,rain,B,41,120,Low
3,19,rain,C,84,130,Moderate
3,20,rain,A,90,150,Moderate
3,20,rain,B,52,120,Moderate
3,20,rain,C,93,130,High
3,21,rain,A,63,150,Moderate
3,21,rain,B,15,120,Low
3,21,rain,C,35,130,Low
3,22,rain,A,78,150,Moderate
3,22,rain,B,13,120,Low
3,22,rain,C,39,130,Low
3,23,rain,A,54,150,Moderate
3,23,rain,B,26,120,Low
3,23,rain,C,37,130,Low
4,0,clear,A,14,150,Low
4,0,clear,B,6,120,Low
4,0,clear,C,8,130,Low
4,1,clear,A,14,150,Low
4,1,clear,B,3,120,Low
4,1,clear,C,10,130,Low
4,2,clear,A,12,150,Low
4,2,clear,B,4,120,Low
4,2,clear,C,8,130,Low
4,3,clear,A,10,150,Low
4,3,clear,B,5,120,Low
4,3,clear,C,10,130,Low
4,4,clear,A,14,150,Low
4,4,clear,B,3,120,Low
4,4,clear,C,8,130,Low
4,5,clear,A,15,150,Low
4,5,clear,B,3,120,Low
4,5,clear,C,7,130,Low
4,6,clear,A,62,150,Moderate
4,6,clear,B,20,120,Low
4,6,clear,C,37,130,Low
4,7,clear,A,70,150,Moderate
4,7,clear,B,21,120,Low
4,7,clear,C,38,130,Low
4,8,clear,A,139,150,High
4,8,clear,B,34,120,Low
4,8,clear,C,55,130,Moderate
4,9,clear,A,105,150,High
4,9,clear,B,38,120,Low
4,9,clear,C,58,130,Moderate
4,10,clear,A,83,150,Moderate
4,10,clear,B,48,120,Moderate
4,10,clear,C,66,130,Moderate
4,11,clear,A,88,150,Moderate
4,11,clear,B,40,120,Low
4,11,clear,C,61,130,Moderate
4,12,clear,A,52,150,Low
4,12,clear,B,21,120,Low
4,12,clear,C,28,130,Low
4,13,clear,A,57,150,Moderate
4,13,clear,B,25,120,Low
4,13,clear,C,37,130,Low
4,14,clear,A,51,150,Low
4,14,clear,B,18,120,Low
4,14,clear,C,32,130,Low
4,15,clear,A,52,150,Low
4,15,clear,B,18,120,Low
4,15,clear,C,39,130,Low
4,16,clear,A,40,150,Low
4,16,clear,B,22,120,Low
4,16,clear,C,33,130,Low
4,17,clear,A,116,150,High
4,17,clear,B,33,120,Low
4,17,clear,C,83,130,Moderate
4,18,clear,A,130,150,High
4,18,clear,B,45,120,Moderate
4,18,clear,C,54,130,Moderate
4,19,clear,A,123,150,High
4,19,clear,B,42,120,Moderate
4,19,clear,C,53,130,Moderate
4,20,clear,A,109,150,High
4,20,clear,B,42,120,Moderate
4,20,clear,C,75,130,Moderate
4,21,clear,A,56,150,Moderate
4,21,clear,B,20,120,Low
4,21,clear,C,42,130,Low
4,22,clear,A,65,150,Moderate
4,22,clear,B,11,120,Low
4,22,clear,C,33,130,Low
4,23,clear,A,53,150,Moderate
4,23,clear,B,14,120,Low
4,23,clear,C,35,130,Low
5,0,clear,A,8,150,Low
5,0,clear,B,3,120,Low
5,0,clear,C,5,130,Low
5,1,clear,A,8,150,Low
5,1,clear,B,4,120,Low
5,1,clear,C,5,130,Low
5,2,clear,A,10,150,Low
5,2,clear,B,2,120,Low
5,2,clear,C,7,130,Low
5,3,clear,A,10,150,Low
5,3,clear,B,3,120,Low
5,3,clear,C,6,130,Low
5,4,clear,A,7,150,Low
5,4,clear,B,4,120,Low
5,4,clear,C,5,130,Low
5,5,clear,A,9,150,Low
5,5,clear,B,3,120,Low
5,5,clear,C,5,130,Low
5,6,clear,A,42,150,Low
5,6,clear,B,14,120,Low
5,6,clear,C,26,130,Low
5,7,clear,A,38,150,Low
5,7,clear,B,15,120,Low
5,7,clear,C,22,130,Low
5,8,clear,A,92,150,Moderate
5,8,clear,B,19,120,Low
5,8,clear,C,52,130,Moderate
5,9,clear,A,83,150,Moderate
5,9,clear,B,21,120,Low
5,9,clear,C,58,130,Moderate
5,10,clear,A,79,150,Moderate
5,10,clear,B,28,120,Low
5,10,clear,C,44,130,Low
5,11,clear,A,67,150,Moderate
5,11,clear,B,24,120,Low
5,11,clear,C,46,130,Moderate
5,12,clear,A,46,150,Low
5,12,clear,B,14,120,Low
5,12,clear,C,21,130,Low
5,13,clear,A,43,150,Low
5,13,clear,B,15,120,Low
5,13,clear,C,26,130,Low
5,14,clear,A,42,150,Low
5,14,clear,B,13,120,Low
5,14,clear,C,21,130,Low
5,15,clear,A,33,150,Low
5,15,clear,B,10,120,Low
5,15,clear,C,25,130,Low
5,16,clear,A,38,150,Low
5,16,clear,B,13,120,Low
5,16,clear,C,13,130,Low
5,17,clear,A,62,150,Moderate
5,17,clear,B,32,120,Low
5,17,clear,C,44,130,Low
5,18,clear,A,81,150,Moderate
5,18,clear,B,22,120,Low
5,18,clear,C,59,130,Moderate
5,19,clear,A,75,150,Moderate
5,19,clear,B,29,120,Low
5,19,clear,C,66,130,Moderate
5,20,clear,A,94,150,Moderate
5,20,clear,B,26,120,Low
5,20,clear,C,44,130,Low
5,21,clear,A,36,150,Low
5,21,clear,B,15,120,Low
5,21,clear,C,24,130,Low
5,22,clear,A,36,150,Low
5,22,clear,B,17,120,Low
5,22,clear,C,24,130,Low
5,23,clear,A,51,150,Low
5,23,clear,B,14,120,Low
5,23,clear,C,31,130,Low
6,0,clear,A,11,150,Low
6,0,clear,B,3,120,Low
6,0,clear,C,5,130,Low
6,1,clear,A,10,150,Low
6,1,clear,B,4,120,Low
6,1,clear,C,6,130,Low
6,2,clear,A,7,150,Low
6,2,clear,B,2,120,Low
6,2,clear,C,4,130,Low
6,3,clear,A,7,150,Low
6,3,clear,B,3,120,Low
6,3,clear,C,7,130,Low
6,4,clear,A,9,150,Low
6,4,clear,B,2,120,Low
6,4,clear,C,5,130,Low
6,5,clear,A,9,150,Low
6,5,clear,B,4,120,Low
6,5,clear,C,4,130,Low
6,6,clear,A,36,150,Low
6,6,clear,B,17,120,Low
6,6,clear,C,26,130,Low
6,7,clear,A,41,150,Low
6,7,clear,B,14,120,Low
6,7,clear,C,25,130,Low
6,8,clear,A,77,150,Moderate
6,8,clear,B,22,120,Low
6,8,clear,C,49,130,Moderate
6,9,clear,A,55,150,Moderate
6,9,clear,B,26,120,Low
6,9,clear,C,45,130,Low
6,10,clear,A,62,150,Moderate
6,10,clear,B,25,120,Low
6,10,clear,C,39,130,Low
6,11,clear,A,58,150,Moderate
6,11,clear,B,23,120,Low
6,11,clear,C,36,130,Low
6,12,clear,A,40,150,Low
6,12,clear,B,11,120,Low
6,12,clear,C,27,130,Low
6,13,clear,A,31,150,Low
6,13,clear,B,12,120,Low
6,13,clear,C,22,130,Low
6,14,clear,A,46,150,Low
6,14,clear,B,14,120,Low
6,14,clear,C,23,130,Low
6,15,clear,A,41,150,Low
6,15,clear,B,9,120,Low
6,15,clear,C,24,130,Low
6,16,clear,A,50,150,Low
6,16,clear,B,14,120,Low
6,16,clear,C,24,130,Low
6,17,clear,A,83,150,Moderate
6,17,clear,B,31,120,Low
6,17,clear,C,34,130,Low
6,18,clear,A,57,150,Moderate
6,18,clear,B,28,120,Low
6,18,clear,C,43,130,Low
6,19,clear,A,92,150,Moderate
6,19,clear,B,26,120,Low
6,19,clear,C,34,130,Low
6,20,clear,A,62,150,Moderate
6,20,clear,B,16,120,Low
6,20,clear,C,47,130,Moderate
6,21,clear,A,37,150,Low
6,21,clear,B,13,120,Low
6,21,clear,C,28,130,Low
6,22,clear,A,45,150,Low
6,22,clear,B,13,120,Low
6,22,clear,C,16,130,Low
6,23,clear,A,42,150,Low
6,23,clear,B,15,120,Low
6,23,clear,C,25,130,Low
0,0,clear,A,11,150,Low
0,0,clear,B,6,120,Low
0,0,clear,C,7,130,Low
0,1,clear,A,15,150,Low
0,1,clear,B,3,120,Low
0,1,clear,C,7,130,Low
0,2,clear,A,16,150,Low
0,2,clear,B,4,120,Low
0,2,clear,C,9,130,Low
0,3,clear,A,14,150,Low
0,3,clear,B,4,120,Low
0,3,clear,C,10,130,Low
0,4,clear,A,13,150,Low
0,4,clear,B,3,120,Low
0,4,clear,C,7,130,Low
0,5,clear,A,14,150,Low
0,5,clear,B,5,120,Low
0,5,clear,C,6,130,Low
0,6,clear,A,49,150,Low
0,6,clear,B,18,120,Low
0,6,clear,C,33,130,Low
0,7,clear,A,43,150,Low
0,7,clear,B,18,120,Low
0,7,clear,C,31,130,Low
0,8,clear,A,110,150,High
0,8,clear,B,40,120,Low
0,8,clear,C,61,130,Moderate
0,9,clear,A,93,150,Moderate
0,9,clear,B,36,120,Low
0,9,clear,C,55,130,Moderate
0,10,clear,A,81,150,Moderate
0,10,clear,B,30,120,Low
0,10,clear,C,57,130,Moderate
0,11,clear,A,81,150,Moderate
0,11,clear,B,36,120,Low
0,11,clear,C,69,130,Moderate
0,12,clear,A,41,150,Low
0,12,clear,B,20,120,Low
0,12,clear,C,33,130,Low
0,13,clear,A,57,150,Moderate
0,13,clear,B,19,120,Low
0,13,clear,C,27,130,Low
0,14,clear,A,44,150,Low
0,14,clear,B,20,120,Low
0,14,clear,C,40,130,Low
0,15,clear,A,36,150,Low
0,15,clear,B,21,120,Low
0,15,clear,C,41,130,Low
0,16,clear,A,53,150,Moderate
0,16,clear,B,21,120,Low
0,16,clear,C,31,130,Low
0,17,clear,A,108,150,High
0,17,clear,B,30,120,Low
0,17,clear,C,45,130,Low
0,18,clear,A,125,150,High
0,18,clear,B,34,120,Low
0,18,clear,C,65,130,Moderate
0,19,clear,A,87,150,Moderate
0,19,clear,B,31,120,Low
0,19,clear,C,68,130,Moderate
0,20,clear,A,97,150,Moderate
0,20,clear,B,42,120,Moderate
0,20,clear,C,74,130,Moderate
0,21,clear,A,57,150,Moderate
0,21,clear,B,20,120,Low
0,21,clear,C,43,130,Low
0,22,clear,A,46,150,Low
0,22,clear,B,19,120,Low
0,22,clear,C,40,130,Low
0,23,clear,A,65,150,Moderate
0,23,clear,B,15,120,Low
0,23,clear,C,33,130,Low
1,0,clear,A,14,150,Low
1,0,clear,B,5,120,Low
1,0,clear,C,8,130,Low
1,1,clear,A,12,150,Low
1,1,clear,B,5,120,Low
1,1,clear,C,8,130,Low
1,2,clear,A,13,150,Low
1,2,clear,B,5,120,Low
1,2,clear,C,7,130,Low
1,3,clear,A,14,150,Low
1,3,clear,B,7,120,Low
1,3,clear,C,6,130,Low
1,4,clear,A,14,150,Low
1,4,clear,B,4,120,Low
1,4,clear,C,9,130,Low
1,5,clear,A,13,150,Low
1,5,clear,B,5,120,Low
1,5,clear,C,10,130,Low
1,6,clear,A,56,150,Moderate
1,6,clear,B,23,120,Low
1,6,clear,C,22,130,Low
1,7,clear,A,68,150,Moderate
1,7,clear,B,21,120,Low
1,7,clear,C,40,130,Low
1,8,clear,A,80,150,Moderate
1,8,clear,B,31,120,Low
1,8,clear,C,64,130,Moderate
1,9,clear,A,98,150,High
1,9,clear,B,37,120,Low
1,9,clear,C,73,130,Moderate
1,10,clear,A,72,150,Moderate
1,10,clear,B,41,120,Low
1,10,clear,C,63,130,Moderate
1,11,clear,A,95,150,Moderate
1,11,clear,B,28,120,Low
1,11,clear,C,67,130,Moderate
1,12,clear,A,35,150,Low
1,12,clear,B,21,120,Low
1,12,clear,C,27,130,Low
1,13,clear,A,55,150,Moderate
1,13,clear,B,19,120,Low
1,13,clear,C,41,130,Low
1,14,clear,A,53,150,Moderate
1,14,clear,B,17,120,Low
1,14,clear,C,32,130,Low
1,15,clear,A,65,150,Moderate
1,15,clear,B,21,120,Low
1,15,clear,C,32,130,Low
1,16,clear,A,53,150,Moderate
1,16,clear,B,15,120,Low
1,16,clear,C,37,130,Low
1,17,clear,A,80,150,Moderate
1,17,clear,B,44,120,Moderate
1,17,clear,C,71,130,Moderate
1,18,clear,A,149,150,High
1,18,clear,B,33,120,Low
1,18,clear,C,68,130,Moderate
1,19,clear,A,139,150,High
1,19,clear,B,47,120,Moderate
1,19,clear,C,62,130,Moderate
1,20,clear,A,113,150,High
1,20,clear,B,40,120,Low
1,20,clear,C,72,130,Moderate
1,21,clear,A,49,150,Low
1,21,clear,B,19,120,Low
1,21,clear,C,26,130,Low
1,22,clear,A,56,150,Moderate
1,22,clear,B,21,120,Low
1,22,clear,C,33,130,Low
1,23,clear,A,41,150,Low
1,23,clear,B,22,120,Low
1,23,clear,C,36,130,Low
2,0,rain,A,15,150,Low
2,0,rain,B,4,120,Low
2,0,rain,C,8,130,Low
2,1,rain,A,15,150,Low
2,1,rain,B,7,120,Low
2,1,rain,C,9,130,Low
2,2,rain,A,18,150,Low
2,2,rain,B,5,120,Low
2,2,rain,C,10,130,Low
2,3,rain,A,16,150,Low
2,3,rain,B,6,120,Low
2,3,rain,C,9,130,Low
2,4,rain,A,12,150,Low
2,4,rain,B,4,120,Low
2,4,rain,C,9,130,Low
2,5,rain,A,13,150,Low
2,5,rain,B,6,120,Low
2,5,rain,C,9,130,Low
2,6,rain,A,89,150,Moderate
2,6,rain,B,17,120,Low
2,6,rain,C,43,130,Low
2,7,rain,A,54,150,Moderate
2,7,rain,B,22,120,Low
2,7,rain,C,42,130,Low
2,8,rain,A,77,150,Moderate
2,8,rain,B,44,120,Moderate
2,8,rain,C,97,130,High
2,9,rain,A,110,150,High
2,9,rain,B,44,120,Moderate
2,9,rain,C,87,130,High
2,10,rain,A,115,150,High
2,10,rain,B,39,120,Low
2,10,rain,C,49,130,Moderate
2,11,rain,A,130,150,High
2,11,rain,B,42,120,Moderate
2,11,rain,C,64,130,Moderate
2,12,rain,A,67,150,Moderate
2,12,rain,B,21,120,Low
2,12,rain,C,38,130,Low
2,13,rain,A,72,150,Moderate
2,13,rain,B,19,120,Low
2,13,rain,C,48,130,Moderate
2,14,rain,A,52,150,Low
2,14,rain,B,21,120,Low
2,14,rain,C,54,130,Moderate
2,15,rain,A,77,150,Moderate
2,15,rain,B,24,120,Low
2,15,rain,C,36,130,Low
2,16,rain,A,60,150,Moderate
2,16,rain,B,24,120,Low
2,16,rain,C,42,130,Low
2,17,rain,A,130,150,High
2,17,rain,B,47,120,Moderate
2,17,rain,C,81,130,Moderate
2,18,rain,A,103,150,High
2,18,rain,B,44,120,Moderate
2,18,rain,C,95,130,High
2,19,rain,A,104,150,High
2,19,rain,B,46,120,Moderate
2,19,rain,C,73,130,Moderate
2,20,rain,A,134,150,High
2,20,rain,B,45,120,Moderate
2,20,rain,C,102,130,High
2,21,rain,A,71,150,Moderate
2,21,rain,B,19,120,Low
2,21,rain,C,46,130,Moderate
2,22,rain,A,58,150,Moderate
2,22,rain,B,21,120,Low
2,22,rain,C,43,130,Low
2,23,rain,A,61,150,Moderate
2,23,rain,B,27,120,Low
2,23,rain,C,37,130,Low
3,0,rain,A,14,150,Low
3,0,rain,B,5,120,Low
3,0,rain,C,12,130,Low
3,1,rain,A,18,150,Low
3,1,rain,B,7,120,Low
3,1,rain,C,14,130,Low
3,2,rain,A,13,150,Low
3,2,rain,B,6,120,Low
3,2,rain,C,8,130,Low
3,3,rain,A,14,150,Low
3,3,rain,B,5,120,Low
3,3,rain,C,8,130,Low
3,4,rain,A,13,150,Low
3,4,rain,B,5,120,Low
3,4,rain,C,8,130,Low
3,5,rain,A,18,150,Low
3,5,rain,B,5,120,Low
3,5,rain,C,14,130,Low
3,6,rain,A,61,150,Moderate
3,6,rain,B,24,120,Low
3,6,rain,C,33,130,Low
3,7,rain,A,82,150,Moderate
3,7,rain,B,28,120,Low
3,7,rain,C,43,130,Low
3,8,rain,A,94,150,Moderate
3,8,rain,B,44,120,Moderate
3,8,rain,C,62,130,Moderate
3,9,rain,A,144,150,High
3,9,rain,B,48,120,Moderate
3,9,rain,C,76,130,Moderate
3,10,rain,A,75,150,Moderate
3,10,rain,B,36,120,Low
3,10,rain,C,83,130,Moderate
3,11,rain,A,140,150,High
3,11,rain,B,50,120,Moderate
3,11,rain,C,57,130,Moderate
3,12,rain,A,68,150,Moderate
3,12,rain,B,27,120,Low
3,12,rain,C,31,130,Low
3,13,rain,A,65,150,Moderate
3,13,rain,B,24,120,Low
3,13,rain,C,40,130,Low
3,14,rain,A,47,150,Low
3,14,rain,B,22,120,Low
3,14,rain,C,39,130,Low
3,15,rain,A,64,150,Moderate
3,15,rain,B,21,120,Low
3,15,rain,C,39,130,Low
3,16,rain,A,65,150,Moderate
3,16,rain,B,25,120,Low
3,16,rain,C,40,130,Low
3,17,rain,A,123,150,High
3,17,rain,B,48,120,Moderate
3,17,rain,C,59,130,Moderate
3,18,rain,A,141,150,High
3,18,rain,B,47,120,Moderate
3,18,rain,C,84,130,Moderate
3,19,rain,A,151,150,High
3,19,rain,B,33,120,Low
3,19,rain,C,59,130,Moderate
3,20,rain,A,137,150,High
3,20,rain,B,47,120,Moderate
3,20,rain,C,86,130,High
3,21,rain,A,61,150,Moderate
3,21,rain,B,26,120,Low
3,21,rain,C,47,130,Moderate
3,22,rain,A,70,150,Moderate
3,22,rain,B,23,120,Low
3,22,rain,C,28,130,Low
3,23,rain,A,73,150,Moderate
3,23,rain,B,28,120,Low
3,23,rain,C,46,130,Moderate
4,0,rain,A,18,150,Low
4,0,rain,B,6,120,Low
4,0,rain,C,12,130,Low
4,1,rain,A,14,150,Low
4,1,rain,B,5,120,Low
4,1,rain,C,11,130,Low
4,2,rain,A,16,150,Low
4,2,rain,B,4,120,Low
4,2,rain,C,11,130,Low
4,3,rain,A,17,150,Low
4,3,rain,B,6,120,Low
4,3,rain,C,10,130,Low
4,4,rain,A,15,150,Low
4,4,rain,B,7,120,Low
4,4,rain,C,9,130,Low
4,5,rain,A,15,150,Low
4,5,rain,B,6,120,Low
4,5,rain,C,11,130,Low
4,6,rain,A,51,150,Low
4,6,rain,B,19,120,Low
4,6,rain,C,29,130,Low
4,7,rain,A,66,150,Moderate
4,7,rain,B,19,120,Low
4,7,rain,C,39,130,Low
4,8,rain,A,130,150,High
4,8,rain,B,39,120,Low
4,8,rain,C,78,130,Moderate
4,9,rain,A,113,150,High
4,9,rain,B,47,120,Moderate
4,9,rain,C,80,130,Moderate
4,10,rain,A,106,150,High
4,10,rain,B,42,120,Moderate
4,10,rain,C,87,130,High
4,11,rain,A,125,150,High
4,11,rain,B,34,120,Low
4,11,rain,C,83,130,Moderate
4,12,rain,A,55,150,Moderate
4,12,rain,B,29,120,Low
4,12,rain,C,48,130,Moderate
4,13,rain,A,68,150,Moderate
4,13,rain,B,24,120,Low
4,13,rain,C,40,130,Low
4,14,rain,A,72,150,Moderate
4,14,rain,B,22,120,Low
4,14,rain,C,43,130,Low
4,15,rain,A,74,150,Moderate
4,15,rain,B,21,120,Low
4,15,rain,C,38,130,Low
4,16,rain,A,54,150,Moderate
4,16,rain,B,20,120,Low
4,16,rain,C,30,130,Low
4,17,rain,A,146,150,High
4,17,rain,B,61,120,Moderate
4,17,rain,C,101,130,High
4,18,rain,A,99,150,High
4,18,rain,B,53,120,Moderate
4,18,rain,C,101,130,High
4,19,rain,A,122,150,High
4,19,rain,B,48,120,Moderate
4,19,rain,C,58,130,Moderate
4,20,rain,A,137,150,High
4,20,rain,B,40,120,Low
4,20,rain,C,86,130,High
4,21,rain,A,50,150,Low
4,21,rain,B,25,120,Low
4,21,rain,C,48,130,Moderate
4,22,rain,A,58,150,Moderate
4,22,rain,B,19,120,Low
4,22,rain,C,28,130,Low
4,23,rain,A,63,150,Moderate
4,23,rain,B,21,120,Low
4,23,rain,C,32,130,Low
5,0,clear,A,8,150,Low
5,0,clear,B,2,120,Low
5,0,clear,C,5,130,Low
5,1,clear,A,11,150,Low
5,1,clear,B,3,120,Low
5,1,clear,C,6,130,Low
5,2,clear,A,10,150,Low
5,2,clear,B,2,120,Low
5,2,clear,C,6,130,Low
5,3,clear,A,9,150,Low
5,3,clear,B,3,120,Low
5,3,clear,C,6,130,Low
5,4,clear,A,8,150,Low
5,4,clear,B,3,120,Low
5,4,clear,C,6,130,Low
5,5,clear,A,5,150,Low
5,5,clear,B,4,120,Low
5,5,clear,C,3,130,Low
5,6,clear,A,34,150,Low
5,6,clear,B,16,120,Low
5,6,clear,C,23,130,Low
5,7,clear,A,30,150,Low
5,7,clear,B,11,120,Low
5,7,clear,C,28,130,Low
5,8,clear,A,49,150,Low
5,8,clear,B,29,120,Low
5,8,clear,C,43,130,Low
5,9,clear,A,56,150,Moderate
5,9,clear,B,22,120,Low
5,9,clear,C,37,130,Low
5,10,clear,A,78,150,Moderate
5,10,clear,B,27,120,Low
5,10,clear,C,32,130,Low
5,11,clear,A,65,150,Moderate
5,11,clear,B,21,120,Low
5,11,clear,C,52,130,Moderate
5,12,clear,A,30,150,Low
5,12,clear,B,17,120,Low
5,12,clear,C,24,130,Low
5,13,clear,A,31,150,Low
5,13,clear,B,12,120,Low
5,13,clear,C,21,130,Low
5,14,clear,A,31,150,Low
5,14,clear,B,14,120,Low
5,14,clear,C,19,130,Low
5,15,clear,A,25,150,Low
5,15,clear,B,13,120,Low
5,15,clear,C,17,130,Low
5,16,clear,A,34,150,Low
5,16,clear,B,12,120,Low
5,16,clear,C,21,130,Low
5,17,clear,A,100,150,High
5,17,clear,B,28,120,Low
5,17,clear,C,50,130,Moderate
5,18,clear,A,56,150,Moderate
5,18,clear,B,25,120,Low
5,18,clear,C,50,130,Moderate
5,19,clear,A,65,150,Moderate
5,19,clear,B,31,120,Low
5,19,clear,C,40,130,Low
5,20,clear,A,73,150,Moderate
5,20,clear,B,25,120,Low
5,20,clear,C,50,130,Moderate
5,21,clear,A,34,150,Low
5,21,clear,B,13,120,Low
5,21,clear,C,23,130,Low
5,22,clear,A,34,150,Low
5,22,clear,B,15,120,Low
5,22,clear,C,25,130,Low
5,23,clear,A,37,150,Low
5,23,clear,B,13,120,Low
5,23,clear,C,27,130,Low
6,0,clear,A,9,150,Low
6,0,clear,B,3,120,Low
6,0,clear,C,7,130,Low
6,1,clear,A,7,150,Low
6,1,clear,B,3,120,Low
6,1,clear,C,4,130,Low
6,2,clear,A,9,150,Low
6,2,clear,B,4,120,Low
6,2,clear,C,6,130,Low
6,3,clear,A,9,150,Low
6,3,clear,B,3,120,Low
6,3,clear,C,6,130,Low
6,4,clear,A,9,150,Low
6,4,clear,B,3,120,Low
6,4,clear,C,5,130,Low
6,5,clear,A,9,150,Low
6,5,clear,B,3,120,Low
6,5,clear,C,5,130,Low
6,6,clear,A,30,150,Low
6,6,clear,B,14,120,Low
6,6,clear,C,26,130,Low
6,7,clear,A,39,150,Low
6,7,clear,B,16,120,Low
6,7,clear,C,24,130,Low
6,8,clear,A,73,150,Moderate
6,8,clear,B,26,120,Low
6,8,clear,C,43,130,Low
6,9,clear,A,63,150,Moderate
6,9,clear,B,33,120,Low
6,9,clear,C,41,130,Low
6,10,clear,A,62,150,Moderate
6,10,clear,B,26,120,Low
6,10,clear,C,45,130,Low
6,11,clear,A,54,150,Moderate
6,11,clear,B,29,120,Low
6,11,clear,C,43,130,Low
6,12,clear,A,32,150,Low
6,12,clear,B,16,120,Low
6,12,clear,C,26,130,Low
6,13,clear,A,31,150,Low
6,13,clear,B,17,120,Low
6,13,clear,C,26,130,Low
6,14,clear,A,38,150,Low
6,14,clear,B,17,120,Low
6,14,clear,C,25,130,Low
6,15,clear,A,38,150,Low
6,15,clear,B,12,120,Low
6,15,clear,C,26,130,Low
6,16,clear,A,41,150,Low
6,16,clear,B,14,120,Low
6,16,clear,C,21,130,Low
6,17,clear,A,78,150,Moderate
6,17,clear,B,27,120,Low
6,17,clear,C,39,130,Low
6,18,clear,A,60,150,Moderate
6,18,clear,B,30,120,Low
6,18,clear,C,29,130,Low
6,19,clear,A,79,150,Moderate
6,19,clear,B,25,120,Low
6,19,clear,C,58,130,Moderate
6,20,clear,A,71,150,Moderate
6,20,clear,B,30,120,Low
6,20,clear,C,46,130,Moderate
6,21,clear,A,39,150,Low
6,21,clear,B,15,120,Low
6,21,clear,C,22,130,Low
6,22,clear,A,44,150,Low
6,22,clear,B,11,120,Low
6,22,clear,C,25,130,Low
6,23,clear,A,43,150,Low
6,23,clear,B,15,120,Low
6,23,clear,C,31,130,Low
0,0,clear,A,10,150,Low
0,0,clear,B,4,120,Low
0,0,clear,C,9,130,Low
0,1,clear,A,14,150,Low
0,1,clear,B,5,120,Low
0,1,clear,C,7,130,Low
0,2,clear,A,15,150,Low
0,2,clear,B,4,120,Low
0,2,clear,C,10,130,Low
0,3,clear,A,19,150,Low
0,3,clear,B,5,120,Low
0,3,clear,C,9,130,Low
0,4,clear,A,12,150,Low
0,4,clear,B,3,120,Low
0,4,clear,C,7,130,Low
0,5,clear,A,11,150,Low
0,5,clear,B,3,120,Low
0,5,clear,C,11,130,Low
0,6,clear,A,57,150,Moderate
0,6,clear,B,21,120,Low
0,6,clear,C,33,130,Low
0,7,clear,A,53,150,Moderate
0,7,clear,B,22,120,Low
0,7,clear,C,34,130,Low
0,8,clear,A,106,150,High
0,8,clear,B,34,120,Low
0,8,clear,C,59,130,Moderate
0,9,clear,A,78,150,Moderate
0,9,clear,B,25,120,Low
0,9,clear,C,60,130,Moderate
0,10,clear,A,99,150,High
0,10,clear,B,29,120,Low
0,10,clear,C,62,130,Moderate
0,11,clear,A,99,150,High
0,11,clear,B,24,120,Low
0,11,clear,C,54,130,Moderate
0,12,clear,A,58,150,Moderate
0,12,clear,B,21,120,Low
0,12,clear,C,28,130,Low
0,13,clear,A,56,150,Moderate
0,13,clear,B,23,120,Low
0,13,clear,C,39,130,Low
0,14,clear,A,54,150,Moderate
0,14,clear,B,18,120,Low
0,14,clear,C,31,130,Low
0,15,clear,A,58,150,Moderate
0,15,clear,B,20,120,Low
0,15,clear,C,38,130,Low
0,16,clear,A,56,150,Moderate
0,16,clear,B,22,120,Low
0,16,clear,C,35,130,Low
0,17,clear,A,122,150,High
0,17,clear,B,45,120,Moderate
0,17,clear,C,61,130,Moderate
0,18,clear,A,80,150,Moderate
0,18,clear,B,49,120,Moderate
0,18,clear,C,72,130,Moderate
0,19,clear,A,81,150,Moderate
0,19,clear,B,35,120,Low
0,19,clear,C,78,130,Moderate
0,20,clear,A,105,150,High
0,20,clear,B,36,120,Low
0,20,clear,C,84,130,Moderate
0,21,clear,A,46,150,Low
0,21,clear,B,17,120,Low
0,21,clear,C,36,130,Low
0,22,clear,A,58,150,Moderate
0,22,clear,B,21,120,Low
0,22,clear,C,39,130,Low
0,23,clear,A,56,150,Moderate
0,23,clear,B,21,120,Low
0,23,clear,C,33,130,Low
1,0,rain,A,16,150,Low
1,0,rain,B,6,120,Low
1,0,rain,C,11,130,Low
1,1,rain,A,17,150,Low
1,1,rain,B,6,120,Low
1,1,rain,C,9,130,Low
1,2,rain,A,16,150,Low
1,2,rain,B,5,120,Low
1,2,rain,C,10,130,Low
1,3,rain,A,21,150,Low
1,3,rain,B,5,120,Low
1,3,rain,C,11,130,Low
1,4,rain,A,19,150,Low
1,4,rain,B,6,120,Low
1,4,rain,C,14,130,Low
1,5,rain,A,15,150,Low
1,5,rain,B,6,120,Low
1,5,rain,C,9,130,Low
1,6,rain,A,62,150,Moderate
1,6,rain,B,24,120,Low
1,6,rain,C,47,130,Moderate
1,7,rain,A,69,150,Moderate
1,7,rain,B,28,120,Low
1,7,rain,C,41,130,Low
1,8,rain,A,112,150,High
1,8,rain,B,60,120,Moderate
1,8,rain,C,80,130,Moderate
1,9,rain,A,105,150,High
1,9,rain,B,38,120,Low
1,9,rain,C,64,130,Moderate
1,10,rain,A,135,150,High
1,10,rain,B,40,120,Low
1,10,rain,C,77,130,Moderate
1,11,rain,A,117,150,High
1,11,rain,B,47,120,Moderate
1,11,rain,C,65,130,Moderate
1,12,rain,A,55,150,Moderate
1,12,rain,B,24,120,Low
1,12,rain,C,45,130,Low
1,13,rain,A,69,150,Moderate
1,13,rain,B,21,120,Low
1,13,rain,C,46,130,Moderate
1,14,rain,A,58,150,Moderate
1,14,rain,B,22,120,Low
1,14,rain,C,36,130,Low
1,15,rain,A,78,150,Moderate
1,15,rain,B,26,120,Low
1,15,rain,C,45,130,Low
1,16,rain,A,78,150,Moderate
1,16,rain,B,34,120,Low
1,16,rain,C,31,130,Low
1,17,rain,A,117,150,High
1,17,rain,B,43,120,Moderate
1,17,rain,C,73,130,Moderate
1,18,rain,A,110,150,High
1,18,rain,B,45,120,Moderate
1,18,rain,C,68,130,Moderate
1,19,rain,A,138,150,High
1,19,rain,B,48,120,Moderate
1,19,rain,C,90,130,High
1,20,rain,A,142,150,High
1,20,rain,B,52,120,Moderate
1,20,rain,C,79,130,Moderate
1,21,rain,A,86,150,Moderate
1,21,rain,B,24,120,Low
1,21,rain,C,30,130,Low
1,22,rain,A,56,150,Moderate
1,22,rain,B,17,120,Low
1,22,rain,C,42,130,Low
1,23,rain,A,64,150,Moderate
1,23,rain,B,22,120,Low
1,23,rain,C,54,130,Moderate
2,0,clear,A,15,150,Low
2,0,clear,B,4,120,Low
2,0,clear,C,7,130,Low
2,1,clear,A,13,150,Low
2,1,clear,B,5,120,Low
2,1,clear,C,6,130,Low
2,2,clear,A,13,150,Low
2,2,clear,B,5,120,Low
2,2,clear,C,8,130,Low
2,3,clear,A,12,150,Low
2,3,clear,B,4,120,Low
2,3,clear,C,8,130,Low
2,4,clear,A,13,150,Low
2,4,clear,B,5,120,Low
2,4,clear,C,10,130,Low
2,5,clear,A,13,150,Low
2,5,clear,B,4,120,Low
2,5,clear,C,9,130,Low
2,6,clear,A,60,150,Moderate
2,6,clear,B,18,120,Low
2,6,clear,C,39,130,Low
2,7,clear,A,63,150,Moderate
2,7,clear,B,23,120,Low
2,7,clear,C,44,130,Low
2,8,clear,A,86,150,Moderate
2,8,clear,B,36,120,Low
2,8,clear,C,63,130,Moderate
2,9,clear,A,97,150,Moderate
2,9,clear,B,32,120,Low
2,9,clear,C,48,130,Moderate
2,10,clear,A,100,150,High
2,10,clear,B,31,120,Low
2,10,clear,C,63,130,Moderate
2,11,clear,A,87,150,Moderate
2,11,clear,B,30,120,Low
2,11,clear,C,65,130,Moderate
2,12,clear,A,56,150,Moderate
2,12,clear,B,21,120,Low
2,12,clear,C,46,130,Moderate
2,13,clear,A,57,150,Moderate
2,13,clear,B,21,120,Low
2,13,clear,C,29,130,Low
2,14,clear,A,44,150,Low
2,14,clear,B,24,120,Low
2,14,clear,C,30,130,Low
2,15,clear,A,46,150,Low
2,15,clear,B,19,120,Low
2,15,clear,C,34,130,Low
2,16,clear,A,47,150,Low
2,16,clear,B,19,120,Low
2,16,clear,C,41,130,Low
2,17,clear,A,96,150,Moderate
2,17,clear,B,31,120,Low
2,17,clear,C,79,130,Moderate
2,18,clear,A,118,150,High
2,18,clear,B,36,120,Low
2,18,clear,C,53,130,Moderate
2,19,clear,A,97,150,Moderate
2,19,clear,B,39,120,Low
2,19,clear,C,82,130,Moderate
2,20,clear,A,92,150,Moderate
2,20,clear,B,39,120,Low
2,20,clear,C,77,130,Moderate
2,21,clear,A,35,150,Low
2,21,clear,B,23,120,Low
2,21,clear,C,28,130,Low
2,22,clear,A,57,150,Moderate
2,22,clear,B,20,120,Low
2,22,clear,C,40,130,Low
2,23,clear,A,59,150,Moderate
2,23,clear,B,12,120,Low
2,23,clear,C,30,130,Low
3,0,clear,A,13,150,Low
3,0,clear,B,5,120,Low
3,0,clear,C,9,130,Low
3,1,clear,A,15,150,Low
3,1,clear,B,4,120,Low
3,1,clear,C,6,130,Low
3,2,clear,A,12,150,Low
3,2,clear,B,5,120,Low
3,2,clear,C,7,130,Low
3,3,clear,A,15,150,Low
3,3,clear,B,5,120,Low
3,3,clear,C,8,130,Low
3,4,clear,A,7,150,Low
3,4,clear,B,4,120,Low
3,4,clear,C,11,130,Low
3,5,clear,A,12,150,Low
3,5,clear,B,3,120,Low
3,5,clear,C,10,130,Low
3,6,clear,A,55,150,Moderate
3,6,clear,B,23,120,Low
3,6,clear,C,36,130,Low
3,7,clear,A,58,150,Moderate
3,7,clear,B,21,120,Low
3,7,clear,C,38,130,Low
3,8,clear,A,132,150,High
3,8,clear,B,41,120,Low
3,8,clear,C,48,130,Moderate
3,9,clear,A,105,150,High
3,9,clear,B,42,120,Moderate
3,9,clear,C,74,130,Moderate
3,10,clear,A,92,150,Moderate
3,10,clear,B,42,120,Moderate
3,10,clear,C,71,130,Moderate
3,11,clear,A,137,150,High
3,11,clear,B,31,120,Low
3,11,clear,C,58,130,Moderate
3,12,clear,A,52,150,Low
3,12,clear,B,18,120,Low
3,12,clear,C,30,130,Low
3,13,clear,A,32,150,Low
3,13,clear,B,18,120,Low
3,13,clear,C,36,130,Low
3,14,clear,A,50,150,Low
3,14,clear,B,25,120,Low
3,14,clear,C,35,130,Low
3,15,clear,A,65,150,Moderate
3,15,clear,B,20,120,Low
3,15,clear,C,39,130,Low
3,16,clear,A,57,150,Moderate
3,16,clear,B,24,120,Low
3,16,clear,C,35,130,Low
3,17,clear,A,118,150,High
3,17,clear,B,42,120,Moderate
3,17,clear,C,66,130,Moderate
3,18,clear,A,116,150,High
3,18,clear,B,53,120,Moderate
3,18,clear,C,67,130,Moderate
3,19,clear,A,116,150,High
3,19,clear,B,47,120,Moderate
3,19,clear,C,81,130,Moderate
3,20,clear,A,110,150,High
3,20,clear,B,25,120,Low
3,20,clear,C,75,130,Moderate
3,21,clear,A,36,150,Low
3,21,clear,B,24,120,Low
3,21,clear,C,35,130,Low
3,22,clear,A,63,150,Moderate
3,22,clear,B,17,120,Low
3,22,clear,C,26,130,Low
3,23,clear,A,57,150,Moderate
3,23,clear,B,19,120,Low
3,23,clear,C,32,130,Low
4,0,rain,A,23,150,Low
4,0,rain,B,6,120,Low
4,0,rain,C,12,130,Low
4,1,rain,A,18,150,Low
4,1,rain,B,7,120,Low
4,1,rain,C,10,130,Low
4,2,rain,A,11,150,Low
4,2,rain,B,5,120,Low
4,2,rain,C,11,130,Low
4,3,rain,A,14,150,Low
4,3,rain,B,5,120,Low
4,3,rain,C,9,130,Low
4,4,rain,A,20,150,Low
4,4,rain,B,6,120,Low
4,4,rain,C,11,130,Low
4,5,rain,A,18,150,Low
4,5,rain,B,5,120,Low
4,5,rain,C,10,130,Low
4,6,rain,A,54,150,Moderate
4,6,rain,B,16,120,Low
4,6,rain,C,42,130,Low
4,7,rain,A,69,150,Moderate
4,7,rain,B,28,120,Low
4,7,rain,C,51,130,Moderate
4,8,rain,A,146,150,High
4,8,rain,B,36,120,Low
4,8,rain,C,71,130,Moderate
4,9,rain,A,127,150,High
4,9,rain,B,59,120,Moderate
4,9,rain,C,92,130,High
4,10,rain,A,138,150,High
4,10,rain,B,40,120,Low
4,10,rain,C,65,130,Moderate
4,11,rain,A,132,150,High
4,11,rain,B,36,120,Low
4,11,rain,C,72,130,Moderate
4,12,rain,A,64,150,Moderate
4,12,rain,B,29,120,Low
4,12,rain,C,39,130,Low
4,13,rain,A,41,150,Low
4,13,rain,B,25,120,Low
4,13,rain,C,37,130,Low
4,14,rain,A,66,150,Moderate
4,14,rain,B,23,120,Low
4,14,rain,C,40,130,Low
4,15,rain,A,73,150,Moderate
4,15,rain,B,18,120,Low
4,15,rain,C,38,130,Low
4,16,rain,A,72,150,Moderate
4,16,rain,B,21,120,Low
4,16,rain,C,31,130,Low
4,17,rain,A,145,150,High
4,17,rain,B,56,120,Moderate
4,17,rain,C,83,130,Moderate
4,18,rain,A,93,150,Moderate
4,18,rain,B,53,120,Moderate
4,18,rain,C,63,130,Moderate
4,19,rain,A,138,150,High
4,19,rain,B,41,120,Low
4,19,rain,C,69,130,Moderate
4,20,rain,A,123,150,High
4,20,rain,B,46,120,Moderate
4,20,rain,C,75,130,Moderate
4,21,rain,A,71,150,Moderate
4,21,rain,B,22,120,Low
4,21,rain,C,48,130,Moderate
4,22,rain,A,68,150,Moderate
4,22,rain,B,21,120,Low
4,22,rain,C,36,130,Low
4,23,rain,A,49,150,Low
4,23,rain,B,25,120,Low
4,23,rain,C,39,130,Low
5,0,rain,A,10,150,Low
5,0,rain,B,3,120,Low
5,0,rain,C,9,130,Low
5,1,rain,A,8,150,Low
5,1,rain,B,3,120,Low
5,1,rain,C,8,130,Low
5,2,rain,A,13,150,Low
5,2,rain,B,3,120,Low
5,2,rain,C,6,130,Low
5,3,rain,A,12,150,Low
5,3,rain,B,2,120,Low
5,3,rain,C,5,130,Low
5,4,rain,A,11,150,Low
5,4,rain,B,5,120,Low
5,4,rain,C,6,130,Low
5,5,rain,A,11,150,Low
5,5,rain,B,4,120,Low
5,5,rain,C,9,130,Low
5,6,rain,A,42,150,Low
5,6,rain,B,16,120,Low
5,6,rain,C,37,130,Low
5,7,rain,A,35,150,Low
5,7,rain,B,19,120,Low
5,7,rain,C,24,130,Low
5,8,rain,A,84,150,Moderate
5,8,rain,B,29,120,Low
5,8,rain,C,45,130,Low
5,9,rain,A,70,150,Moderate
5,9,rain,B,31,120,Low
5,9,rain,C,60,130,Moderate
5,10,rain,A,81,150,Moderate
5,10,rain,B,30,120,Low
5,10,rain,C,57,130,Moderate
5,11,rain,A,71,150,Moderate
5,11,rain,B,33,120,Low
5,11,rain,C,59,130,Moderate
5,12,rain,A,64,150,Moderate
5,12,rain,B,15,120,Low
5,12,rain,C,27,130,Low
5,13,rain,A,51,150,Low
5,13,rain,B,18,120,Low
5,13,rain,C,27,130,Low
5,14,rain,A,43,150,Low
5,14,rain,B,18,120,Low
5,14,rain,C,25,130,Low
5,15,rain,A,43,150,Low
5,15,rain,B,17,120,Low
5,15,rain,C,33,130,Low
5,16,rain,A,42,150,Low
5,16,rain,B,12,120,Low
5,16,rain,C,20,130,Low
5,17,rain,A,74,150,Moderate
5,17,rain,B,26,120,Low
5,17,rain,C,57,130,Moderate
5,18,rain,A,75,150,Moderate
5,18,rain,B,30,120,Low
5,18,rain,C,51,130,Moderate
5,19,rain,A,86,150,Moderate
5,19,rain,B,40,120,Low
5,19,rain,C,64,130,Moderate
5,20,rain,A,92,150,Moderate
5,20,rain,B,31,120,Low
5,20,rain,C,54,130,Moderate
5,21,rain,A,48,150,Low
5,21,rain,B,18,120,Low
5,21,rain,C,25,130,Low
5,22,rain,A,46,150,Low
5,22,rain,B,11,120,Low
5,22,rain,C,30,130,Low
5,23,rain,A,51,150,Low
5,23,rain,B,16,120,Low
5,23,rain,C,37,130,Low
6,0,clear,A,9,150,Low
6,0,clear,B,3,120,Low
6,0,clear,C,6,130,Low
6,1,clear,A,9,150,Low
6,1,clear,B,3,120,Low
6,1,clear,C,6,130,Low
6,2,clear,A,11,150,Low
6,2,clear,B,3,120,Low
6,2,clear,C,6,130,Low
6,3,clear,A,8,150,Low
6,3,clear,B,3,120,Low
6,3,clear,C,5,130,Low
6,4,clear,A,11,150,Low
6,4,clear,B,4,120,Low
6,4,clear,C,6,130,Low
6,5,clear,A,6,150,Low
6,5,clear,B,3,120,Low
6,5,clear,C,7,130,Low
6,6,clear,A,41,150,Low
6,6,clear,B,14,120,Low
6,6,clear,C,28,130,Low
6,7,clear,A,41,150,Low
6,7,clear,B,16,120,Low
6,7,clear,C,27,130,Low
6,8,clear,A,85,150,Moderate
6,8,clear,B,26,120,Low
6,8,clear,C,50,130,Moderate
6,9,clear,A,66,150,Moderate
6,9,clear,B,22,120,Low
6,9,clear,C,55,130,Moderate
6,10,clear,A,71,150,Moderate
6,10,clear,B,28,120,Low
6,10,clear,C,44,130,Low
6,11,clear,A,63,150,Moderate
6,11,clear,B,25,120,Low
6,11,clear,C,53,130,Moderate
6,12,clear,A,41,150,Low
6,12,clear,B,10,120,Low
6,12,clear,C,23,130,Low
6,13,clear,A,48,150,Low
6,13,clear,B,13,120,Low
6,13,clear,C,17,130,Low
6,14,clear,A,49,150,Low
6,14,clear,B,15,120,Low
6,14,clear,C,24,130,Low
6,15,clear,A,36,150,Low
6,15,clear,B,16,120,Low
6,15,clear,C,22,130,Low
6,16,clear,A,45,150,Low
6,16,clear,B,15,120,Low
6,16,clear,C,25,130,Low
6,17,clear,A,78,150,Moderate
6,17,clear,B,27,120,Low
6,17,clear,C,56,130,Moderate
6,18,clear,A,67,150,Moderate
6,18,clear,B,21,120,Low
6,18,clear,C,53,130,Moderate
6,19,clear,A,84,150,Moderate
6,19,clear,B,30,120,Low
6,19,clear,C,51,130,Moderate
6,20,clear,A,73,150,Moderate
6,20,clear,B,31,120,Low
6,20,clear,C,48,130,Moderate
6,21,clear,A,35,150,Low
6,21,clear,B,13,120,Low
6,21,clear,C,31,130,Low
6,22,clear,A,28,150,Low
6,22,clear,B,15,120,Low
6,22,clear,C,18,130,Low
6,23,clear,A,37,150,Low
6,23,clear,B,13,120,Low
6,23,clear,C,16,130,Low
0,0,rain,A,15,150,Low
0,0,rain,B,4,120,Low
0,0,rain,C,11,130,Low
0,1,rain,A,20,150,Low
0,1,rain,B,7,120,Low
0,1,rain,C,11,130,Low
0,2,rain,A,16,150,Low
0,2,rain,B,7,120,Low
0,2,rain,C,13,130,Low
0,3,rain,A,19,150,Low
0,3,rain,B,5,120,Low
0,3,rain,C,10,130,Low
0,4,rain,A,17,150,Low
0,4,rain,B,4,120,Low
0,4,rain,C,11,130,Low
0,5,rain,A,22,150,Low
0,5,rain,B,6,120,Low
0,5,rain,C,12,130,Low
0,6,rain,A,67,150,Moderate
0,6,rain,B,23,120,Low
0,6,rain,C,44,130,Low
0,7,rain,A,57,150,Moderate
0,7,rain,B,20,120,Low
0,7,rain,C,49,130,Moderate
0,8,rain,A,143,150,High
0,8,rain,B,36,120,Low
0,8,rain,C,86,130,High
0,9,rain,A,117,150,High
0,9,rain,B,45,120,Moderate
0,9,rain,C,80,130,Moderate
0,10,rain,A,136,150,High
0,10,rain,B,43,120,Moderate
0,10,rain,C,91,130,High
0,11,rain,A,124,150,High
0,11,rain,B,47,120,Moderate
0,11,rain,C,66,130,Moderate
0,12,rain,A,87,150,Moderate
0,12,rain,B,25,120,Low
0,12,rain,C,46,130,Moderate
0,13,rain,A,50,150,Low
0,13,rain,B,21,120,Low
0,13,rain,C,49,130,Moderate
0,14,rain,A,68,150,Moderate
0,14,rain,B,17,120,Low
0,14,rain,C,48,130,Moderate
0,15,rain,A,60,150,Moderate
0,15,rain,B,29,120,Low
0,15,rain,C,41,130,Low
0,16,rain,A,68,150,Moderate
0,16,rain,B,28,120,Low
0,16,rain,C,36,130,Low
0,17,rain,A,112,150,High
0,17,rain,B,46,120,Moderate
0,17,rain,C,94,130,High
0,18,rain,A,105,150,High
0,18,rain,B,35,120,Low
0,18,rain,C,94,130,High
0,19,rain,A,120,150,High
0,19,rain,B,45,120,Moderate
0,19,rain,C,60,130,Moderate
0,20,rain,A,118,150,High
0,20,rain,B,47,120,Moderate
0,20,rain,C,95,130,High
0,21,rain,A,58,150,Moderate
0,21,rain,B,29,120,Low
0,21,rain,C,37,130,Low
0,22,rain,A,59,150,Moderate
0,22,rain,B,29,120,Low
0,22,rain,C,43,130,Low
0,23,rain,A,60,150,Moderate
0,23,rain,B,23,120,Low
0,23,rain,C,50,130,Moderate
1,0,clear,A,12,150,Low
1,0,clear,B,4,120,Low
1,0,clear,C,8,130,Low
1,1,clear,A,11,150,Low
1,1,clear,B,4,120,Low
1,1,clear,C,8,130,Low
1,2,clear,A,16,150,Low
1,2,clear,B,5,120,Low
1,2,clear,C,8,130,Low
1,3,clear,A,13,150,Low
1,3,clear,B,5,120,Low
1,3,clear,C,7,130,Low
1,4,clear,A,14,150,Low
1,4,clear,B,4,120,Low
1,4,clear,C,7,130,Low
1,5,clear,A,11,150,Low
1,5,clear,B,6,120,Low
1,5,clear,C,8,130,Low
1,6,clear,A,68,150,Moderate
1,6,clear,B,18,120,Low
1,6,clear,C,36,130,Low
1,7,clear,A,74,150,Moderate
1,7,clear,B,16,120,Low
1,7,clear,C,25,130,Low
1,8,clear,A,118,150,High
1,8,clear,B,31,120,Low
1,8,clear,C,62,130,Moderate
1,9,clear,A,90,150,Moderate
1,9,clear,B,37,120,Low
1,9,clear,C,54,130,Moderate
1,10,clear,A,96,150,Moderate
1,10,clear,B,38,120,Low
1,10,clear,C,53,130,Moderate
1,11,clear,A,88,150,Moderate
1,11,clear,B,34,120,Low
1,11,clear,C,49,130,Moderate
1,12,clear,A,51,150,Low
1,12,clear,B,20,120,Low
1,12,clear,C,32,130,Low
1,13,clear,A,52,150,Low
1,13,clear,B,19,120,Low
1,13,clear,C,31,130,Low
1,14,clear,A,60,150,Moderate
1,14,clear,B,24,120,Low
1,14,clear,C,32,130,Low
1,15,clear,A,59,150,Moderate
1,15,clear,B,19,120,Low
1,15,clear,C,36,130,Low
1,16,clear,A,67,150,Moderate
1,16,clear,B,21,120,Low
1,16,clear,C,25,130,Low
1,17,clear,A,117,150,High
1,17,clear,B,47,120,Moderate
1,17,clear,C,67,130,Moderate
1,18,clear,A,126,150,High
1,18,clear,B,35,120,Low
1,18,clear,C,54,130,Moderate
1,19,clear,A,112,150,High
1,19,clear,B,29,120,Low
1,19,clear,C,67,130,Moderate
1,20,clear,A,131,150,High
1,20,clear,B,28,120,Low
1,20,clear,C,56,130,Moderate
1,21,clear,A,46,150,Low
1,21,clear,B,19,120,Low
1,21,clear,C,33,130,Low
1,22,clear,A,66,150,Moderate
1,22,clear,B,22,120,Low
1,22,clear,C,37,130,Low
1,23,clear,A,56,150,Moderate
1,23,clear,B,21,120,Low
1,23,clear,C,30,130,Low
2,0,clear,A,11,150,Low
2,0,clear,B,5,120,Low
2,0,clear,C,10,130,Low
2,1,clear,A,14,150,Low
2,1,clear,B,4,120,Low
2,1,clear,C,9,130,Low
2,2,clear,A,7,150,Low
2,2,clear,B,5,120,Low
2,2,clear,C,8,130,Low
2,3,clear,A,13,150,Low
2,3,clear,B,5,120,Low
2,3,clear,C,8,130,Low
2,4,clear,A,11,150,Low
2,4,clear,B,4,120,Low
2,4,clear,C,8,130,Low
2,5,clear,A,13,150,Low
2,5,clear,B,5,120,Low
2,5,clear,C,10,130,Low
2,6,clear,A,46,150,Low
2,6,clear,B,20,120,Low
2,6,clear,C,41,130,Low
2,7,clear,A,40,150,Low
2,7,clear,B,20,120,Low
2,7,clear,C,31,130,Low
2,8,clear,A,93,150,Moderate
2,8,clear,B,31,120,Low
2,8,clear,C,61,130,Moderate
2,9,clear,A,126,150,High
2,9,clear,B,29,120,Low
2,9,clear,C,51,130,Moderate
2,10,clear,A,79,150,Moderate
2,10,clear,B,45,120,Moderate
2,10,clear,C,58,130,Moderate
2,11,clear,A,98,150,High
2,11,clear,B,33,120,Low
2,11,clear,C,54,130,Moderate
2,12,clear,A,53,150,Moderate
2,12,clear,B,27,120,Low
2,12,clear,C,42,130,Low
2,13,clear,A,47,150,Low
2,13,clear,B,21,120,Low
2,13,clear,C,30,130,Low
2,14,clear,A,40,150,Low
2,14,clear,B,23,120,Low
2,14,clear,C,41,130,Low
2,15,clear,A,63,150,Moderate
2,15,clear,B,18,120,Low
2,15,clear,C,34,130,Low
2,16,clear,A,61,150,Moderate
2,16,clear,B,21,120,Low
2,16,clear,C,32,130,Low
2,17,clear,A,83,150,Moderate
2,17,clear,B,40,120,Low
2,17,clear,C,81,130,Moderate
2,18,clear,A,90,150,Moderate
2,18,clear,B,43,120,Moderate
2,18,clear,C,73,130,Moderate
2,19,clear,A,122,150,High
2,19,clear,B,45,120,Moderate
2,19,clear,C,62,130,Moderate
2,20,clear,A,83,150,Moderate
2,20,clear,B,36,120,Low
2,20,clear,C,79,130,Moderate
2,21,clear,A,50,150,Low
2,21,clear,B,17,120,Low
2,21,clear,C,25,130,Low
2,22,clear,A,69,150,Moderate
2,22,clear,B,22,120,Low
2,22,clear,C,39,130,Low
2,23,clear,A,62,150,Moderate
2,23,clear,B,21,120,Low
2,23,clear,C,33,130,Low
3,0,clear,A,12,150,Low
3,0,clear,B,6,120,Low
3,0,clear,C,9,130,Low
3,1,clear,A,12,150,Low
3,1,clear,B,5,120,Low
3,1,clear,C,7,130,Low
3,2,clear,A,16,150,Low
3,2,clear,B,4,120,Low
3,2,clear,C,9,130,Low
3,3,clear,A,15,150,Low
3,3,clear,B,5,120,Low
3,3,clear,C,8,130,Low
3,4,clear,A,13,150,Low
3,4,clear,B,4,120,Low
3,4,clear,C,7,130,Low
3,5,clear,A,12,150,Low
3,5,clear,B,6,120,Low
3,5,clear,C,8,130,Low
3,6,clear,A,48,150,Low
3,6,clear,B,18,120,Low
3,6,clear,C,40,130,Low
3,7,clear,A,60,150,Moderate
3,7,clear,B,21,120,Low
3,7,clear,C,33,130,Low
3,8,clear,A,107,150,High
3,8,clear,B,32,120,Low
3,8,clear,C,60,130,Moderate
3,9,clear,A,113,150,High
3,9,clear,B,40,120,Low
3,9,clear,C,53,130,Moderate
3,10,clear,A,86,150,Moderate
3,10,clear,B,36,120,Low
3,10,clear,C,79,130,Moderate
3,11,clear,A,70,150,Moderate
3,11,clear,B,37,120,Low
3,11,clear,C,49,130,Moderate
3,12,clear,A,49,150,Low
3,12,clear,B,18,120,Low
3,12,clear,C,32,130,Low
3,13,clear,A,50,150,Low
3,13,clear,B,20,120,Low
3,13,clear,C,32,130,Low
3,14,clear,A,42,150,Low
3,14,clear,B,22,120,Low
3,14,clear,C,38,130,Low
3,15,clear,A,61,150,Moderate
3,15,clear,B,15,120,Low
3,15,clear,C,36,130,Low
3,16,clear,A,60,150,Moderate
3,16,clear,B,16,120,Low
3,16,clear,C,35,130,Low
3,17,clear,A,108,150,High
3,17,clear,B,51,120,Moderate
3,17,clear,C,90,130,High
3,18,clear,A,82,150,Moderate
3,18,clear,B,54,120,Moderate
3,18,clear,C,60,130,Moderate
3,19,clear,A,126,150,High
3,19,clear,B,45,120,Moderate
3,19,clear,C,59,130,Moderate
3,20,clear,A,118,150,High
3,20,clear,B,39,120,Low
3,20,clear,C,75,130,Moderate
3,21,clear,A,56,150,Moderate
3,21,clear,B,23,120,Low
3,21,clear,C,35,130,Low
3,22,clear,A,53,150,Moderate
3,22,clear,B,23,120,Low
3,22,clear,C,38,130,Low
3,23,clear,A,61,150,Moderate
3,23,clear,B,18,120,Low
3,23,clear,C,29,130,Low
4,0,clear,A,12,150,Low
4,0,clear,B,5,120,Low
4,0,clear,C,10,130,Low
4,1,clear,A,13,150,Low
4,1,clear,B,6,120,Low
4,1,clear,C,10,130,Low
4,2,clear,A,14,150,Low
4,2,clear,B,4,120,Low
4,2,clear,C,10,130,Low
4,3,clear,A,13,150,Low
4,3,clear,B,5,120,Low
4,3,clear,C,8,130,Low
4,4,clear,A,11,150,Low
4,4,clear,B,3,120,Low
4,4,clear,C,9,130,Low
4,5,clear,A,12,150,Low
4,5,clear,B,7,120,Low
4,5,clear,C,7,130,Low
4,6,clear,A,44,150,Low
4,6,clear,B,21,120,Low
4,6,clear,C,43,130,Low
4,7,clear,A,55,150,Moderate
4,7,clear,B,21,120,Low
4,7,clear,C,25,130,Low
4,8,clear,A,88,150,Moderate
4,8,clear,B,30,120,Low
4,8,clear,C,45,130,Low
4,9,clear,A,100,150,High
4,9,clear,B,23,120,Low
4,9,clear,C,50,130,Moderate
4,10,clear,A,91,150,Moderate
4,10,clear,B,31,120,Low
4,10,clear,C,66,130,Moderate
4,11,clear,A,103,150,High
4,11,clear,B,40,120,Low
4,11,clear,C,70,130,Moderate
4,12,clear,A,64,150,Moderate
4,12,clear,B,19,120,Low
4,12,clear,C,36,130,Low
4,13,clear,A,59,150,Moderate
4,13,clear,B,20,120,Low
4,13,clear,C,32,130,Low
4,14,clear,A,52,150,Low
4,14,clear,B,17,120,Low
4,14,clear,C,37,130,Low
4,15,clear,A,54,150,Moderate
4,15,clear,B,18,120,Low
4,15,clear,C,31,130,Low
4,16,clear,A,45,150,Low
4,16,clear,B,22,120,Low
4,16,clear,C,35,130,Low
4,17,clear,A,95,150,Moderate
4,17,clear,B,44,120,Moderate
4,17,clear,C,64,130,Moderate
4,18,clear,A,86,150,Moderate
4,18,clear,B,46,120,Moderate
4,18,clear,C,64,130,Moderate
4,19,clear,A,103,150,High
4,19,clear,B,40,120,Low
4,19,clear,C,81,130,Moderate
4,20,clear,A,110,150,High
4,20,clear,B,32,120,Low
4,20,clear,C,75,130,Moderate
4,21,clear,A,50,150,Low
4,21,clear,B,25,120,Low
4,21,clear,C,34,130,Low
4,22,clear,A,36,150,Low
4,22,clear,B,21,120,Low
4,22,clear,C,45,130,Low
4,23,clear,A,68,150,Moderate
4,23,clear,B,25,120,Low
4,23,clear,C,29,130,Low
5,0,clear,A,8,150,Low
5,0,clear,B,3,120,Low
5,0,clear,C,4,130,Low
5,1,clear,A,8,150,Low
5,1,clear,B,3,120,Low
5,1,clear,C,6,130,Low
5,2,clear,A,10,150,Low
5,2,clear,B,3,120,Low
5,2,clear,C,4,130,Low
5,3,clear,A,9,150,Low
5,3,clear,B,3,120,Low
5,3,clear,C,6,130,Low
5,4,clear,A,11,150,Low
5,4,clear,B,4,120,Low
5,4,clear,C,5,130,Low
5,5,clear,A,5,150,Low
5,5,clear,B,2,120,Low
5,5,clear,C,7,130,Low
5,6,clear,A,36,150,Low
5,6,clear,B,12,120,Low
5,6,clear,C,30,130,Low
5,7,clear,A,45,150,Low
5,7,clear,B,14,120,Low
5,7,clear,C,23,130,Low
5,8,clear,A,67,150,Moderate
5,8,clear,B,26,120,Low
5,8,clear,C,54,130,Moderate
5,9,clear,A,73,150,Moderate
5,9,clear,B,27,120,Low
5,9,clear,C,51,130,Moderate
5,10,clear,A,57,150,Moderate
5,10,clear,B,28,120,Low
5,10,clear,C,42,130,Low
5,11,clear,A,43,150,Low
5,11,clear,B,17,120,Low
5,11,clear,C,37,130,Low
5,12,clear,A,41,150,Low
5,12,clear,B,14,120,Low
5,12,clear,C,25,130,Low
5,13,clear,A,49,150,Low
5,13,clear,B,11,120,Low
5,13,clear,C,24,130,Low
5,14,clear,A,40,150,Low
5,14,clear,B,12,120,Low
5,14,clear,C,24,130,Low
5,15,clear,A,29,150,Low
5,15,clear,B,16,120,Low
5,15,clear,C,21,130,Low
5,16,clear,A,50,150,Low
5,16,clear,B,13,120,Low
5,16,clear,C,28,130,Low
5,17,clear,A,76,150,Moderate
5,17,clear,B,27,120,Low
5,17,clear,C,44,130,Low
5,18,clear,A,78,150,Moderate
5,18,clear,B,29,120,Low
5,18,clear,C,43,130,Low
5,19,clear,A,75,150,Moderate
5,19,clear,B,25,120,Low
5,19,clear,C,65,130,Moderate
5,20,clear,A,75,150,Moderate
5,20,clear,B,34,120,Low
5,20,clear,C,47,130,Moderate
5,21,clear,A,39,150,Low
5,21,clear,B,11,120,Low
5,21,clear,C,22,130,Low
5,22,clear,A,39,150,Low
5,22,clear,B,17,120,Low
5,22,clear,C,25,130,Low
5,23,clear,A,46,150,Low
5,23,clear,B,15,120,Low
5,23,clear,C,30,130,Low
6,0,rain,A,15,150,Low
6,0,rain,B,3,120,Low
6,0,rain,C,6,130,Low
6,1,rain,A,9,150,Low
6,1,rain,B,5,120,Low
6,1,rain,C,8,130,Low
6,2,rain,A,10,150,Low
6,2,rain,B,4,120,Low
6,2,rain,C,8,130,Low
6,3,rain,A,14,150,Low
6,3,rain,B,3,120,Low
6,3,rain,C,7,130,Low
6,4,rain,A,10,150,Low
6,4,rain,B,2,120,Low
6,4,rain,C,8,130,Low
6,5,rain,A,11,150,Low
6,5,rain,B,4,120,Low
6,5,rain,C,9,130,Low
6,6,rain,A,43,150,Low
6,6,rain,B,15,120,Low
6,6,rain,C,29,130,Low
6,7,rain,A,53,150,Moderate
6,7,rain,B,15,120,Low
6,7,rain,C,26,130,Low
6,8,rain,A,96,150,Moderate
6,8,rain,B,31,120,Low
6,8,rain,C,36,130,Low
6,9,rain,A,67,150,Moderate
6,9,rain,B,37,120,Low
6,9,rain,C,56,130,Moderate
6,10,rain,A,73,150,Moderate
6,10,rain,B,29,120,Low
6,10,rain,C,53,130,Moderate
6,11,rain,A,92,150,Moderate
6,11,rain,B,24,120,Low
6,11,rain,C,46,130,Moderate
6,12,rain,A,48,150,Low
6,12,rain,B,16,120,Low
6,12,rain,C,31,130,Low
6,13,rain,A,37,150,Low
6,13,rain,B,17,120,Low
6,13,rain,C,34,130,Low
6,14,rain,A,49,150,Low
6,14,rain,B,17,120,Low
6,14,rain,C,28,130,Low
6,15,rain,A,40,150,Low
6,15,rain,B,16,120,Low
6,15,rain,C,34,130,Low
6,16,rain,A,45,150,Low
6,16,rain,B,14,120,Low
6,16,rain,C,27,130,Low
6,17,rain,A,95,150,Moderate
6,17,rain,B,31,120,Low
6,17,rain,C,63,130,Moderate
6,18,rain,A,99,150,High
6,18,rain,B,38,120,Low
6,18,rain,C,71,130,Moderate
6,19,rain,A,106,150,High
6,19,rain,B,28,120,Low
6,19,rain,C,50,130,Moderate
6,20,rain,A,91,150,Moderate
6,20,rain,B,31,120,Low
6,20,rain,C,48,130,Moderate
6,21,rain,A,43,150,Low
6,21,rain,B,15,120,Low
6,21,rain,C,26,130,Low
6,22,rain,A,44,150,Low
6,22,rain,B,19,120,Low
6,22,rain,C,30,130,Low
6,23,rain,A,63,150,Moderate
6,23,rain,B,17,120,Low
6,23,rain,C,28,130,Low
0,0,clear,A,14,150,Low
0,0,clear,B,5,120,Low
0,0,clear,C,11,130,Low
0,1,clear,A,12,150,Low
0,1,clear,B,5,120,Low
0,1,clear,C,9,130,Low
0,2,clear,A,10,150,Low
0,2,clear,B,5,120,Low
0,2,clear,C,10,130,Low
0,3,clear,A,11,150,Low
0,3,clear,B,4,120,Low
0,3,clear,C,6,130,Low
0,4,clear,A,11,150,Low
0,4,clear,B,5,120,Low
0,4,clear,C,8,130,Low
0,5,clear,A,11,150,Low
0,5,clear,B,5,120,Low
0,5,clear,C,8,130,Low
0,6,clear,A,51,150,Low
0,6,clear,B,22,120,Low
0,6,clear,C,28,130,Low
0,7,clear,A,47,150,Low
0,7,clear,B,20,120,Low
0,7,clear,C,40,130,Low
0,8,clear,A,117,150,High
0,8,clear,B,32,120,Low
0,8,clear,C,71,130,Moderate
0,9,clear,A,87,150,Moderate
0,9,clear,B,45,120,Moderate
0,9,clear,C,52,130,Moderate
0,10,clear,A,118,150,High
0,10,clear,B,32,120,Low
0,10,clear,C,82,130,Moderate
0,11,clear,A,107,150,High
0,11,clear,B,30,120,Low
0,11,clear,C,58,130,Moderate
0,12,clear,A,61,150,Moderate
0,12,clear,B,23,120,Low
0,12,clear,C,34,130,Low
0,13,clear,A,55,150,Moderate
0,13,clear,B,22,120,Low
0,13,clear,C,35,130,Low
0,14,clear,A,44,150,Low
0,14,clear,B,17,120,Low
0,14,clear,C,36,130,Low
0,15,clear,A,65,150,Moderate
0,15,clear,B,24,120,Low
0,15,clear,C,39,130,Low
0,16,clear,A,57,150,Moderate
0,16,clear,B,22,120,Low
0,16,clear,C,31,130,Low
0,17,clear,A,107,150,High
0,17,clear,B,35,120,Low
0,17,clear,C,56,130,Moderate
0,18,clear,A,115,150,High
0,18,clear,B,41,120,Low
0,18,clear,C,77,130,Moderate
0,19,clear,A,119,150,High
0,19,clear,B,41,120,Low
0,19,clear,C,75,130,Moderate
0,20,clear,A,109,150,High
0,20,clear,B,42,120,Moderate
0,20,clear,C,62,130,Moderate
0,21,clear,A,58,150,Moderate
0,21,clear,B,22,120,Low
0,21,clear,C,31,130,Low
0,22,clear,A,55,150,Moderate
0,22,clear,B,18,120,Low
0,22,clear,C,32,130,Low
0,23,clear,A,45,150,Low
0,23,clear,B,23,120,Low
0,23,clear,C,40,130,Low
1,0,rain,A,21,150,Low
1,0,rain,B,5,120,Low
1,0,rain,C,15,130,Low
1,1,rain,A,15,150,Low
1,1,rain,B,6,120,Low
1,1,rain,C,9,130,Low
1,2,rain,A,17,150,Low
1,2,rain,B,6,120,Low
1,2,rain,C,10,130,Low
1,3,rain,A,20,150,Low
1,3,rain,B,6,120,Low
1,3,rain,C,10,130,Low
1,4,rain,A,14,150,Low
1,4,rain,B,6,120,Low
1,4,rain,C,10,130,Low
1,5,rain,A,14,150,Low
1,5,rain,B,5,120,Low
1,5,rain,C,14,130,Low
1,6,rain,A,63,150,Moderate
1,6,rain,B,18,120,Low
1,6,rain,C,37,130,Low
1,7,rain,A,65,150,Moderate
1,7,rain,B,25,120,Low
1,7,rain,C,45,130,Low
1,8,rain,A,130,150,High
1,8,rain,B,39,120,Low
1,8,rain,C,79,130,Moderate
1,9,rain,A,103,150,High
1,9,rain,B,39,120,Low
1,9,rain,C,65,130,Moderate
1,10,rain,A,97,150,Moderate
1,10,rain,B,50,120,Moderate
1,10,rain,C,83,130,Moderate
1,11,rain,A,136,150,High
1,11,rain,B,43,120,Moderate
1,11,rain,C,84,130,Moderate
1,12,rain,A,48,150,Low
1,12,rain,B,27,120,Low
1,12,rain,C,43,130,Low
1,13,rain,A,72,150,Moderate
1,13,rain,B,25,120,Low
1,13,rain,C,35,130,Low
1,14,rain,A,51,150,Low
1,14,rain,B,21,120,Low
1,14,rain,C,45,130,Low
1,15,rain,A,72,150,Moderate
1,15,rain,B,19,120,Low
1,15,rain,C,35,130,Low
1,16,rain,A,58,150,Moderate
1,16,rain,B,22,120,Low
1,16,rain,C,33,130,Low
1,17,rain,A,103,150,High
1,17,rain,B,42,120,Moderate
1,17,rain,C,85,130,High
1,18,rain,A,108,150,High
1,18,rain,B,47,120,Moderate
1,18,rain,C,97,130,High
1,19,rain,A,106,150,High
1,19,rain,B,46,120,Moderate
1,19,rain,C,96,130,High
1,20,rain,A,123,150,High
1,20,rain,B,43,120,Moderate
1,20,rain,C,98,130,High
1,21,rain,A,62,150,Moderate
1,21,rain,B,27,120,Low
1,21,rain,C,44,130,Low
1,22,rain,A,62,150,Moderate
1,22,rain,B,25,120,Low
1,22,rain,C,44,130,Low
1,23,rain,A,76,150,Moderate
1,23,rain,B,22,120,Low
1,23,rain,C,42,130,Low
2,0,clear,A,15,150,Low
2,0,clear,B,4,120,Low
2,0,clear,C,10,130,Low
2,1,clear,A,14,150,Low
2,1,clear,B,4,120,Low
2,1,clear,C,10,130,Low
2,2,clear,A,18,150,Low
2,2,clear,B,5,120,Low
2,2,clear,C,10,130,Low
2,3,clear,A,13,150,Low
2,3,clear,B,3,120,Low
2,3,clear,C,6,130,Low
2,4,clear,A,14,150,Low
2,4,clear,B,4,120,Low
2,4,clear,C,7,130,Low
2,5,clear,A,13,150,Low
2,5,clear,B,5,120,Low
2,5,clear,C,6,130,Low
2,6,clear,A,51,150,Low
2,6,clear,B,24,120,Low
2,6,clear,C,29,130,Low
2,7,clear,A,62,150,Moderate
2,7,clear,B,18,120,Low
2,7,clear,C,37,130,Low
2,8,clear,A,115,150,High
2,8,clear,B,40,120,Low
2,8,clear,C,71,130,Moderate
2,9,clear,A,81,150,Moderate
2,9,clear,B,42,120,Moderate
2,9,clear,C,54,130,Moderate
2,10,clear,A,102,150,High
2,10,clear,B,37,120,Low
2,10,clear,C,67,130,Moderate
2,11,clear,A,104,150,High
2,11,clear,B,31,120,Low
2,11,clear,C,50,130,Moderate
2,12,clear,A,62,150,Moderate
2,12,clear,B,20,120,Low
2,12,clear,C,41,130,Low
2,13,clear,A,54,150,Moderate
2,13,clear,B,15,120,Low
2,13,clear,C,40,130,Low
2,14,clear,A,51,150,Low
2,14,clear,B,21,120,Low
2,14,clear,C,31,130,Low
2,15,clear,A,68,150,Moderate
2,15,clear,B,17,120,Low
2,15,clear,C,33,130,Low
2,16,clear,A,55,150,Moderate
2,16,clear,B,16,120,Low
2,16,clear,C,36,130,Low
2,17,clear,A,136,150,High
2,17,clear,B,37,120,Low
2,17,clear,C,74,130,Moderate
2,18,clear,A,64,150,Moderate
2,18,clear,B,39,120,Low
2,18,clear,C,66,130,Moderate
2,19,clear,A,96,150,Moderate
2,19,clear,B,46,120,Moderate
2,19,clear,C,66,130,Moderate
2,20,clear,A,107,150,High
2,20,clear,B,37,120,Low
2,20,clear,C,49,130,Moderate
2,21,clear,A,45,150,Low
2,21,clear,B,22,120,Low
2,21,clear,C,23,130,Low
2,22,clear,A,48,150,Low
2,22,clear,B,18,120,Low
2,22,clear,C,44,130,Low
2,23,clear,A,61,150,Moderate
2,23,clear,B,18,120,Low
2,23,clear,C,41,130,Low
3,0,clear,A,15,150,Low
3,0,clear,B,3,120,Low
3,0,clear,C,10,130,Low
3,1,clear,A,12,150,Low
3,1,clear,B,4,120,Low
3,1,clear,C,8,130,Low
3,2,clear,A,14,150,Low
3,2,clear,B,4,120,Low
3,2,clear,C,9,130,Low
3,3,clear,A,12,150,Low
3,3,clear,B,5,120,Low
3,3,clear,C,9,130,Low
3,4,clear,A,13,150,Low
3,4,clear,B,4,120,Low
3,4,clear,C,8,130,Low
3,5,clear,A,14,150,Low
3,5,clear,B,6,120,Low
3,5,clear,C,9,130,Low
3,6,clear,A,63,150,Moderate
3,6,clear,B,29,120,Low
3,6,clear,C,37,130,Low
3,7,clear,A,58,150,Moderate
3,7,clear,B,22,120,Low
3,7,clear,C,29,130,Low
3,8,clear,A,92,150,Moderate
3,8,clear,B,33,120,Low
3,8,clear,C,69,130,Moderate
3,9,clear,A,96,150,Moderate
3,9,clear,B,36,120,Low
3,9,clear,C,73,130,Moderate
3,10,clear,A,111,150,High
3,10,clear,B,35,120,Low
3,10,clear,C,56,130,Moderate
3,11,clear,A,115,150,High
3,11,clear,B,40,120,Low
3,11,clear,C,47,130,Moderate
3,12,clear,A,52,150,Low
3,12,clear,B,20,120,Low
3,12,clear,C,39,130,Low
3,13,clear,A,62,150,Moderate
3,13,clear,B,20,120,Low
3,13,clear,C,38,130,Low
3,14,clear,A,55,150,Moderate
3,14,clear,B,17,120,Low
3,14,clear,C,33,130,Low
3,15,clear,A,55,150,Moderate
3,15,clear,B,19,120,Low
3,15,clear,C,25,130,Low
3,16,clear,A,51,150,Low
3,16,clear,B,20,120,Low
3,16,clear,C,33,130,Low
3,17,clear,A,105,150,High
3,17,clear,B,42,120,Moderate
3,17,clear,C,58,130,Moderate
3,18,clear,A,83,150,Moderate
3,18,clear,B,37,120,Low
3,18,clear,C,78,130,Moderate
3,19,clear,A,137,150,High
3,19,clear,B,44,120,Moderate
3,19,clear,C,54,130,Moderate
3,20,clear,A,106,150,High
3,20,clear,B,41,120,Low
3,20,clear,C,71,130,Moderate
3,21,clear,A,59,150,Moderate
3,21,clear,B,17,120,Low
3,21,clear,C,35,130,Low
3,22,clear,A,58,150,Moderate
3,22,clear,B,22,120,Low
3,22,clear,C,30,130,Low
3,23,clear,A,52,150,Low
3,23,clear,B,11,120,Low
3,23,clear,C,31,130,Low
4,0,clear,A,11,150,Low
4,0,clear,B,5,120,Low
4,0,clear,C,8,130,Low
4,1,clear,A,9,150,Low
4,1,clear,B,5,120,Low
4,1,clear,C,7,130,Low
4,2,clear,A,14,150,Low
4,2,clear,B,4,120,Low
4,2,clear,C,8,130,Low
4,3,clear,A,13,150,Low
4,3,clear,B,5,120,Low
4,3,clear,C,8,130,Low
4,4,clear,A,13,150,Low
4,4,clear,B,3,120,Low
4,4,clear,C,6,130,Low
4,5,clear,A,12,150,Low
4,5,clear,B,4,120,Low
4,5,clear,C,7,130,Low
4,6,clear,A,60,150,Moderate
4,6,clear,B,19,120,Low
4,6,clear,C,29,130,Low
4,7,clear,A,52,150,Low
4,7,clear,B,20,120,Low
4,7,clear,C,36,130,Low
4,8,clear,A,126,150,High
4,8,clear,B,32,120,Low
4,8,clear,C,62,130,Moderate
4,9,clear,A,105,150,High
4,9,clear,B,35,120,Low
4,9,clear,C,58,130,Moderate
4,10,clear,A,75,150,Moderate
4,10,clear,B,33,120,Low
4,10,clear,C,52,130,Moderate
4,11,clear,A,73,150,Moderate
4,11,clear,B,31,120,Low
4,11,clear,C,53,130,Moderate
4,12,clear,A,59,150,Moderate
4,12,clear,B,21,120,Low
4,12,clear,C,30,130,Low
4,13,clear,A,52,150,Low
4,13,clear,B,14,120,Low
4,13,clear,C,32,130,Low
4,14,clear,A,58,150,Moderate
4,14,clear,B,22,120,Low
4,14,clear,C,31,130,Low
4,15,clear,A,63,150,Moderate
4,15,clear,B,15,120,Low
4,15,clear,C,28,130,Low
4,16,clear,A,60,150,Moderate
4,16,clear,B,25,120,Low
4,16,clear,C,37,130,Low
4,17,clear,A,109,150,High
4,17,clear,B,26,120,Low
4,17,clear,C,48,130,Moderate
4,18,clear,A,112,150,High
4,18,clear,B,37,120,Low
4,18,clear,C,58,130,Moderate
4,19,clear,A,111,150,High
4,19,clear,B,40,120,Low
4,19,clear,C,79,130,Moderate
4,20,clear,A,112,150,High
4,20,clear,B,47,120,Moderate
4,20,clear,C,70,130,Moderate
4,21,clear,A,54,150,Moderate
4,21,clear,B,23,120,Low
4,21,clear,C,29,130,Low
4,22,clear,A,78,150,Moderate
4,22,clear,B,21,120,Low
4,22,clear,C,36,130,Low
4,23,clear,A,59,150,Moderate
4,23,clear,B,25,120,Low
4,23,clear,C,39,130,Low
5,0,fog,A,12,150,Low
5,0,fog,B,3,120,Low
5,0,fog,C,6,130,Low
5,1,fog,A,8,150,Low
5,1,fog,B,4,120,Low
5,1,fog,C,6,130,Low
5,2,fog,A,10,150,Low
5,2,fog,B,3,120,Low
5,2,fog,C,8,130,Low
5,3,fog,A,13,150,Low
5,3,fog,B,3,120,Low
5,3,fog,C,6,130,Low
5,4,fog,A,9,150,Low
5,4,fog,B,4,120,Low
5,4,fog,C,6,130,Low
5,5,fog,A,9,150,Low
5,5,fog,B,4,120,Low
5,5,fog,C,6,130,Low
5,6,fog,A,42,150,Low
5,6,fog,B,11,120,Low
5,6,fog,C,29,130,Low
5,7,fog,A,54,150,Moderate
5,7,fog,B,17,120,Low
5,7,fog,C,32,130,Low
5,8,fog,A,66,150,Moderate
5,8,fog,B,28,120,Low
5,8,fog,C,41,130,Low
5,9,fog,A,73,150,Moderate
5,9,fog,B,30,120,Low
5,9,fog,C,49,130,Moderate
5,10,fog,A,60,150,Moderate
5,10,fog,B,22,120,Low
5,10,fog,C,38,130,Low
5,11,fog,A,81,150,Moderate
5,11,fog,B,36,120,Low
5,11,fog,C,58,130,Moderate
5,12,fog,A,30,150,Low
5,12,fog,B,18,120,Low
5,12,fog,C,30,130,Low
5,13,fog,A,32,150,Low
5,13,fog,B,14,120,Low
5,13,fog,C,31,130,Low
5,14,fog,A,45,150,Low
5,14,fog,B,12,120,Low
5,14,fog,C,29,130,Low
5,15,fog,A,28,150,Low
5,15,fog,B,14,120,Low
5,15,fog,C,31,130,Low
5,16,fog,A,42,150,Low
5,16,fog,B,14,120,Low
5,16,fog,C,30,130,Low
5,17,fog,A,97,150,Moderate
5,17,fog,B,36,120,Low
5,17,fog,C,60,130,Moderate
5,18,fog,A,98,150,High
5,18,fog,B,34,120,Low
5,18,fog,C,56,130,Moderate
5,19,fog,A,85,150,Moderate
5,19,fog,B,29,120,Low
5,19,fog,C,44,130,Low
5,20,fog,A,72,150,Moderate
5,20,fog,B,29,120,Low
5,20,fog,C,55,130,Moderate
5,21,fog,A,51,150,Low
5,21,fog,B,15,120,Low
5,21,fog,C,31,130,Low
5,22,fog,A,49,150,Low
5,22,fog,B,14,120,Low
5,22,fog,C,29,130,Low
5,23,fog,A,40,150,Low
5,23,fog,B,18,120,Low
5,23,fog,C,29,130,Low
6,0,rain,A,11,150,Low
6,0,rain,B,5,120,Low
6,0,rain,C,7,130,Low
6,1,rain,A,12,150,Low
6,1,rain,B,4,120,Low
6,1,rain,C,6,130,Low
6,2,rain,A,12,150,Low
6,2,rain,B,3,120,Low
6,2,rain,C,6,130,Low
6,3,rain,A,13,150,Low
6,3,rain,B,4,120,Low
6,3,rain,C,7,130,Low
6,4,rain,A,12,150,Low
6,4,rain,B,4,120,Low
6,4,rain,C,7,130,Low
6,5,rain,A,12,150,Low
6,5,rain,B,3,120,Low
6,5,rain,C,7,130,Low
6,6,rain,A,44,150,Low
6,6,rain,B,12,120,Low
6,6,rain,C,25,130,Low
6,7,rain,A,57,150,Moderate
6,7,rain,B,17,120,Low
6,7,rain,C,23,130,Low
6,8,rain,A,63,150,Moderate
6,8,rain,B,29,120,Low
6,8,rain,C,65,130,Moderate
6,9,rain,A,80,150,Moderate
6,9,rain,B,36,120,Low
6,9,rain,C,55,130,Moderate
6,10,rain,A,89,150,Moderate
6,10,rain,B,24,120,Low
6,10,rain,C,60,130,Moderate
6,11,rain,A,78,150,Moderate
6,11,rain,B,34,120,Low
6,11,rain,C,46,130,Moderate
6,12,rain,A,47,150,Low
6,12,rain,B,17,120,Low
6,12,rain,C,28,130,Low
6,13,rain,A,49,150,Low
6,13,rain,B,16,120,Low
6,13,rain,C,26,130,Low
6,14,rain,A,57,150,Moderate
6,14,rain,B,19,120,Low
6,14,rain,C,26,130,Low
6,15,rain,A,50,150,Low
6,15,rain,B,14,120,Low
6,15,rain,C,24,130,Low
6,16,rain,A,53,150,Moderate
6,16,rain,B,12,120,Low
6,16,rain,C,33,130,Low
6,17,rain,A,88,150,Moderate
6,17,rain,B,32,120,Low
6,17,rain,C,62,130,Moderate
6,18,rain,A,100,150,High
6,18,rain,B,29,120,Low
6,18,rain,C,65,130,Moderate
6,19,rain,A,93,150,Moderate
6,19,rain,B,27,120,Low
6,19,rain,C,57,130,Moderate
6,20,rain,A,111,150,High
6,20,rain,B,42,120,Moderate
6,20,rain,C,65,130,Moderate
6,21,rain,A,37,150,Low
6,21,rain,B,18,120,Low
6,21,rain,C,33,130,Low
6,22,rain,A,51,150,Low
6,22,rain,B,18,120,Low
6,22,rain,C,31,130,Low
6,23,rain,A,45,150,Low
6,23,rain,B,15,120,Low
6,23,rain,C,21,130,Low
0,0,rain,A,16,150,Low
0,0,rain,B,6,120,Low
0,0,rain,C,8,130,Low
0,1,rain,A,18,150,Low
0,1,rain,B,7,120,Low
0,1,rain,C,10,130,Low
0,2,rain,A,16,150,Low
0,2,rain,B,6,120,Low
0,2,rain,C,13,130,Low
0,3,rain,A,13,150,Low
0,3,rain,B,6,120,Low
0,3,rain,C,9,130,Low
0,4,rain,A,15,150,Low
0,4,rain,B,5,120,Low
0,4,rain,C,12,130,Low
0,5,rain,A,20,150,Low
0,5,rain,B,6,120,Low
0,5,rain,C,9,130,Low
0,6,rain,A,90,150,Moderate
0,6,rain,B,22,120,Low
0,6,rain,C,38,130,Low
0,7,rain,A,48,150,Low
0,7,rain,B,29,120,Low
0,7,rain,C,48,130,Moderate
0,8,rain,A,161,150,High
0,8,rain,B,34,120,Low
0,8,rain,C,92,130,High
0,9,rain,A,120,150,High
0,9,rain,B,48,120,Moderate
0,9,rain,C,56,130,Moderate
0,10,rain,A,144,150,High
0,10,rain,B,48,120,Moderate
0,10,rain,C,75,130,Moderate
0,11,rain,A,130,150,High
0,11,rain,B,38,120,Low
0,11,rain,C,69,130,Moderate
0,12,rain,A,61,150,Moderate
0,12,rain,B,17,120,Low
0,12,rain,C,47,130,Moderate
0,13,rain,A,77,150,Moderate
0,13,rain,B,21,120,Low
0,13,rain,C,44,130,Low
0,14,rain,A,63,150,Moderate
0,14,rain,B,25,120,Low
0,14,rain,C,38,130,Low
0,15,rain,A,57,150,Moderate
0,15,rain,B,27,120,Low
0,15,rain,C,41,130,Low
0,16,rain,A,86,150,Moderate
0,16,rain,B,24,120,Low
0,16,rain,C,36,130,Low
0,17,rain,A,156,150,High
0,17,rain,B,52,120,Moderate
0,17,rain,C,93,130,High
0,18,rain,A,155,150,High
0,18,rain,B,43,120,Moderate
0,18,rain,C,82,130,Moderate
0,19,rain,A,128,150,High
0,19,rain,B,38,120,Low
0,19,rain,C,80,130,Moderate
0,20,rain,A,158,150,High
0,20,rain,B,49,120,Moderate
0,20,rain,C,67,130,Moderate
0,21,rain,A,50,150,Low
0,21,rain,B,29,120,Low
0,21,rain,C,41,130,Low
0,22,rain,A,59,150,Moderate
0,22,rain,B,23,120,Low
0,22,rain,C,32,130,Low
0,23,rain,A,80,150,Moderate
0,23,rain,B,22,120,Low
0,23,rain,C,50,130,Moderate
1,0,clear,A,16,150,Low
1,0,clear,B,5,120,Low
1,0,clear,C,9,130,Low
1,1,clear,A,15,150,Low
1,1,clear,B,5,120,Low
1,1,clear,C,9,130,Low
1,2,clear,A,13,150,Low
1,2,clear,B,6,120,Low
1,2,clear,C,7,130,Low
1,3,clear,A,13,150,Low
1,3,clear,B,5,120,Low
1,3,clear,C,9,130,Low
1,4,clear,A,12,150,Low
1,4,clear,B,5,120,Low
1,4,clear,C,8,130,Low
1,5,clear,A,10,150,Low
1,5,clear,B,5,120,Low
1,5,clear,C,7,130,Low
1,6,clear,A,40,150,Low
1,6,clear,B,20,120,Low
1,6,clear,C,37,130,Low
1,7,clear,A,59,150,Moderate
1,7,clear,B,21,120,Low
1,7,clear,C,24,130,Low
1,8,clear,A,78,150,Moderate
1,8,clear,B,46,120,Moderate
1,8,clear,C,53,130,Moderate
1,9,clear,A,108,150,High
1,9,clear,B,32,120,Low
1,9,clear,C,63,130,Moderate
1,10,clear,A,89,150,Moderate
1,10,clear,B,39,120,Low
1,10,clear,C,64,130,Moderate
1,11,clear,A,92,150,Moderate
1,11,clear,B,30,120,Low
1,11,clear,C,65,130,Moderate
1,12,clear,A,44,150,Low
1,12,clear,B,21,120,Low
1,12,clear,C,48,130,Moderate
1,13,clear,A,66,150,Moderate
1,13,clear,B,22,120,Low
1,13,clear,C,34,130,Low
1,14,clear,A,39,150,Low
1,14,clear,B,16,120,Low
1,14,clear,C,41,130,Low
1,15,clear,A,48,150,Low
1,15,clear,B,17,120,Low
1,15,clear,C,34,130,Low
1,16,clear,A,46,150,Low
1,16,clear,B,16,120,Low
1,16,clear,C,34,130,Low
1,17,clear,A,95,150,Moderate
1,17,clear,B,35,120,Low
1,17,clear,C,61,130,Moderate
1,18,clear,A,118,150,High
1,18,clear,B,38,120,Low
1,18,clear,C,68,130,Moderate
1,19,clear,A,119,150,High
1,19,clear,B,39,120,Low
1,19,clear,C,67,130,Moderate
1,20,clear,A,117,150,High
1,20,clear,B,44,120,Moderate
1,20,clear,C,68,130,Moderate
1,21,clear,A,55,150,Moderate
1,21,clear,B,17,120,Low
1,21,clear,C,30,130,Low
1,22,clear,A,61,150,Moderate
1,22,clear,B,21,120,Low
1,22,clear,C,37,130,Low
1,23,clear,A,57,150,Moderate
1,23,clear,B,20,120,Low
1,23,clear,C,38,130,Low
2,0,rain,A,18,150,Low
2,0,rain,B,5,120,Low
2,0,rain,C,12,130,Low
2,1,rain,A,17,150,Low
2,1,rain,B,6,120,Low
2,1,rain,C,10,130,Low
2,2,rain,A,17,150,Low
2,2,rain,B,5,120,Low
2,2,rain,C,11,130,Low
2,3,rain,A,23,150,Low
2,3,rain,B,5,120,Low
2,3,rain,C,10,130,Low
2,4,rain,A,15,150,Low
2,4,rain,B,5,120,Low
2,4,rain,C,12,130,Low
2,5,rain,A,14,150,Low
2,5,rain,B,5,120,Low
2,5,rain,C,7,130,Low
2,6,rain,A,58,150,Moderate
2,6,rain,B,17,120,Low
2,6,rain,C,45,130,Low
2,7,rain,A,93,150,Moderate
2,7,rain,B,22,120,Low
2,7,rain,C,31,130,Low
2,8,rain,A,134,150,High
2,8,rain,B,38,120,Low
2,8,rain,C,90,130,High
2,9,rain,A,113,150,High
2,9,rain,B,39,120,Low
2,9,rain,C,73,130,Moderate
2,10,rain,A,132,150,High
2,10,rain,B,41,120,Low
2,10,rain,C,69,130,Moderate
2,11,rain,A,115,150,High
2,11,rain,B,34,120,Low
2,11,rain,C,80,130,Moderate
2,12,rain,A,48,150,Low
2,12,rain,B,22,120,Low
2,12,rain,C,46,130,Moderate
2,13,rain,A,69,150,Moderate
2,13,rain,B,26,120,Low
2,13,rain,C,41,130,Low
2,14,rain,A,77,150,Moderate
2,14,rain,B,27,120,Low
2,14,rain,C,44,130,Low
2,15,rain,A,75,150,Moderate
2,15,rain,B,26,120,Low
2,15,rain,C,39,130,Low
2,16,rain,A,52,150,Low
2,16,rain,B,25,120,Low
2,16,rain,C,45,130,Low
2,17,rain,A,153,150,High
2,17,rain,B,41,120,Low
2,17,rain,C,72,130,Moderate
2,18,rain,A,141,150,High
2,18,rain,B,47,120,Moderate
2,18,rain,C,60,130,Moderate
2,19,rain,A,139,150,High
2,19,rain,B,34,120,Low
2,19,rain,C,72,130,Moderate
2,20,rain,A,158,150,High
2,20,rain,B,61,120,Moderate
2,20,rain,C,68,130,Moderate
2,21,rain,A,62,150,Moderate
2,21,rain,B,24,120,Low
2,21,rain,C,53,130,Moderate
2,22,rain,A,61,150,Moderate
2,22,rain,B,22,120,Low
2,22,rain,C,51,130,Moderate
2,23,rain,A,62,150,Moderate
2,23,rain,B,26,120,Low
2,23,rain,C,32,130,Low
3,0,fog,A,16,150,Low
3,0,fog,B,4,120,Low
3,0,fog,C,8,130,Low
3,1,fog,A,17,150,Low
3,1,fog,B,5,120,Low
3,1,fog,C,9,130,Low
3,2,fog,A,13,150,Low
3,2,fog,B,5,120,Low
3,2,fog,C,10,130,Low
3,3,fog,A,17,150,Low
3,3,fog,B,3,120,Low
3,3,fog,C,8,130,Low
3,4,fog,A,15,150,Low
3,4,fog,B,5,120,Low
3,4,fog,C,10,130,Low
3,5,fog,A,15,150,Low
3,5,fog,B,5,120,Low
3,5,fog,C,8,130,Low
3,6,fog,A,58,150,Moderate
3,6,fog,B,25,120,Low
3,6,fog,C,34,130,Low
3,7,fog,A,59,150,Moderate
3,7,fog,B,22,120,Low
3,7,fog,C,47,130,Moderate
3,8,fog,A,103,150,High
3,8,fog,B,45,120,Moderate
3,8,fog,C,82,130,Moderate
3,9,fog,A,107,150,High
3,9,fog,B,38,120,Low
3,9,fog,C,65,130,Moderate
3,10,fog,A,104,150,High
3,10,fog,B,44,120,Moderate
3,10,fog,C,71,130,Moderate
3,11,fog,A,112,150,High
3,11,fog,B,32,120,Low
3,11,fog,C,59,130,Moderate
3,12,fog,A,79,150,Moderate
3,12,fog,B,21,120,Low
3,12,fog,C,34,130,Low
3,13,fog,A,73,150,Moderate
3,13,fog,B,22,120,Low
3,13,fog,C,41,130,Low
3,14,fog,A,59,150,Moderate
3,14,fog,B,20,120,Low
3,14,fog,C,37,130,Low
3,15,fog,A,47,150,Low
3,15,fog,B,21,120,Low
3,15,fog,C,40,130,Low
3,16,fog,A,77,150,Moderate
3,16,fog,B,22,120,Low
3,16,fog,C,25,130,Low
3,17,fog,A,119,150,High
3,17,fog,B,62,120,Moderate
3,17,fog,C,87,130,High
3,18,fog,A,106,150,High
3,18,fog,B,47,120,Moderate
3,18,fog,C,68,130,Moderate
3,19,fog,A,96,150,Moderate
3,19,fog,B,41,120,Low
3,19,fog,C,78,130,Moderate
3,20,fog,A,87,150,Moderate
3,20,fog,B,36,120,Low
3,20,fog,C,77,130,Moderate
3,21,fog,A,56,150,Moderate
3,21,fog,B,23,120,Low
3,21,fog,C,31,130,Low
3,22,fog,A,66,150,Moderate
3,22,fog,B,18,120,Low
3,22,fog,C,47,130,Moderate
3,23,fog,A,44,150,Low
3,23,fog,B,18,120,Low
3,23,fog,C,40,130,Low
4,0,clear,A,14,150,Low
4,0,clear,B,5,120,Low
4,0,clear,C,8,130,Low
4,1,clear,A,11,150,Low
4,1,clear,B,4,120,Low
4,1,clear,C,7,130,Low
4,2,clear,A,11,150,Low
4,2,clear,B,5,120,Low
4,2,clear,C,7,130,Low
4,3,clear,A,14,150,Low
4,3,clear,B,4,120,Low
4,3,clear,C,9,130,Low
4,4,clear,A,12,150,Low
4,4,clear,B,6,120,Low
4,4,clear,C,9,130,Low
4,5,clear,A,16,150,Low
4,5,clear,B,4,120,Low
4,5,clear,C,8,130,Low
4,6,clear,A,46,150,Low
4,6,clear,B,18,120,Low
4,6,clear,C,33,130,Low
4,7,clear,A,49,150,Low
4,7,clear,B,16,120,Low
4,7,clear,C,27,130,Low
4,8,clear,A,64,150,Moderate
4,8,clear,B,30,120,Low
4,8,clear,C,68,130,Moderate
4,9,clear,A,75,150,Moderate
4,9,clear,B,28,120,Low
4,9,clear,C,79,130,Moderate
4,10,clear,A,89,150,Moderate
4,10,clear,B,37,120,Low
4,10,clear,C,69,130,Moderate
4,11,clear,A,108,150,High
4,11,clear,B,27,120,Low
4,11,clear,C,60,130,Moderate
4,12,clear,A,41,150,Low
4,12,clear,B,27,120,Low
4,12,clear,C,26,130,Low
4,13,clear,A,46,150,Low
4,13,clear,B,16,120,Low
4,13,clear,C,27,130,Low
4,14,clear,A,66,150,Moderate
4,14,clear,B,27,120,Low
4,14,clear,C,32,130,Low
4,15,clear,A,44,150,Low
4,15,clear,B,13,120,Low
4,15,clear,C,33,130,Low
4,16,clear,A,52,150,Low
4,16,clear,B,18,120,Low
4,16,clear,C,36,130,Low
4,17,clear,A,116,150,High
4,17,clear,B,41,120,Low
4,17,clear,C,66,130,Moderate
4,18,clear,A,91,150,Moderate
4,18,clear,B,43,120,Moderate
4,18,clear,C,70,130,Moderate
4,19,clear,A,124,150,High
4,19,clear,B,44,120,Moderate
4,19,clear,C,55,130,Moderate
4,20,clear,A,86,150,Moderate
4,20,clear,B,35,120,Low
4,20,clear,C,58,130,Moderate
4,21,clear,A,61,150,Moderate
4,21,clear,B,21,120,Low
4,21,clear,C,40,130,Low
4,22,clear,A,58,150,Moderate
4,22,clear,B,20,120,Low
4,22,clear,C,41,130,Low
4,23,clear,A,58,150,Moderate
4,23,clear,B,20,120,Low
4,23,clear,C,42,130,Low
5,0,clear,A,9,150,Low
5,0,clear,B,3,120,Low
5,0,clear,C,6,130,Low
5,1,clear,A,11,150,Low
5,1,clear,B,3,120,Low
5,1,clear,C,7,130,Low
5,2,clear,A,6,150,Low
5,2,clear,B,3,120,Low
5,2,clear,C,6,130,Low
5,3,clear,A,8,150,Low
5,3,clear,B,4,120,Low
5,3,clear,C,6,130,Low
5,4,clear,A,9,150,Low
5,4,clear,B,3,120,Low
5,4,clear,C,4,130,Low
5,5,clear,A,8,150,Low
5,5,clear,B,4,120,Low
5,5,clear,C,5,130,Low
5,6,clear,A,33,150,Low
5,6,clear,B,16,120,Low
5,6,clear,C,29,130,Low
5,7,clear,A,41,150,Low
5,7,clear,B,13,120,Low
5,7,clear,C,23,130,Low
5,8,clear,A,60,150,Moderate
5,8,clear,B,21,120,Low
5,8,clear,C,37,130,Low
5,9,clear,A,62,150,Moderate
5,9,clear,B,21,120,Low
5,9,clear,C,33,130,Low
5,10,clear,A,71,150,Moderate
5,10,clear,B,26,120,Low
5,10,clear,C,55,130,Moderate
5,11,clear,A,62,150,Moderate
5,11,clear,B,26,120,Low
5,11,clear,C,46,130,Moderate
5,12,clear,A,37,150,Low
5,12,clear,B,15,120,Low
5,12,clear,C,27,130,Low
5,13,clear,A,40,150,Low
5,13,clear,B,13,120,Low
5,13,clear,C,23,130,Low
5,14,clear,A,30,150,Low
5,14,clear,B,12,120,Low
5,14,clear,C,22,130,Low
5,15,clear,A,32,150,Low
5,15,clear,B,14,120,Low
5,15,clear,C,28,130,Low
5,16,clear,A,33,150,Low
5,16,clear,B,14,120,Low
5,16,clear,C,20,130,Low
5,17,clear,A,73,150,Moderate
5,17,clear,B,25,120,Low
5,17,clear,C,53,130,Moderate
5,18,clear,A,69,150,Moderate
5,18,clear,B,32,120,Low
5,18,clear,C,47,130,Moderate
5,19,clear,A,69,150,Moderate
5,19,clear,B,22,120,Low
5,19,clear,C,50,130,Moderate
5,20,clear,A,87,150,Moderate
5,20,clear,B,29,120,Low
5,20,clear,C,65,130,Moderate
5,21,clear,A,46,150,Low
5,21,clear,B,13,120,Low
5,21,clear,C,23,130,Low
5,22,clear,A,41,150,Low
5,22,clear,B,12,120,Low
5,22,clear,C,28,130,Low
5,23,clear,A,40,150,Low
5,23,clear,B,14,120,Low
5,23,clear,C,27,130,Low
6,0,clear,A,9,150,Low
6,0,clear,B,3,120,Low
6,0,clear,C,7,130,Low
6,1,clear,A,11,150,Low
6,1,clear,B,3,120,Low
6,1,clear,C,6,130,Low
6,2,clear,A,9,150,Low
6,2,clear,B,3,120,Low
6,2,clear,C,4,130,Low
6,3,clear,A,7,150,Low
6,3,clear,B,3,120,Low
6,3,clear,C,5,130,Low
6,4,clear,A,8,150,Low
6,4,clear,B,3,120,Low
6,4,clear,C,5,130,Low
6,5,clear,A,9,150,Low
6,5,clear,B,2,120,Low
6,5,clear,C,5,130,Low
6,6,clear,A,41,150,Low
6,6,clear,B,15,120,Low
6,6,clear,C,21,130,Low
6,7,clear,A,39,150,Low
6,7,clear,B,18,120,Low
6,7,clear,C,24,130,Low
6,8,clear,A,62,150,Moderate
6,8,clear,B,24,120,Low
6,8,clear,C,44,130,Low
6,9,clear,A,67,150,Moderate
6,9,clear,B,25,120,Low
6,9,clear,C,34,130,Low
6,10,clear,A,59,150,Moderate
6,10,clear,B,24,120,Low
6,10,clear,C,43,130,Low
6,11,clear,A,63,150,Moderate
6,11,clear,B,24,120,Low
6,11,clear,C,44,130,Low
6,12,clear,A,43,150,Low
6,12,clear,B,13,120,Low
6,12,clear,C,25,130,Low
6,13,clear,A,35,150,Low
6,13,clear,B,15,120,Low
6,13,clear,C,25,130,Low
6,14,clear,A,43,150,Low
6,14,clear,B,15,120,Low
6,14,clear,C,26,130,Low
6,15,clear,A,37,150,Low
6,15,clear,B,14,120,Low
6,15,clear,C,28,130,Low
6,16,clear,A,34,150,Low
6,16,clear,B,12,120,Low
6,16,clear,C,25,130,Low
6,17,clear,A,81,150,Moderate
6,17,clear,B,24,120,Low
6,17,clear,C,48,130,Moderate
6,18,clear,A,75,150,Moderate
6,18,clear,B,18,120,Low
6,18,clear,C,47,130,Moderate
6,19,clear,A,75,150,Moderate
6,19,clear,B,27,120,Low
6,19,clear,C,59,130,Moderate
6,20,clear,A,62,150,Moderate
6,20,clear,B,24,120,Low
6,20,clear,C,29,130,Low
6,21,clear,A,35,150,Low
6,21,clear,B,13,120,Low
6,21,clear,C,22,130,Low
6,22,clear,A,44,150,Low
6,22,clear,B,15,120,Low
6,22,clear,C,24,130,Low
6,23,clear,A,36,150,Low
6,23,clear,B,16,120,Low
6,23,clear,C,24,130,Low
0,0,clear,A,10,150,Low
0,0,clear,B,4,120,Low
0,0,clear,C,9,130,Low
0,1,clear,A,18,150,Low
0,1,clear,B,5,120,Low
0,1,clear,C,7,130,Low
0,2,clear,A,11,150,Low
0,2,clear,B,5,120,Low
0,2,clear,C,6,130,Low
0,3,clear,A,14,150,Low
0,3,clear,B,5,120,Low
0,3,clear,C,9,130,Low
0,4,clear,A,13,150,Low
0,4,clear,B,5,120,Low
0,4,clear,C,8,130,Low
0,5,clear,A,12,150,Low
0,5,clear,B,6,120,Low
0,5,clear,C,8,130,Low
0,6,clear,A,61,150,Moderate
0,6,clear,B,12,120,Low
0,6,clear,C,41,130,Low
0,7,clear,A,67,150,Moderate
0,7,clear,B,20,120,Low
0,7,clear,C,37,130,Low
0,8,clear,A,107,150,High
0,8,clear,B,32,120,Low
0,8,clear,C,68,130,Moderate
0,9,clear,A,86,150,Moderate
0,9,clear,B,32,120,Low
0,9,clear,C,73,130,Moderate
0,10,clear,A,113,150,High
0,10,clear,B,32,120,Low
0,10,clear,C,56,130,Moderate
0,11,clear,A,89,150,Moderate
0,11,clear,B,39,120,Low
0,11,clear,C,53,130,Moderate
0,12,clear,A,57,150,Moderate
0,12,clear,B,22,120,Low
0,12,clear,C,34,130,Low
0,13,clear,A,63,150,Moderate
0,13,clear,B,19,120,Low
0,13,clear,C,33,130,Low
0,14,clear,A,46,150,Low
0,14,clear,B,23,120,Low
0,14,clear,C,30,130,Low
0,15,clear,A,57,150,Moderate
0,15,clear,B,19,120,Low
0,15,clear,C,29,130,Low
0,16,clear,A,49,150,Low
0,16,clear,B,24,120,Low
0,16,clear,C,36,130,Low
0,17,clear,A,93,150,Moderate
0,17,clear,B,41,120,Low
0,17,clear,C,68,130,Moderate
0,18,clear,A,166,150,High
0,18,clear,B,41,120,Low
0,18,clear,C,66,130,Moderate
0,19,clear,A,133,150,High
0,19,clear,B,28,120,Low
0,19,clear,C,70,130,Moderate
0,20,clear,A,142,150,High
0,20,clear,B,39,120,Low
0,20,clear,C,51,130,Moderate
0,21,clear,A,51,150,Low
0,21,clear,B,24,120,Low
0,21,clear,C,36,130,Low
0,22,clear,A,48,150,Low
0,22,clear,B,17,120,Low
0,22,clear,C,32,130,Low
0,23,clear,A,57,150,Moderate
0,23,clear,B,24,120,Low
0,23,clear,C,40,130,Low
1,0,clear,A,11,150,Low
1,0,clear,B,4,120,Low
1,0,clear,C,9,130,Low
1,1,clear,A,10,150,Low
1,1,clear,B,4,120,Low
1,1,clear,C,9,130,Low
1,2,clear,A,11,150,Low
1,2,clear,B,4,120,Low
1,2,clear,C,8,130,Low
1,3,clear,A,14,150,Low
1,3,clear,B,5,120,Low
1,3,clear,C,9,130,Low
1,4,clear,A,13,150,Low
1,4,clear,B,4,120,Low
1,4,clear,C,7,130,Low
1,5,clear,A,12,150,Low
1,5,clear,B,5,120,Low
1,5,clear,C,9,130,Low
1,6,clear,A,37,150,Low
1,6,clear,B,17,120,Low
1,6,clear,C,41,130,Low
1,7,clear,A,55,150,Moderate
1,7,clear,B,15,120,Low
1,7,clear,C,47,130,Moderate
1,8,clear,A,98,150,High
1,8,clear,B,38,120,Low
1,8,clear,C,66,130,Moderate
1,9,clear,A,93,150,Moderate
1,9,clear,B,32,120,Low
1,9,clear,C,83,130,Moderate
1,10,clear,A,113,150,High
1,10,clear,B,40,120,Low
1,10,clear,C,68,130,Moderate
1,11,clear,A,84,150,Moderate
1,11,clear,B,42,120,Moderate
1,11,clear,C,55,130,Moderate
1,12,clear,A,57,150,Moderate
1,12,clear,B,15,120,Low
1,12,clear,C,24,130,Low
1,13,clear,A,57,150,Moderate
1,13,clear,B,17,120,Low
1,13,clear,C,24,130,Low
1,14,clear,A,59,150,Moderate
1,14,clear,B,26,120,Low
1,14,clear,C,42,130,Low
1,15,clear,A,52,150,Low
1,15,clear,B,20,120,Low
1,15,clear,C,39,130,Low
1,16,clear,A,64,150,Moderate
1,16,clear,B,18,120,Low
1,16,clear,C,35,130,Low
1,17,clear,A,114,150,High
1,17,clear,B,43,120,Moderate
1,17,clear,C,68,130,Moderate
1,18,clear,A,108,150,High
1,18,clear,B,48,120,Moderate
1,18,clear,C,82,130,Moderate
1,19,clear,A,117,150,High
1,19,clear,B,50,120,Moderate
1,19,clear,C,65,130,Moderate
1,20,clear,A,136,150,High
1,20,clear,B,43,120,Moderate
1,20,clear,C,104,130,High
1,21,clear,A,45,150,Low
1,21,clear,B,17,120,Low
1,21,clear,C,37,130,Low
1,22,clear,A,58,150,Moderate
1,22,clear,B,25,120,Low
1,22,clear,C,31,130,Low
1,23,clear,A,62,150,Moderate
1,23,clear,B,23,120,Low
1,23,clear,C,38,130,Low
2,0,clear,A,16,150,Low
2,0,clear,B,5,120,Low
2,0,clear,C,9,130,Low
2,1,clear,A,14,150,Low
2,1,clear,B,5,120,Low
2,1,clear,C,8,130,Low
2,2,clear,A,15,150,Low
2,2,clear,B,5,120,Low
2,2,clear,C,7,130,Low
2,3,clear,A,11,150,Low
2,3,clear,B,4,120,Low
2,3,clear,C,9,130,Low
2,4,clear,A,13,150,Low
2,4,clear,B,5,120,Low
2,4,clear,C,9,130,Low
2,5,clear,A,12,150,Low
2,5,clear,B,6,120,Low
2,5,clear,C,8,130,Low
2,6,clear,A,51,150,Low
2,6,clear,B,21,120,Low
2,6,clear,C,25,130,Low
2,7,clear,A,48,150,Low
2,7,clear,B,22,120,Low
2,7,clear,C,25,130,Low
2,8,clear,A,115,150,High
2,8,clear,B,44,120,Moderate
2,8,clear,C,59,130,Moderate
2,9,clear,A,103,150,High
2,9,clear,B,42,120,Moderate
2,9,clear,C,58,130,Moderate
2,10,clear,A,111,150,High
2,10,clear,B,32,120,Low
2,10,clear,C,58,130,Moderate
2,11,clear,A,87,150,Moderate
2,11,clear,B,37,120,Low
2,11,clear,C,73,130,Moderate
2,12,clear,A,53,150,Moderate
2,12,clear,B,16,120,Low
2,12,clear,C,29,130,Low
2,13,clear,A,58,150,Moderate
2,13,clear,B,25,120,Low
2,13,clear,C,37,130,Low
2,14,clear,A,51,150,Low
2,14,clear,B,22,120,Low
2,14,clear,C,33,130,Low
2,15,clear,A,51,150,Low
2,15,clear,B,17,120,Low
2,15,clear,C,42,130,Low
2,16,clear,A,34,150,Low
2,16,clear,B,22,120,Low
2,16,clear,C,32,130,Low
2,17,clear,A,103,150,High
2,17,clear,B,50,120,Moderate
2,17,clear,C,62,130,Moderate
2,18,clear,A,98,150,High
2,18,clear,B,39,120,Low
2,18,clear,C,74,130,Moderate
2,19,clear,A,102,150,High
2,19,clear,B,30,120,Low
2,19,clear,C,60,130,Moderate
2,20,clear,A,131,150,High
2,20,clear,B,40,120,Low
2,20,clear,C,74,130,Moderate
2,21,clear,A,52,150,Low
2,21,clear,B,18,120,Low
2,21,clear,C,43,130,Low
2,22,clear,A,53,150,Moderate
2,22,clear,B,18,120,Low
2,22,clear,C,40,130,Low
2,23,clear,A,49,150,Low
2,23,clear,B,18,120,Low
2,23,clear,C,35,130,Low
3,0,rain,A,17,150,Low
3,0,rain,B,7,120,Low
3,0,rain,C,11,130,Low
3,1,rain,A,10,150,Low
3,1,rain,B,6,120,Low
3,1,rain,C,10,130,Low
3,2,rain,A,16,150,Low
3,2,rain,B,6,120,Low
3,2,rain,C,10,130,Low
3,3,rain,A,16,150,Low
3,3,rain,B,6,120,Low
3,3,rain,C,9,130,Low
3,4,rain,A,14,150,Low
3,4,rain,B,8,120,Low
3,4,rain,C,9,130,Low
3,5,rain,A,16,150,Low
3,5,rain,B,4,120,Low
3,5,rain,C,10,130,Low
3,6,rain,A,56,150,Moderate
3,6,rain,B,22,120,Low
3,6,rain,C,48,130,Moderate
3,7,rain,A,70,150,Moderate
3,7,rain,B,26,120,Low
3,7,rain,C,30,130,Low
3,8,rain,A,151,150,High
3,8,rain,B,35,120,Low
3,8,rain,C,92,130,High
3,9,rain,A,137,150,High
3,9,rain,B,46,120,Moderate
3,9,rain,C,65,130,Moderate
3,10,rain,A,121,150,High
3,10,rain,B,40,120,Low
3,10,rain,C,75,130,Moderate
3,11,rain,A,114,150,High
3,11,rain,B,29,120,Low
3,11,rain,C,88,130,High
3,12,rain,A,65,150,Moderate
3,12,rain,B,22,120,Low
3,12,rain,C,38,130,Low
3,13,rain,A,69,150,Moderate
3,13,rain,B,20,120,Low
3,13,rain,C,27,130,Low
3,14,rain,A,70,150,Moderate
3,14,rain,B,25,120,Low
3,14,rain,C,40,130,Low
3,15,rain,A,54,150,Moderate
3,15,rain,B,24,120,Low
3,15,rain,C,32,130,Low
3,16,rain,A,55,150,Moderate
3,16,rain,B,21,120,Low
3,16,rain,C,47,130,Moderate
3,17,rain,A,124,150,High
3,17,rain,B,44,120,Moderate
3,17,rain,C,108,130,High
3,18,rain,A,138,150,High
3,18,rain,B,50,120,Moderate
3,18,rain,C,79,130,Moderate
3,19,rain,A,120,150,High
3,19,rain,B,32,120,Low
3,19,rain,C,96,130,High
3,20,rain,A,140,150,High
3,20,rain,B,46,120,Moderate
3,20,rain,C,82,130,Moderate
3,21,rain,A,73,150,Moderate
3,21,rain,B,18,120,Low
3,21,rain,C,38,130,Low
3,22,rain,A,54,150,Moderate
3,22,rain,B,30,120,Low
3,22,rain,C,47,130,Moderate
3,23,rain,A,44,150,Low
3,23,rain,B,18,120,Low
3,23,rain,C,41,130,Low
4,0,rain,A,13,150,Low
4,0,rain,B,7,120,Low
4,0,rain,C,10,130,Low
4,1,rain,A,17,150,Low
4,1,rain,B,5,120,Low
4,1,rain,C,11,130,Low
4,2,rain,A,15,150,Low
4,2,rain,B,5,120,Low
4,2,rain,C,11,130,Low
4,3,rain,A,12,150,Low
4,3,rain,B,7,120,Low
4,3,rain,C,10,130,Low
4,4,rain,A,19,150,Low
4,4,rain,B,5,120,Low
4,4,rain,C,9,130,Low
4,5,rain,A,13,150,Low
4,5,rain,B,6,120,Low
4,5,rain,C,10,130,Low
4,6,rain,A,61,150,Moderate
4,6,rain,B,20,120,Low
4,6,rain,C,34,130,Low
4,7,rain,A,65,150,Moderate
4,7,rain,B,22,120,Low
4,7,rain,C,37,130,Low
4,8,rain,A,146,150,High
4,8,rain,B,42,120,Moderate
4,8,rain,C,90,130,High
4,9,rain,A,109,150,High
4,9,rain,B,44,120,Moderate
4,9,rain,C,74,130,Moderate
4,10,rain,A,88,150,Moderate
4,10,rain,B,52,120,Moderate
4,10,rain,C,74,130,Moderate
4,11,rain,A,132,150,High
4,11,rain,B,38,120,Low
4,11,rain,C,73,130,Moderate
4,12,rain,A,57,150,Moderate
4,12,rain,B,28,120,Low
4,12,rain,C,43,130,Low
4,13,rain,A,69,150,Moderate
4,13,rain,B,28,120,Low
4,13,rain,C,49,130,Moderate
4,14,rain,A,73,150,Moderate
4,14,rain,B,18,120,Low
4,14,rain,C,37,130,Low
4,15,rain,A,56,150,Moderate
4,15,rain,B,26,120,Low
4,15,rain,C,43,130,Low
4,16,rain,A,52,150,Low
4,16,rain,B,23,120,Low
4,16,rain,C,32,130,Low
4,17,rain,A,130,150,High
4,17,rain,B,36,120,Low
4,17,rain,C,90,130,High
4,18,rain,A,139,150,High
4,18,rain,B,61,120,Moderate
4,18,rain,C,94,130,High
4,19,rain,A,123,150,High
4,19,rain,B,53,120,Moderate
4,19,rain,C,66,130,Moderate
4,20,rain,A,112,150,High
4,20,rain,B,50,120,Moderate
4,20,rain,C,56,130,Moderate
4,21,rain,A,65,150,Moderate
4,21,rain,B,20,120,Low
4,21,rain,C,42,130,Low
4,22,rain,A,55,150,Moderate
4,22,rain,B,25,120,Low
4,22,rain,C,42,130,Low
4,23,rain,A,79,150,Moderate
4,23,rain,B,24,120,Low
4,23,rain,C,37,130,Low
5,0,rain,A,9,150,Low
5,0,rain,B,4,120,Low
5,0,rain,C,8,130,Low
5,1,rain,A,15,150,Low
5,1,rain,B,3,120,Low
5,1,rain,C,7,130,Low
5,2,rain,A,10,150,Low
5,2,rain,B,4,120,Low
5,2,rain,C,7,130,Low
5,3,rain,A,11,150,Low
5,3,rain,B,4,120,Low
5,3,rain,C,6,130,Low
5,4,rain,A,13,150,Low
5,4,rain,B,4,120,Low
5,4,rain,C,7,130,Low
5,5,rain,A,11,150,Low
5,5,rain,B,5,120,Low
5,5,rain,C,6,130,Low
5,6,rain,A,48,150,Low
5,6,rain,B,14,120,Low
5,6,rain,C,37,130,Low
5,7,rain,A,52,150,Low
5,7,rain,B,15,120,Low
5,7,rain,C,31,130,Low
5,8,rain,A,86,150,Moderate
5,8,rain,B,27,120,Low
5,8,rain,C,58,130,Moderate
5,9,rain,A,88,150,Moderate
5,9,rain,B,31,120,Low
5,9,rain,C,52,130,Moderate
5,10,rain,A,88,150,Moderate
5,10,rain,B,31,120,Low
5,10,rain,C,53,130,Moderate
5,11,rain,A,75,150,Moderate
5,11,rain,B,37,120,Low
5,11,rain,C,44,130,Low
5,12,rain,A,49,150,Low
5,12,rain,B,15,120,Low
5,12,rain,C,37,130,Low
5,13,rain,A,39,150,Low
5,13,rain,B,14,120,Low
5,13,rain,C,25,130,Low
5,14,rain,A,48,150,Low
5,14,rain,B,13,120,Low
5,14,rain,C,27,130,Low
5,15,rain,A,31,150,Low
5,15,rain,B,17,120,Low
5,15,rain,C,27,130,Low
5,16,rain,A,35,150,Low
5,16,rain,B,19,120,Low
5,16,rain,C,23,130,Low
5,17,rain,A,103,150,High
5,17,rain,B,30,120,Low
5,17,rain,C,72,130,Moderate
5,18,rain,A,102,150,High
5,18,rain,B,28,120,Low
5,18,rain,C,50,130,Moderate
5,19,rain,A,100,150,High
5,19,rain,B,32,120,Low
5,19,rain,C,57,130,Moderate
5,20,rain,A,110,150,High
5,20,rain,B,29,120,Low
5,20,rain,C,59,130,Moderate
5,21,rain,A,52,150,Low
5,21,rain,B,18,120,Low
5,21,rain,C,28,130,Low
5,22,rain,A,44,150,Low
5,22,rain,B,12,120,Low
5,22,rain,C,24,130,Low
5,23,rain,A,48,150,Low
5,23,rain,B,16,120,Low
5,23,rain,C,29,130,Low
6,0,clear,A,7,150,Low
6,0,clear,B,3,120,Low
6,0,clear,C,6,130,Low
6,1,clear,A,8,150,Low
6,1,clear,B,4,120,Low
6,1,clear,C,6,130,Low
6,2,clear,A,10,150,Low
6,2,clear,B,4,120,Low
6,2,clear,C,4,130,Low
6,3,clear,A,9,150,Low
6,3,clear,B,3,120,Low
6,3,clear,C,5,130,Low
6,4,clear,A,10,150,Low
6,4,clear,B,2,120,Low
6,4,clear,C,6,130,Low
6,5,clear,A,11,150,Low
6,5,clear,B,3,120,Low
6,5,clear,C,4,130,Low
6,6,clear,A,32,150,Low
6,6,clear,B,15,120,Low
6,6,clear,C,24,130,Low
6,7,clear,A,22,150,Low
6,7,clear,B,16,120,Low
6,7,clear,C,25,130,Low
6,8,clear,A,60,150,Moderate
6,8,clear,B,28,120,Low
6,8,clear,C,39,130,Low
6,9,clear,A,62,150,Moderate
6,9,clear,B,26,120,Low
6,9,clear,C,55,130,Moderate
6,10,clear,A,86,150,Moderate
6,10,clear,B,26,120,Low
6,10,clear,C,47,130,Moderate
6,11,clear,A,77,150,Moderate
6,11,clear,B,20,120,Low
6,11,clear,C,48,130,Moderate
6,12,clear,A,34,150,Low
6,12,clear,B,14,120,Low
6,12,clear,C,23,130,Low
6,13,clear,A,41,150,Low
6,13,clear,B,14,120,Low
6,13,clear,C,13,130,Low
6,14,clear,A,39,150,Low
6,14,clear,B,15,120,Low
6,14,clear,C,26,130,Low
6,15,clear,A,37,150,Low
6,15,clear,B,17,120,Low
6,15,clear,C,25,130,Low
6,16,clear,A,41,150,Low
6,16,clear,B,16,120,Low
6,16,clear,C,25,130,Low
6,17,clear,A,66,150,Moderate
6,17,clear,B,17,120,Low
6,17,clear,C,45,130,Low
6,18,clear,A,85,150,Moderate
6,18,clear,B,26,120,Low
6,18,clear,C,54,130,Moderate
6,19,clear,A,78,150,Moderate
6,19,clear,B,33,120,Low
6,19,clear,C,46,130,Moderate
6,20,clear,A,82,150,Moderate
6,20,clear,B,30,120,Low
6,20,clear,C,60,130,Moderate
6,21,clear,A,28,150,Low
6,21,clear,B,13,120,Low
6,21,clear,C,27,130,Low
6,22,clear,A,47,150,Low
6,22,clear,B,14,120,Low
6,22,clear,C,23,130,Low
6,23,clear,A,42,150,Low
6,23,clear,B,15,120,Low
6,23,clear,C,23,130,Low
0,0,clear,A,16,150,Low
0,0,clear,B,6,120,Low
0,0,clear,C,9,130,Low
0,1,clear,A,13,150,Low
0,1,clear,B,4,120,Low
0,1,clear,C,9,130,Low
0,2,clear,A,13,150,Low
0,2,clear,B,5,120,Low
0,2,clear,C,7,130,Low
0,3,clear,A,16,150,Low
0,3,clear,B,4,120,Low
0,3,clear,C,8,130,Low
0,4,clear,A,13,150,Low
0,4,clear,B,6,120,Low
0,4,clear,C,8,130,Low
0,5,clear,A,12,150,Low
0,5,clear,B,4,120,Low
0,5,clear,C,10,130,Low
0,6,clear,A,31,150,Low
0,6,clear,B,16,120,Low
0,6,clear,C,49,130,Moderate
0,7,clear,A,59,150,Moderate
0,7,clear,B,16,120,Low
0,7,clear,C,34,130,Low
0,8,clear,A,100,150,High
0,8,clear,B,40,120,Low
0,8,clear,C,80,130,Moderate
0,9,clear,A,104,150,High
0,9,clear,B,33,120,Low
0,9,clear,C,70,130,Moderate
0,10,clear,A,88,150,Moderate
0,10,clear,B,30,120,Low
0,10,clear,C,46,130,Moderate
0,11,clear,A,75,150,Moderate
0,11,clear,B,31,120,Low
0,11,clear,C,51,130,Moderate
0,12,clear,A,57,150,Moderate
0,12,clear,B,16,120,Low
0,12,clear,C,18,130,Low
0,13,clear,A,46,150,Low
0,13,clear,B,18,120,Low
0,13,clear,C,31,130,Low
0,14,clear,A,67,150,Moderate
0,14,clear,B,18,120,Low
0,14,clear,C,39,130,Low
0,15,clear,A,54,150,Moderate
0,15,clear,B,19,120,Low
0,15,clear,C,30,130,Low
0,16,clear,A,54,150,Moderate
0,16,clear,B,17,120,Low
0,16,clear,C,35,130,Low
0,17,clear,A,106,150,High
0,17,clear,B,34,120,Low
0,17,clear,C,80,130,Moderate
0,18,clear,A,117,150,High
0,18,clear,B,37,120,Low
0,18,clear,C,71,130,Moderate
0,19,clear,A,108,150,High
0,19,clear,B,34,120,Low
0,19,clear,C,70,130,Moderate
0,20,clear,A,99,150,High
0,20,clear,B,34,120,Low
0,20,clear,C,52,130,Moderate
0,21,clear,A,52,150,Low
0,21,clear,B,21,120,Low
0,21,clear,C,31,130,Low
0,22,clear,A,75,150,Moderate
0,22,clear,B,22,120,Low
0,22,clear,C,41,130,Low
0,23,clear,A,61,150,Moderate
0,23,clear,B,25,120,Low
0,23,clear,C,30,130,Low
1,0,clear,A,13,150,Low
1,0,clear,B,4,120,Low
1,0,clear,C,9,130,Low
1,1,clear,A,14,150,Low
1,1,clear,B,5,120,Low
1,1,clear,C,10,130,Low
1,2,clear,A,14,150,Low
1,2,clear,B,5,120,Low
1,2,clear,C,7,130,Low
1,3,clear,A,11,150,Low
1,3,clear,B,6,120,Low
1,3,clear,C,8,130,Low
1,4,clear,A,12,150,Low
1,4,clear,B,4,120,Low
1,4,clear,C,7,130,Low
1,5,clear,A,12,150,Low
1,5,clear,B,4,120,Low
1,5,clear,C,6,130,Low
1,6,clear,A,53,150,Moderate
1,6,clear,B,18,120,Low
1,6,clear,C,40,130,Low
1,7,clear,A,57,150,Moderate
1,7,clear,B,20,120,Low
1,7,clear,C,31,130,Low
1,8,clear,A,97,150,Moderate
1,8,clear,B,37,120,Low
1,8,clear,C,69,130,Moderate
1,9,clear,A,97,150,Moderate
1,9,clear,B,41,120,Low
1,9,clear,C,63,130,Moderate
1,10,clear,A,110,150,High
1,10,clear,B,33,120,Low
1,10,clear,C,45,130,Low
1,11,clear,A,102,150,High
1,11,clear,B,39,120,Low
1,11,clear,C,68,130,Moderate
1,12,clear,A,58,150,Moderate
1,12,clear,B,18,120,Low
1,12,clear,C,30,130,Low
1,13,clear,A,59,150,Moderate
1,13,clear,B,21,120,Low
1,13,clear,C,32,130,Low
1,14,clear,A,64,150,Moderate
1,14,clear,B,17,120,Low
1,14,clear,C,31,130,Low
1,15,clear,A,68,150,Moderate
1,15,clear,B,22,120,Low
1,15,clear,C,33,130,Low
1,16,clear,A,57,150,Moderate
1,16,clear,B,20,120,Low
1,16,clear,C,20,130,Low
1,17,clear,A,95,150,Moderate
1,17,clear,B,39,120,Low
1,17,clear,C,66,130,Moderate
1,18,clear,A,114,150,High
1,18,clear,B,46,120,Moderate
1,18,clear,C,66,130,Moderate
1,19,clear,A,92,150,Moderate
1,19,clear,B,41,120,Low
1,19,clear,C,66,130,Moderate
1,20,clear,A,107,150,High
1,20,clear,B,38,120,Low
1,20,clear,C,93,130,High
1,21,clear,A,36,150,Low
1,21,clear,B,18,120,Low
1,21,clear,C,34,130,Low
1,22,clear,A,48,150,Low
1,22,clear,B,22,120,Low
1,22,clear,C,39,130,Low
1,23,clear,A,54,150,Moderate
1,23,clear,B,19,120,Low
1,23,clear,C,34,130,Low
2,0,clear,A,13,150,Low
2,0,clear,B,4,120,Low
2,0,clear,C,9,130,Low
2,1,clear,A,15,150,Low
2,1,clear,B,4,120,Low
2,1,clear,C,7,130,Low
2,2,clear,A,10,150,Low
2,2,clear,B,5,120,Low
2,2,clear,C,9,130,Low
2,3,clear,A,14,150,Low
2,3,clear,B,3,120,Low
2,3,clear,C,11,130,Low
2,4,clear,A,12,150,Low
2,4,clear,B,5,120,Low
2,4,clear,C,9,130,Low
2,5,clear,A,11,150,Low
2,5,clear,B,4,120,Low
2,5,clear,C,8,130,Low
2,6,clear,A,78,150,Moderate
2,6,clear,B,20,120,Low
2,6,clear,C,43,130,Low
2,7,clear,A,64,150,Moderate
2,7,clear,B,21,120,Low
2,7,clear,C,29,130,Low
2,8,clear,A,114,150,High
2,8,clear,B,27,120,Low
2,8,clear,C,78,130,Moderate
2,9,clear,A,101,150,High
2,9,clear,B,21,120,Low
2,9,clear,C,59,130,Moderate
2,10,clear,A,108,150,High
2,10,clear,B,34,120,Low
2,10,clear,C,69,130,Moderate
2,11,clear,A,86,150,Moderate
2,11,clear,B,28,120,Low
2,11,clear,C,62,130,Moderate
2,12,clear,A,55,150,Moderate
2,12,clear,B,18,120,Low
2,12,clear,C,41,130,Low
2,13,clear,A,47,150,Low
2,13,clear,B,20,120,Low
2,13,clear,C,35,130,Low
2,14,clear,A,42,150,Low
2,14,clear,B,16,120,Low
2,14,clear,C,35,130,Low
2,15,clear,A,71,150,Moderate
2,15,clear,B,21,120,Low
2,15,clear,C,25,130,Low
2,16,clear,A,29,150,Low
2,16,clear,B,22,120,Low
2,16,clear,C,34,130,Low
2,17,clear,A,128,150,High
2,17,clear,B,34,120,Low
2,17,clear,C,73,130,Moderate
2,18,clear,A,123,150,High
2,18,clear,B,37,120,Low
2,18,clear,C,65,130,Moderate
2,19,clear,A,110,150,High
2,19,clear,B,43,120,Moderate
2,19,clear,C,69,130,Moderate
2,20,clear,A,126,150,High
2,20,clear,B,37,120,Low
2,20,clear,C,56,130,Moderate
2,21,clear,A,71,150,Moderate
2,21,clear,B,18,120,Low
2,21,clear,C,32,130,Low
2,22,clear,A,54,150,Moderate
2,22,clear,B,20,120,Low
2,22,clear,C,32,130,Low
2,23,clear,A,54,150,Moderate
2,23,clear,B,19,120,Low
2,23,clear,C,35,130,Low
3,0,clear,A,17,150,Low
3,0,clear,B,4,120,Low
3,0,clear,C,9,130,Low
3,1,clear,A,10,150,Low
3,1,clear,B,4,120,Low
3,1,clear,C,7,130,Low
3,2,clear,A,16,150,Low
3,2,clear,B,4,120,Low
3,2,clear,C,9,130,Low
3,3,clear,A,12,150,Low
3,3,clear,B,4,120,Low
3,3,clear,C,8,130,Low
3,4,clear,A,16,150,Low
3,4,clear,B,3,120,Low
3,4,clear,C,7,130,Low
3,5,clear,A,9,150,Low
3,5,clear,B,4,120,Low
3,5,clear,C,7,130,Low
3,6,clear,A,41,150,Low
3,6,clear,B,17,120,Low
3,6,clear,C,24,130,Low
3,7,clear,A,46,150,Low
3,7,clear,B,23,120,Low
3,7,clear,C,37,130,Low
3,8,clear,A,101,150,High
3,8,clear,B,30,120,Low
3,8,clear,C,48,130,Moderate
3,9,clear,A,82,150,Moderate
3,9,clear,B,35,120,Low
3,9,clear,C,71,130,Moderate
3,10,clear,A,112,150,High
3,10,clear,B,39,120,Low
3,10,clear,C,56,130,Moderate
3,11,clear,A,99,150,High
3,11,clear,B,34,120,Low
3,11,clear,C,61,130,Moderate
3,12,clear,A,71,150,Moderate
3,12,clear,B,14,120,Low
3,12,clear,C,33,130,Low
3,13,clear,A,64,150,Moderate
3,13,clear,B,15,120,Low
3,13,clear,C,31,130,Low
3,14,clear,A,50,150,Low
3,14,clear,B,19,120,Low
3,14,clear,C,26,130,Low
3,15,clear,A,59,150,Moderate
3,15,clear,B,21,120,Low
3,15,clear,C,37,130,Low
3,16,clear,A,47,150,Low
3,16,clear,B,20,120,Low
3,16,clear,C,30,130,Low
3,17,clear,A,104,150,High
3,17,clear,B,52,120,Moderate
3,17,clear,C,71,130,Moderate
3,18,clear,A,90,150,Moderate
3,18,clear,B,41,120,Low
3,18,clear,C,55,130,Moderate
3,19,clear,A,90,150,Moderate
3,19,clear,B,33,120,Low
3,19,clear,C,65,130,Moderate
3,20,clear,A,125,150,High
3,20,clear,B,43,120,Moderate
3,20,clear,C,75,130,Moderate
3,21,clear,A,45,150,Low
3,21,clear,B,18,120,Low
3,21,clear,C,36,130,Low
3,22,clear,A,49,150,Low
3,22,clear,B,19,120,Low
3,22,clear,C,37,130,Low
3,23,clear,A,52,150,Low
3,23,clear,B,20,120,Low
3,23,clear,C,43,130,Low
4,0,clear,A,16,150,Low
4,0,clear,B,5,120,Low
4,0,clear,C,6,130,Low
4,1,clear,A,11,150,Low
4,1,clear,B,4,120,Low
4,1,clear,C,7,130,Low
4,2,clear,A,13,150,Low
4,2,clear,B,5,120,Low
4,2,clear,C,10,130,Low
4,3,clear,A,14,150,Low
4,3,clear,B,4,120,Low
4,3,clear,C,6,130,Low
4,4,clear,A,13,150,Low
4,4,clear,B,5,120,Low
4,4,clear,C,8,130,Low
4,5,clear,A,18,150,Low
4,5,clear,B,5,120,Low
4,5,clear,C,9,130,Low
4,6,clear,A,47,150,Low
4,6,clear,B,18,120,Low
4,6,clear,C,34,130,Low
4,7,clear,A,48,150,Low
4,7,clear,B,21,120,Low
4,7,clear,C,36,130,Low
4,8,clear,A,82,150,Moderate
4,8,clear,B,42,120,Moderate
4,8,clear,C,63,130,Moderate
4,9,clear,A,73,150,Moderate
4,9,clear,B,35,120,Low
4,9,clear,C,65,130,Moderate
4,10,clear,A,113,150,High
4,10,clear,B,34,120,Low
4,10,clear,C,70,130,Moderate
4,11,clear,A,101,150,High
4,11,clear,B,28,120,Low
4,11,clear,C,49,130,Moderate
4,12,clear,A,64,150,Moderate
4,12,clear,B,23,120,Low
4,12,clear,C,36,130,Low
4,13,clear,A,67,150,Moderate
4,13,clear,B,23,120,Low
4,13,clear,C,38,130,Low
4,14,clear,A,47,150,Low
4,14,clear,B,25,120,Low
4,14,clear,C,37,130,Low
4,15,clear,A,51,150,Low
4,15,clear,B,17,120,Low
4,15,clear,C,36,130,Low
4,16,clear,A,41,150,Low
4,16,clear,B,22,120,Low
4,16,clear,C,29,130,Low
4,17,clear,A,116,150,High
4,17,clear,B,36,120,Low
4,17,clear,C,67,130,Moderate
4,18,clear,A,97,150,Moderate
4,18,clear,B,39,120,Low
4,18,clear,C,89,130,High
4,19,clear,A,132,150,High
4,19,clear,B,42,120,Moderate
4,19,clear,C,69,130,Moderate
4,20,clear,A,123,150,High
4,20,clear,B,46,120,Moderate
4,20,clear,C,61,130,Moderate
4,21,clear,A,54,150,Moderate
4,21,clear,B,14,120,Low
4,21,clear,C,40,130,Low
4,22,clear,A,72,150,Moderate
4,22,clear,B,20,120,Low
4,22,clear,C,23,130,Low
4,23,clear,A,60,150,Moderate
4,23,clear,B,17,120,Low
4,23,clear,C,31,130,Low
5,0,clear,A,9,150,Low
5,0,clear,B,3,120,Low
5,0,clear,C,5,130,Low
5,1,clear,A,9,150,Low
5,1,clear,B,3,120,Low
5,1,clear,C,5,130,Low
5,2,clear,A,9,150,Low
5,2,clear,B,3,120,Low
5,2,clear,C,5,130,Low
5,3,clear,A,7,150,Low
5,3,clear,B,4,120,Low
5,3,clear,C,3,130,Low
5,4,clear,A,8,150,Low
5,4,clear,B,3,120,Low
5,4,clear,C,6,130,Low
5,5,clear,A,10,150,Low
5,5,clear,B,4,120,Low
5,5,clear,C,5,130,Low
5,6,clear,A,41,150,Low
5,6,clear,B,14,120,Low
5,6,clear,C,18,130,Low
5,7,clear,A,49,150,Low
5,7,clear,B,10,120,Low
5,7,clear,C,26,130,Low
5,8,clear,A,73,150,Moderate
5,8,clear,B,26,120,Low
5,8,clear,C,40,130,Low
5,9,clear,A,77,150,Moderate
5,9,clear,B,19,120,Low
5,9,clear,C,43,130,Low
5,10,clear,A,63,150,Moderate
5,10,clear,B,22,120,Low
5,10,clear,C,46,130,Moderate
5,11,clear,A,80,150,Moderate
5,11,clear,B,23,120,Low
5,11,clear,C,49,130,Moderate
5,12,clear,A,38,150,Low
5,12,clear,B,12,120,Low
5,12,clear,C,23,130,Low
5,13,clear,A,36,150,Low
5,13,clear,B,12,120,Low
5,13,clear,C,26,130,Low
5,14,clear,A,39,150,Low
5,14,clear,B,10,120,Low
5,14,clear,C,18,130,Low
5,15,clear,A,40,150,Low
5,15,clear,B,12,120,Low
5,15,clear,C,25,130,Low
5,16,clear,A,43,150,Low
5,16,clear,B,11,120,Low
5,16,clear,C,19,130,Low
5,17,clear,A,96,150,Moderate
5,17,clear,B,29,120,Low
5,17,clear,C,45,130,Low
5,18,clear,A,66,150,Moderate
5,18,clear,B,25,120,Low
5,18,clear,C,40,130,Low
5,19,clear,A,87,150,Moderate
5,19,clear,B,24,120,Low
5,19,clear,C,57,130,Moderate
5,20,clear,A,72,150,Moderate
5,20,clear,B,23,120,Low
5,20,clear,C,45,130,Low
5,21,clear,A,23,150,Low
5,21,clear,B,13,120,Low
5,21,clear,C,23,130,Low
5,22,clear,A,43,150,Low
5,22,clear,B,10,120,Low
5,22,clear,C,28,130,Low
5,23,clear,A,43,150,Low
5,23,clear,B,16,120,Low
5,23,clear,C,24,130,Low
6,0,clear,A,7,150,Low
6,0,clear,B,3,120,Low
6,0,clear,C,5,130,Low
6,1,clear,A,7,150,Low
6,1,clear,B,2,120,Low
6,1,clear,C,6,130,Low
6,2,clear,A,8,150,Low
6,2,clear,B,3,120,Low
6,2,clear,C,4,130,Low
6,3,clear,A,6,150,Low
6,3,clear,B,4,120,Low
6,3,clear,C,6,130,Low
6,4,clear,A,8,150,Low
6,4,clear,B,3,120,Low
6,4,clear,C,7,130,Low
6,5,clear,A,10,150,Low
6,5,clear,B,3,120,Low
6,5,clear,C,7,130,Low
6,6,clear,A,34,150,Low
6,6,clear,B,14,120,Low
6,6,clear,C,24,130,Low
6,7,clear,A,36,150,Low
6,7,clear,B,13,120,Low
6,7,clear,C,24,130,Low
6,8,clear,A,69,150,Moderate
6,8,clear,B,21,120,Low
6,8,clear,C,49,130,Moderate
6,9,clear,A,59,150,Moderate
6,9,clear,B,24,120,Low
6,9,clear,C,42,130,Low
6,10,clear,A,73,150,Moderate
6,10,clear,B,17,120,Low
6,10,clear,C,49,130,Moderate
6,11,clear,A,62,150,Moderate
6,11,clear,B,29,120,Low
6,11,clear,C,40,130,Low
6,12,clear,A,38,150,Low
6,12,clear,B,18,120,Low
6,12,clear,C,23,130,Low
6,13,clear,A,45,150,Low
6,13,clear,B,14,120,Low
6,13,clear,C,26,130,Low
6,14,clear,A,38,150,Low
6,14,clear,B,15,120,Low
6,14,clear,C,21,130,Low
6,15,clear,A,32,150,Low
6,15,clear,B,12,120,Low
6,15,clear,C,24,130,Low
6,16,clear,A,37,150,Low
6,16,clear,B,15,120,Low
6,16,clear,C,29,130,Low
6,17,clear,A,65,150,Moderate
6,17,clear,B,24,120,Low
6,17,clear,C,38,130,Low
6,18,clear,A,100,150,High
6,18,clear,B,29,120,Low
6,18,clear,C,52,130,Moderate
6,19,clear,A,61,150,Moderate
6,19,clear,B,27,120,Low
6,19,clear,C,52,130,Moderate
6,20,clear,A,74,150,Moderate
6,20,clear,B,32,120,Low
6,20,clear,C,65,130,Moderate
6,21,clear,A,33,150,Low
6,21,clear,B,11,120,Low
6,21,clear,C,21,130,Low
6,22,clear,A,47,150,Low
6,22,clear,B,16,120,Low
6,22,clear,C,24,130,Low
6,23,clear,A,38,150,Low
6,23,clear,B,12,120,Low
6,23,clear,C,27,130,Low
0,0,rain,A,15,150,Low
0,0,rain,B,6,120,Low
0,0,rain,C,10,130,Low
0,1,rain,A,15,150,Low
0,1,rain,B,6,120,Low
0,1,rain,C,11,130,Low
0,2,rain,A,20,150,Low
0,2,rain,B,6,120,Low
0,2,rain,C,11,130,Low
0,3,rain,A,16,150,Low
0,3,rain,B,5,120,Low
0,3,rain,C,11,130,Low
0,4,rain,A,16,150,Low
0,4,rain,B,4,120,Low
0,4,rain,C,9,130,Low
0,5,rain,A,16,150,Low
0,5,rain,B,5,120,Low
0,5,rain,C,12,130,Low
0,6,rain,A,70,150,Moderate
0,6,rain,B,28,120,Low
0,6,rain,C,43,130,Low
0,7,rain,A,66,150,Moderate
0,7,rain,B,20,120,Low
0,7,rain,C,42,130,Low
0,8,rain,A,119,150,High
0,8,rain,B,34,120,Low
0,8,rain,C,69,130,Moderate
0,9,rain,A,113,150,High
0,9,rain,B,45,120,Moderate
0,9,rain,C,80,130,Moderate
0,10,rain,A,108,150,High
0,10,rain,B,46,120,Moderate
0,10,rain,C,73,130,Moderate
0,11,rain,A,67,150,Moderate
0,11,rain,B,40,120,Low
0,11,rain,C,87,130,High
0,12,rain,A,49,150,Low
0,12,rain,B,24,120,Low
0,12,rain,C,51,130,Moderate
0,13,rain,A,58,150,Moderate
0,13,rain,B,24,120,Low
0,13,rain,C,33,130,Low
0,14,rain,A,82,150,Moderate
0,14,rain,B,23,120,Low
0,14,rain,C,42,130,Low
0,15,rain,A,79,150,Moderate
0,15,rain,B,26,120,Low
0,15,rain,C,36,130,Low
0,16,rain,A,59,150,Moderate
0,16,rain,B,25,120,Low
0,16,rain,C,38,130,Low
0,17,rain,A,90,150,Moderate
0,17,rain,B,47,120,Moderate
0,17,rain,C,65,130,Moderate
0,18,rain,A,164,150,High
0,18,rain,B,49,120,Moderate
0,18,rain,C,72,130,Moderate
0,19,rain,A,118,150,High
0,19,rain,B,34,120,Low
0,19,rain,C,70,130,Moderate
0,20,rain,A,152,150,High
0,20,rain,B,64,120,Moderate
0,20,rain,C,93,130,High
0,21,rain,A,65,150,Moderate
0,21,rain,B,22,120,Low
0,21,rain,C,35,130,Low
0,22,rain,A,86,150,Moderate
0,22,rain,B,23,120,Low
0,22,rain,C,55,130,Moderate
0,23,rain,A,79,150,Moderate
0,23,rain,B,17,120,Low
0,23,rain,C,37,130,Low
1,0,clear,A,13,150,Low
1,0,clear,B,4,120,Low
1,0,clear,C,12,130,Low
1,1,clear,A,11,150,Low
1,1,clear,B,5,120,Low
1,1,clear,C,9,130,Low
1,2,clear,A,13,150,Low
1,2,clear,B,5,120,Low
1,2,clear,C,7,130,Low
1,3,clear,A,13,150,Low
1,3,clear,B,5,120,Low
1,3,clear,C,9,130,Low
1,4,clear,A,14,150,Low
1,4,clear,B,6,120,Low
1,4,clear,C,9,130,Low
1,5,clear,A,13,150,Low
1,5,clear,B,4,120,Low
1,5,clear,C,7,130,Low
1,6,clear,A,53,150,Moderate
1,6,clear,B,20,120,Low
1,6,clear,C,32,130,Low
1,7,clear,A,47,150,Low
1,7,clear,B,16,120,Low
1,7,clear,C,26,130,Low
1,8,clear,A,95,150,Moderate
1,8,clear,B,28,120,Low
1,8,clear,C,53,130,Moderate
1,9,clear,A,93,150,Moderate
1,9,clear,B,28,120,Low
1,9,clear,C,66,130,Moderate
1,10,clear,A,109,150,High
1,10,clear,B,33,120,Low
1,10,clear,C,58,130,Moderate
1,11,clear,A,106,150,High
1,11,clear,B,32,120,Low
1,11,clear,C,55,130,Moderate
1,12,clear,A,64,150,Moderate
1,12,clear,B,22,120,Low
1,12,clear,C,38,130,Low
1,13,clear,A,62,150,Moderate
1,13,clear,B,14,120,Low
1,13,clear,C,42,130,Low
1,14,clear,A,58,150,Moderate
1,14,clear,B,23,120,Low
1,14,clear,C,37,130,Low
1,15,clear,A,55,150,Moderate
1,15,clear,B,19,120,Low
1,15,clear,C,36,130,Low
1,16,clear,A,52,150,Low
1,16,clear,B,22,120,Low
1,16,clear,C,26,130,Low
1,17,clear,A,101,150,High
1,17,clear,B,52,120,Moderate
1,17,clear,C,63,130,Moderate
1,18,clear,A,106,150,High
1,18,clear,B,34,120,Low
1,18,clear,C,73,130,Moderate
1,19,clear,A,97,150,Moderate
1,19,clear,B,38,120,Low
1,19,clear,C,78,130,Moderate
1,20,clear,A,98,150,High
1,20,clear,B,44,120,Moderate
1,20,clear,C,78,130,Moderate
1,21,clear,A,63,150,Moderate
1,21,clear,B,20,120,Low
1,21,clear,C,52,130,Moderate
1,22,clear,A,63,150,Moderate
1,22,clear,B,20,120,Low
1,22,clear,C,30,130,Low
1,23,clear,A,54,150,Moderate
1,23,clear,B,24,120,Low
1,23,clear,C,43,130,Low
2,0,rain,A,18,150,Low
2,0,rain,B,4,120,Low
2,0,rain,C,11,130,Low
2,1,rain,A,13,150,Low
2,1,rain,B,4,120,Low
2,1,rain,C,10,130,Low
2,2,rain,A,17,150,Low
2,2,rain,B,6,120,Low
2,2,rain,C,11,130,Low
2,3,rain,A,17,150,Low
2,3,rain,B,5,120,Low
2,3,rain,C,10,130,Low
2,4,rain,A,12,150,Low
2,4,rain,B,4,120,Low
2,4,rain,C,11,130,Low
2,5,rain,A,14,150,Low
2,5,rain,B,6,120,Low
2,5,rain,C,12,130,Low
2,6,rain,A,59,150,Moderate
2,6,rain,B,26,120,Low
2,6,rain,C,37,130,Low
2,7,rain,A,47,150,Low
2,7,rain,B,24,120,Low
2,7,rain,C,39,130,Low
2,8,rain,A,110,150,High
2,8,rain,B,56,120,Moderate
2,8,rain,C,58,130,Moderate
2,9,rain,A,125,150,High
2,9,rain,B,36,120,Low
2,9,rain,C,85,130,High
2,10,rain,A,124,150,High
2,10,rain,B,45,120,Moderate
2,10,rain,C,64,130,Moderate
2,11,rain,A,105,150,High
2,11,rain,B,49,120,Moderate
2,11,rain,C,95,130,High
2,12,rain,A,70,150,Moderate
2,12,rain,B,20,120,Low
2,12,rain,C,44,130,Low
2,13,rain,A,90,150,Moderate
2,13,rain,B,24,120,Low
2,13,rain,C,51,130,Moderate
2,14,rain,A,58,150,Moderate
2,14,rain,B,23,120,Low
2,14,rain,C,45,130,Low
2,15,rain,A,69,150,Moderate
2,15,rain,B,21,120,Low
2,15,rain,C,36,130,Low
2,16,rain,A,75,150,Moderate
2,16,rain,B,28,120,Low
2,16,rain,C,51,130,Moderate
2,17,rain,A,167,150,High
2,17,rain,B,48,120,Moderate
2,17,rain,C,80,130,Moderate
2,18,rain,A,158,150,High
2,18,rain,B,53,120,Moderate
2,18,rain,C,71,130,Moderate
2,19,rain,A,111,150,High
2,19,rain,B,51,120,Moderate
2,19,rain,C,81,130,Moderate
2,20,rain,A,131,150,High
2,20,rain,B,55,120,Moderate
2,20,rain,C,93,130,High
2,21,rain,A,79,150,Moderate
2,21,rain,B,17,120,Low
2,21,rain,C,43,130,Low
2,22,rain,A,72,150,Moderate
2,22,rain,B,18,120,Low
2,22,rain,C,37,130,Low
2,23,rain,A,57,150,Moderate
2,23,rain,B,24,120,Low
2,23,rain,C,52,130,Moderate
3,0,clear,A,12,150,Low
3,0,clear,B,5,120,Low
3,0,clear,C,9,130,Low
3,1,clear,A,14,150,Low
3,1,clear,B,5,120,Low
3,1,clear,C,9,130,Low
3,2,clear,A,17,150,Low
3,2,clear,B,5,120,Low
3,2,clear,C,7,130,Low
3,3,clear,A,15,150,Low
3,3,clear,B,5,120,Low
3,3,clear,C,9,130,Low
3,4,clear,A,16,150,Low
3,4,clear,B,5,120,Low
3,4,clear,C,9,130,Low
3,5,clear,A,14,150,Low
3,5,clear,B,3,120,Low
3,5,clear,C,8,130,Low
3,6,clear,A,49,150,Low
3,6,clear,B,16,120,Low
3,6,clear,C,42,130,Low
3,7,clear,A,59,150,Moderate
3,7,clear,B,19,120,Low
3,7,clear,C,32,130,Low
3,8,clear,A,103,150,High
3,8,clear,B,41,120,Low
3,8,clear,C,55,130,Moderate
3,9,clear,A,98,150,High
3,9,clear,B,40,120,Low
3,9,clear,C,44,130,Low
3,10,clear,A,98,150,High
3,10,clear,B,33,120,Low
3,10,clear,C,61,130,Moderate
3,11,clear,A,91,150,Moderate
3,11,clear,B,36,120,Low
3,11,clear,C,81,130,Moderate
3,12,clear,A,52,150,Low
3,12,clear,B,20,120,Low
3,12,clear,C,45,130,Low
3,13,clear,A,50,150,Low
3,13,clear,B,25,120,Low
3,13,clear,C,35,130,Low
3,14,clear,A,69,150,Moderate
3,14,clear,B,22,120,Low
3,14,clear,C,36,130,Low
3,15,clear,A,54,150,Moderate
3,15,clear,B,18,120,Low
3,15,clear,C,35,130,Low
3,16,clear,A,62,150,Moderate
3,16,clear,B,19,120,Low
3,16,clear,C,33,130,Low
3,17,clear,A,105,150,High
3,17,clear,B,45,120,Moderate
3,17,clear,C,82,130,Moderate
3,18,clear,A,98,150,High
3,18,clear,B,35,120,Low
3,18,clear,C,73,130,Moderate
3,19,clear,A,135,150,High
3,19,clear,B,46,120,Moderate
3,19,clear,C,56,130,Moderate
3,20,clear,A,105,150,High
3,20,clear,B,34,120,Low
3,20,clear,C,67,130,Moderate
3,21,clear,A,68,150,Moderate
3,21,clear,B,15,120,Low
3,21,clear,C,26,130,Low
3,22,clear,A,48,150,Low
3,22,clear,B,20,120,Low
3,22,clear,C,38,130,Low
3,23,clear,A,58,150,Moderate
3,23,clear,B,23,120,Low
3,23,clear,C,25,130,Low
4,0,rain,A,15,150,Low
4,0,rain,B,6,120,Low
4,0,rain,C,8,130,Low
4,1,rain,A,16,150,Low
4,1,rain,B,6,120,Low
4,1,rain,C,12,130,Low
4,2,rain,A,12,150,Low
4,2,rain,B,6,120,Low
4,2,rain,C,8,130,Low
4,3,rain,A,17,150,Low
4,3,rain,B,6,120,Low
4,3,rain,C,12,130,Low
4,4,rain,A,15,150,Low
4,4,rain,B,6,120,Low
4,4,rain,C,12,130,Low
4,5,rain,A,12,150,Low
4,5,rain,B,6,120,Low
4,5,rain,C,12,130,Low
4,6,rain,A,63,150,Moderate
4,6,rain,B,19,120,Low
4,6,rain,C,47,130,Moderate
4,7,rain,A,54,150,Moderate
4,7,rain,B,23,120,Low
4,7,rain,C,41,130,Low
4,8,rain,A,131,150,High
4,8,rain,B,39,120,Low
4,8,rain,C,67,130,Moderate
4,9,rain,A,120,150,High
4,9,rain,B,49,120,Moderate
4,9,rain,C,101,130,High
4,10,rain,A,91,150,Moderate
4,10,rain,B,45,120,Moderate
4,10,rain,C,63,130,Moderate
4,11,rain,A,136,150,High
4,11,rain,B,37,120,Low
4,11,rain,C,67,130,Moderate
4,12,rain,A,60,150,Moderate
4,12,rain,B,23,120,Low
4,12,rain,C,44,130,Low
4,13,rain,A,70,150,Moderate
4,13,rain,B,23,120,Low
4,13,rain,C,33,130,Low
4,14,rain,A,73,150,Moderate
4,14,rain,B,23,120,Low
4,14,rain,C,49,130,Moderate
4,15,rain,A,58,150,Moderate
4,15,rain,B,18,120,Low
4,15,rain,C,41,130,Low
4,16,rain,A,78,150,Moderate
4,16,rain,B,24,120,Low
4,16,rain,C,40,130,Low
4,17,rain,A,114,150,High
4,17,rain,B,60,120,Moderate
4,17,rain,C,71,130,Moderate
4,18,rain,A,117,150,High
4,18,rain,B,52,120,Moderate
4,18,rain,C,60,130,Moderate
4,19,rain,A,157,150,High
4,19,rain,B,52,120,Moderate
4,19,rain,C,95,130,High
4,20,rain,A,143,150,High
4,20,rain,B,46,120,Moderate
4,20,rain,C,70,130,Moderate
4,21,rain,A,64,150,Moderate
4,21,rain,B,20,120,Low
4,21,rain,C,45,130,Low
4,22,rain,A,73,150,Moderate
4,22,rain,B,29,120,Low
4,22,rain,C,44,130,Low
4,23,rain,A,75,150,Moderate
4,23,rain,B,22,120,Low
4,23,rain,C,38,130,Low
5,0,clear,A,9,150,Low
5,0,clear,B,3,120,Low
5,0,clear,C,5,130,Low
5,1,clear,A,8,150,Low
5,1,clear,B,3,120,Low
5,1,clear,C,6,130,Low
5,2,clear,A,8,150,Low
5,2,clear,B,3,120,Low
5,2,clear,C,5,130,Low
5,3,clear,A,9,150,Low
5,3,clear,B,4,120,Low
5,3,clear,C,6,130,Low
5,4,clear,A,10,150,Low
5,4,clear,B,4,120,Low
5,4,clear,C,5,130,Low
5,5,clear,A,8,150,Low
5,5,clear,B,3,120,Low
5,5,clear,C,5,130,Low
5,6,clear,A,24,150,Low
5,6,clear,B,13,120,Low
5,6,clear,C,22,130,Low
5,7,clear,A,43,150,Low
5,7,clear,B,14,120,Low
5,7,clear,C,22,130,Low
5,8,clear,A,75,150,Moderate
5,8,clear,B,27,120,Low
5,8,clear,C,39,130,Low
5,9,clear,A,64,150,Moderate
5,9,clear,B,16,120,Low
5,9,clear,C,36,130,Low
5,10,clear,A,61,150,Moderate
5,10,clear,B,25,120,Low
5,10,clear,C,37,130,Low
5,11,clear,A,63,150,Moderate
5,11,clear,B,20,120,Low
5,11,clear,C,45,130,Low
5,12,clear,A,40,150,Low
5,12,clear,B,14,120,Low
5,12,clear,C,24,130,Low
5,13,clear,A,29,150,Low
5,13,clear,B,12,120,Low
5,13,clear,C,23,130,Low
5,14,clear,A,36,150,Low
5,14,clear,B,14,120,Low
5,14,clear,C,29,130,Low
5,15,clear,A,43,150,Low
5,15,clear,B,11,120,Low
5,15,clear,C,26,130,Low
5,16,clear,A,42,150,Low
5,16,clear,B,12,120,Low
5,16,clear,C,27,130,Low
5,17,clear,A,75,150,Moderate
5,17,clear,B,22,120,Low
5,17,clear,C,52,130,Moderate
5,18,clear,A,79,150,Moderate
5,18,clear,B,27,120,Low
5,18,clear,C,48,130,Moderate
5,19,clear,A,68,150,Moderate
5,19,clear,B,30,120,Low
5,19,clear,C,48,130,Moderate
5,20,clear,A,78,150,Moderate
5,20,clear,B,29,120,Low
5,20,clear,C,40,130,Low
5,21,clear,A,33,150,Low
5,21,clear,B,9,120,Low
5,21,clear,C,26,130,Low
5,22,clear,A,31,150,Low
5,22,clear,B,14,120,Low
5,22,clear,C,25,130,Low
5,23,clear,A,41,150,Low
5,23,clear,B,11,120,Low
5,23,clear,C,24,130,Low
6,0,clear,A,12,150,Low
6,0,clear,B,4,120,Low
6,0,clear,C,6,130,Low
6,1,clear,A,8,150,Low
6,1,clear,B,3,120,Low
6,1,clear,C,5,130,Low
6,2,clear,A,10,150,Low
6,2,clear,B,3,120,Low
6,2,clear,C,5,130,Low
6,3,clear,A,9,150,Low
6,3,clear,B,3,120,Low
6,3,clear,C,6,130,Low
6,4,clear,A,8,150,Low
6,4,clear,B,2,120,Low
6,4,clear,C,7,130,Low
6,5,clear,A,13,150,Low
6,5,clear,B,3,120,Low
6,5,clear,C,4,130,Low
6,6,clear,A,34,150,Low
6,6,clear,B,15,120,Low
6,6,clear,C,29,130,Low
6,7,clear,A,31,150,Low
6,7,clear,B,13,120,Low
6,7,clear,C,25,130,Low
6,8,clear,A,78,150,Moderate
6,8,clear,B,23,120,Low
6,8,clear,C,33,130,Low
6,9,clear,A,75,150,Moderate
6,9,clear,B,29,120,Low
6,9,clear,C,43,130,Low
6,10,clear,A,73,150,Moderate
6,10,clear,B,23,120,Low
6,10,clear,C,38,130,Low
6,11,clear,A,79,150,Moderate
6,11,clear,B,26,120,Low
6,11,clear,C,47,130,Moderate
6,12,clear,A,47,150,Low
6,12,clear,B,11,120,Low
6,12,clear,C,22,130,Low
6,13,clear,A,39,150,Low
6,13,clear,B,12,120,Low
6,13,clear,C,27,130,Low
6,14,clear,A,37,150,Low
6,14,clear,B,11,120,Low
6,14,clear,C,24,130,Low
6,15,clear,A,39,150,Low
6,15,clear,B,15,120,Low
6,15,clear,C,25,130,Low
6,16,clear,A,41,150,Low
6,16,clear,B,14,120,Low
6,16,clear,C,23,130,Low
6,17,clear,A,68,150,Moderate
6,17,clear,B,29,120,Low
6,17,clear,C,46,130,Moderate
6,18,clear,A,96,150,Moderate
6,18,clear,B,33,120,Low
6,18,clear,C,53,130,Moderate
6,19,clear,A,81,150,Moderate
6,19,clear,B,27,120,Low
6,19,clear,C,39,130,Low
6,20,clear,A,74,150,Moderate
6,20,clear,B,28,120,Low
6,20,clear,C,50,130,Moderate
6,21,clear,A,41,150,Low
6,21,clear,B,15,120,Low
6,21,clear,C,21,130,Low
6,22,clear,A,34,150,Low
6,22,clear,B,17,120,Low
6,22,clear,C,27,130,Low
6,23,clear,A,36,150,Low
6,23,clear,B,13,120,Low
6,23,clear,C,24,130,Low
0,0,rain,A,17,150,Low
0,0,rain,B,8,120,Low
0,0,rain,C,10,130,Low
0,1,rain,A,18,150,Low
0,1,rain,B,4,120,Low
0,1,rain,C,9,130,Low
0,2,rain,A,19,150,Low
0,2,rain,B,6,120,Low
0,2,rain,C,3,130,Low
0,3,rain,A,18,150,Low
0,3,rain,B,7,120,Low
0,3,rain,C,7,130,Low
0,4,rain,A,20,150,Low
0,4,rain,B,3,120,Low
0,4,rain,C,11,130,Low
0,5,rain,A,16,150,Low
0,5,rain,B,3,120,Low
0,5,rain,C,11,130,Low
0,6,rain,A,77,150,Moderate
0,6,rain,B,25,120,Low
0,6,rain,C,45,130,Low
0,7,rain,A,61,150,Moderate
0,7,rain,B,17,120,Low
0,7,rain,C,46,130,Moderate
0,8,rain,A,149,150,High
0,8,rain,B,50,120,Moderate
0,8,rain,C,53,130,Moderate
0,9,rain,A,91,150,Moderate
0,9,rain,B,37,120,Low
0,9,rain,C,57,130,Moderate
0,10,rain,A,119,150,High
0,10,rain,B,45,120,Moderate
0,10,rain,C,59,130,Moderate
0,11,rain,A,132,150,High
0,11,rain,B,47,120,Moderate
0,11,rain,C,69,130,Moderate
0,12,rain,A,64,150,Moderate
0,12,rain,B,16,120,Low
0,12,rain,C,39,130,Low
0,13,rain,A,66,150,Moderate
0,13,rain,B,24,120,Low
0,13,rain,C,44,130,Low
0,14,rain,A,68,150,Moderate
0,14,rain,B,23,120,Low
0,14,rain,C,43,130,Low
0,15,rain,A,75,150,Moderate
0,15,rain,B,23,120,Low
0,15,rain,C,44,130,Low
0,16,rain,A,64,150,Moderate
0,16,rain,B,21,120,Low
0,16,rain,C,45,130,Low
0,17,rain,A,121,150,High
0,17,rain,B,50,120,Moderate
0,17,rain,C,84,130,Moderate
0,18,rain,A,125,150,High
0,18,rain,B,45,120,Moderate
0,18,rain,C,77,130,Moderate
0,19,rain,A,99,150,High
0,19,rain,B,50,120,Moderate
0,19,rain,C,86,130,High
0,20,rain,A,148,150,High
0,20,rain,B,44,120,Moderate
0,20,rain,C,107,130,High
0,21,rain,A,62,150,Moderate
0,21,rain,B,20,120,Low
0,21,rain,C,35,130,Low
0,22,rain,A,48,150,Low
0,22,rain,B,29,120,Low
0,22,rain,C,50,130,Moderate
0,23,rain,A,71,150,Moderate
0,23,rain,B,20,120,Low
0,23,rain,C,53,130,Moderate
1,0,clear,A,13,150,Low
1,0,clear,B,6,120,Low
1,0,clear,C,9,130,Low
1,1,clear,A,18,150,Low
1,1,clear,B,5,120,Low
1,1,clear,C,8,130,Low
1,2,clear,A,12,150,Low
1,2,clear,B,3,120,Low
1,2,clear,C,8,130,Low
1,3,clear,A,16,150,Low
1,3,clear,B,5,120,Low
1,3,clear,C,8,130,Low
1,4,clear,A,11,150,Low
1,4,clear,B,5,120,Low
1,4,clear,C,10,130,Low
1,5,clear,A,14,150,Low
1,5,clear,B,5,120,Low
1,5,clear,C,7,130,Low
1,6,clear,A,62,150,Moderate
1,6,clear,B,10,120,Low
1,6,clear,C,37,130,Low
1,7,clear,A,76,150,Moderate
1,7,clear,B,15,120,Low
1,7,clear,C,33,130,Low
1,8,clear,A,98,150,High
1,8,clear,B,33,120,Low
1,8,clear,C,72,130,Moderate
1,9,clear,A,106,150,High
1,9,clear,B,36,120,Low
1,9,clear,C,70,130,Moderate
1,10,clear,A,99,150,High
1,10,clear,B,53,120,Moderate
1,10,clear,C,64,130,Moderate
1,11,clear,A,101,150,High
1,11,clear,B,26,120,Low
1,11,clear,C,57,130,Moderate
1,12,clear,A,64,150,Moderate
1,12,clear,B,15,120,Low
1,12,clear,C,23,130,Low
1,13,clear,A,55,150,Moderate
1,13,clear,B,24,120,Low
1,13,clear,C,35,130,Low
1,14,clear,A,52,150,Low
1,14,clear,B,14,120,Low
1,14,clear,C,37,130,Low
1,15,clear,A,60,150,Moderate
1,15,clear,B,14,120,Low
1,15,clear,C,40,130,Low
1,16,clear,A,61,150,Moderate
1,16,clear,B,23,120,Low
1,16,clear,C,38,130,Low
1,17,clear,A,120,150,High
1,17,clear,B,43,120,Moderate
1,17,clear,C,79,130,Moderate
1,18,clear,A,79,150,Moderate
1,18,clear,B,30,120,Low
1,18,clear,C,62,130,Moderate
1,19,clear,A,107,150,High
1,19,clear,B,42,120,Moderate
1,19,clear,C,73,130,Moderate
1,20,clear,A,128,150,High
1,20,clear,B,46,120,Moderate
1,20,clear,C,60,130,Moderate
1,21,clear,A,56,150,Moderate
1,21,clear,B,17,120,Low
1,21,clear,C,34,130,Low
1,22,clear,A,57,150,Moderate
1,22,clear,B,9,120,Low
1,22,clear,C,47,130,Moderate
1,23,clear,A,59,150,Moderate
1,23,clear,B,18,120,Low
1,23,clear,C,45,130,Low
2,0,clear,A,14,150,Low
2,0,clear,B,4,120,Low
2,0,clear,C,10,130,Low
2,1,clear,A,13,150,Low
2,1,clear,B,5,120,Low
2,1,clear,C,10,130,Low
2,2,clear,A,14,150,Low
2,2,clear,B,4,120,Low
2,2,clear,C,10,130,Low
2,3,clear,A,18,150,Low
2,3,clear,B,5,120,Low
2,3,clear,C,8,130,Low
2,4,clear,A,14,150,Low
2,4,clear,B,5,120,Low
2,4,clear,C,7,130,Low
2,5,clear,A,13,150,Low
2,5,clear,B,3,120,Low
2,5,clear,C,7,130,Low
2,6,clear,A,50,150,Low
2,6,clear,B,19,120,Low
2,6,clear,C,44,130,Low
2,7,clear,A,59,150,Moderate
2,7,clear,B,17,120,Low
2,7,clear,C,31,130,Low
2,8,clear,A,119,150,High
2,8,clear,B,42,120,Moderate
2,8,clear,C,63,130,Moderate
2,9,clear,A,92,150,Moderate
2,9,clear,B,42,120,Moderate
2,9,clear,C,53,130,Moderate
2,10,clear,A,104,150,High
2,10,clear,B,48,120,Moderate
2,10,clear,C,64,130,Moderate
2,11,clear,A,87,150,Moderate
2,11,clear,B,38,120,Low
2,11,clear,C,58,130,Moderate
2,12,clear,A,43,150,Low
2,12,clear,B,22,120,Low
2,12,clear,C,40,130,Low
2,13,clear,A,52,150,Low
2,13,clear,B,18,120,Low
2,13,clear,C,29,130,Low
2,14,clear,A,53,150,Moderate
2,14,clear,B,18,120,Low
2,14,clear,C,29,130,Low
2,15,clear,A,70,150,Moderate
2,15,clear,B,21,120,Low
2,15,clear,C,38,130,Low
2,16,clear,A,62,150,Moderate
2,16,clear,B,22,120,Low
2,16,clear,C,32,130,Low
2,17,clear,A,114,150,High
2,17,clear,B,38,120,Low
2,17,clear,C,74,130,Moderate
2,18,clear,A,115,150,High
2,18,clear,B,37,120,Low
2,18,clear,C,56,130,Moderate
2,19,clear,A,112,150,High
2,19,clear,B,38,120,Low
2,19,clear,C,50,130,Moderate
2,20,clear,A,118,150,High
2,20,clear,B,45,120,Moderate
2,20,clear,C,96,130,High
2,21,clear,A,51,150,Low
2,21,clear,B,18,120,Low
2,21,clear,C,29,130,Low
2,22,clear,A,56,150,Moderate
2,22,clear,B,20,120,Low
2,22,clear,C,30,130,Low
2,23,clear,A,53,150,Moderate
2,23,clear,B,14,120,Low
2,23,clear,C,39,130,Low
3,0,clear,A,13,150,Low
3,0,clear,B,3,120,Low
3,0,clear,C,7,130,Low
3,1,clear,A,13,150,Low
3,1,clear,B,4,120,Low
3,1,clear,C,9,130,Low
3,2,clear,A,16,150,Low
3,2,clear,B,5,120,Low
3,2,clear,C,10,130,Low
3,3,clear,A,16,150,Low
3,3,clear,B,5,120,Low
3,3,clear,C,8,130,Low
3,4,clear,A,15,150,Low
3,4,clear,B,5,120,Low
3,4,clear,C,9,130,Low
3,5,clear,A,10,150,Low
3,5,clear,B,4,120,Low
3,5,clear,C,8,130,Low
3,6,clear,A,61,150,Moderate
3,6,clear,B,19,120,Low
3,6,clear,C,40,130,Low
3,7,clear,A,65,150,Moderate
3,7,clear,B,23,120,Low
3,7,clear,C,41,130,Low
3,8,clear,A,83,150,Moderate
3,8,clear,B,38,120,Low
3,8,clear,C,57,130,Moderate
3,9,clear,A,74,150,Moderate
3,9,clear,B,34,120,Low
3,9,clear,C,75,130,Moderate
3,10,clear,A,105,150,High
3,10,clear,B,46,120,Moderate
3,10,clear,C,64,130,Moderate
3,11,clear,A,135,150,High
3,11,clear,B,36,120,Low
3,11,clear,C,63,130,Moderate
3,12,clear,A,44,150,Low
3,12,clear,B,23,120,Low
3,12,clear,C,32,130,Low
3,13,clear,A,49,150,Low
3,13,clear,B,23,120,Low
3,13,clear,C,41,130,Low
3,14,clear,A,64,150,Moderate
3,14,clear,B,18,120,Low
3,14,clear,C,34,130,Low
3,15,clear,A,54,150,Moderate
3,15,clear,B,22,120,Low
3,15,clear,C,43,130,Low
3,16,clear,A,58,150,Moderate
3,16,clear,B,25,120,Low
3,16,clear,C,39,130,Low
3,17,clear,A,106,150,High
3,17,clear,B,44,120,Moderate
3,17,clear,C,87,130,High
3,18,clear,A,142,150,High
3,18,clear,B,47,120,Moderate
3,18,clear,C,70,130,Moderate
3,19,clear,A,106,150,High
3,19,clear,B,43,120,Moderate
3,19,clear,C,87,130,High
3,20,clear,A,117,150,High
3,20,clear,B,42,120,Moderate
3,20,clear,C,70,130,Moderate
3,21,clear,A,52,150,Low
3,21,clear,B,19,120,Low
3,21,clear,C,35,130,Low
3,22,clear,A,69,150,Moderate
3,22,clear,B,19,120,Low
3,22,clear,C,35,130,Low
3,23,clear,A,47,150,Low
3,23,clear,B,22,120,Low
3,23,clear,C,42,130,Low
4,0,clear,A,14,150,Low
4,0,clear,B,5,120,Low
4,0,clear,C,8,130,Low
4,1,clear,A,14,150,Low
4,1,clear,B,5,120,Low
4,1,clear,C,8,130,Low
4,2,clear,A,14,150,Low
4,2,clear,B,5,120,Low
4,2,clear,C,8,130,Low
4,3,clear,A,13,150,Low
4,3,clear,B,6,120,Low
4,3,clear,C,12,130,Low
4,4,clear,A,11,150,Low
4,4,clear,B,4,120,Low
4,4,clear,C,7,130,Low
4,5,clear,A,13,150,Low
4,5,clear,B,5,120,Low
4,5,clear,C,9,130,Low
4,6,clear,A,56,150,Moderate
4,6,clear,B,21,120,Low
4,6,clear,C,31,130,Low
4,7,clear,A,52,150,Low
4,7,clear,B,19,120,Low
4,7,clear,C,26,130,Low
4,8,clear,A,81,150,Moderate
4,8,clear,B,29,120,Low
4,8,clear,C,70,130,Moderate
4,9,clear,A,102,150,High
4,9,clear,B,39,120,Low
4,9,clear,C,45,130,Low
4,10,clear,A,76,150,Moderate
4,10,clear,B,39,120,Low
4,10,clear,C,36,130,Low
4,11,clear,A,117,150,High
4,11,clear,B,26,120,Low
4,11,clear,C,70,130,Moderate
4,12,clear,A,47,150,Low
4,12,clear,B,23,120,Low
4,12,clear,C,51,130,Moderate
4,13,clear,A,36,150,Low
4,13,clear,B,22,120,Low
4,13,clear,C,25,130,Low
4,14,clear,A,58,150,Moderate
4,14,clear,B,19,120,Low
4,14,clear,C,35,130,Low
4,15,clear,A,47,150,Low
4,15,clear,B,22,120,Low
4,15,clear,C,27,130,Low
4,16,clear,A,65,150,Moderate
4,16,clear,B,18,120,Low
4,16,clear,C,27,130,Low
4,17,clear,A,136,150,High
4,17,clear,B,39,120,Low
4,17,clear,C,90,130,High
4,18,clear,A,130,150,High
4,18,clear,B,35,120,Low
4,18,clear,C,69,130,Moderate
4,19,clear,A,111,150,High
4,19,clear,B,49,120,Moderate
4,19,clear,C,74,130,Moderate
4,20,clear,A,112,150,High
4,20,clear,B,38,120,Low
4,20,clear,C,69,130,Moderate
4,21,clear,A,65,150,Moderate
4,21,clear,B,20,120,Low
4,21,clear,C,32,130,Low
4,22,clear,A,50,150,Low
4,22,clear,B,18,120,Low
4,22,clear,C,27,130,Low
4,23,clear,A,48,150,Low
4,23,clear,B,24,120,Low
4,23,clear,C,33,130,Low
5,0,clear,A,6,150,Low
5,0,clear,B,3,120,Low
5,0,clear,C,5,130,Low
5,1,clear,A,8,150,Low
5,1,clear,B,3,120,Low
5,1,clear,C,5,130,Low
5,2,clear,A,6,150,Low
5,2,clear,B,3,120,Low
5,2,clear,C,6,130,Low
5,3,clear,A,9,150,Low
5,3,clear,B,2,120,Low
5,3,clear,C,4,130,Low
5,4,clear,A,9,150,Low
5,4,clear,B,4,120,Low
5,4,clear,C,6,130,Low
5,5,clear,A,7,150,Low
5,5,clear,B,3,120,Low
5,5,clear,C,6,130,Low
5,6,clear,A,43,150,Low
5,6,clear,B,15,120,Low
5,6,clear,C,13,130,Low
5,7,clear,A,41,150,Low
5,7,clear,B,11,120,Low
5,7,clear,C,19,130,Low
5,8,clear,A,67,150,Moderate
5,8,clear,B,26,120,Low
5,8,clear,C,33,130,Low
5,9,clear,A,76,150,Moderate
5,9,clear,B,28,120,Low
5,9,clear,C,44,130,Low
5,10,clear,A,60,150,Moderate
5,10,clear,B,21,120,Low
5,10,clear,C,50,130,Moderate
5,11,clear,A,53,150,Moderate
5,11,clear,B,29,120,Low
5,11,clear,C,43,130,Low
5,12,clear,A,37,150,Low
5,12,clear,B,10,120,Low
5,12,clear,C,23,130,Low
5,13,clear,A,42,150,Low
5,13,clear,B,11,120,Low
5,13,clear,C,26,130,Low
5,14,clear,A,39,150,Low
5,14,clear,B,12,120,Low
5,14,clear,C,27,130,Low
5,15,clear,A,25,150,Low
5,15,clear,B,14,120,Low
5,15,clear,C,30,130,Low
5,16,clear,A,46,150,Low
5,16,clear,B,14,120,Low
5,16,clear,C,23,130,Low
5,17,clear,A,69,150,Moderate
5,17,clear,B,26,120,Low
5,17,clear,C,52,130,Moderate
5,18,clear,A,67,150,Moderate
5,18,clear,B,31,120,Low
5,18,clear,C,64,130,Moderate
5,19,clear,A,76,150,Moderate
5,19,clear,B,22,120,Low
5,19,clear,C,39,130,Low
5,20,clear,A,85,150,Moderate
5,20,clear,B,27,120,Low
5,20,clear,C,55,130,Moderate
5,21,clear,A,35,150,Low
5,21,clear,B,15,120,Low
5,21,clear,C,23,130,Low
5,22,clear,A,34,150,Low
5,22,clear,B,13,120,Low
5,22,clear,C,20,130,Low
5,23,clear,A,49,150,Low
5,23,clear,B,13,120,Low
5,23,clear,C,26,130,Low
6,0,clear,A,8,150,Low
6,0,clear,B,3,120,Low
6,0,clear,C,7,130,Low
6,1,clear,A,8,150,Low
6,1,clear,B,3,120,Low
6,1,clear,C,6,130,Low
6,2,clear,A,10,150,Low
6,2,clear,B,4,120,Low
6,2,clear,C,6,130,Low
6,3,clear,A,10,150,Low
6,3,clear,B,3,120,Low
6,3,clear,C,5,130,Low
6,4,clear,A,8,150,Low
6,4,clear,B,2,120,Low
6,4,clear,C,4,130,Low
6,5,clear,A,10,150,Low
6,5,clear,B,3,120,Low
6,5,clear,C,6,130,Low
6,6,clear,A,23,150,Low
6,6,clear,B,18,120,Low
6,6,clear,C,21,130,Low
6,7,clear,A,50,150,Low
6,7,clear,B,10,120,Low
6,7,clear,C,21,130,Low
6,8,clear,A,46,150,Low
6,8,clear,B,26,120,Low
6,8,clear,C,36,130,Low
6,9,clear,A,58,150,Moderate
6,9,clear,B,20,120,Low
6,9,clear,C,49,130,Moderate
6,10,clear,A,76,150,Moderate
6,10,clear,B,32,120,Low
6,10,clear,C,39,130,Low
6,11,clear,A,71,150,Moderate
6,11,clear,B,20,120,Low
6,11,clear,C,41,130,Low
6,12,clear,A,35,150,Low
6,12,clear,B,14,120,Low
6,12,clear,C,28,130,Low
6,13,clear,A,44,150,Low
6,13,clear,B,12,120,Low
6,13,clear,C,28,130,Low
6,14,clear,A,38,150,Low
6,14,clear,B,13,120,Low
6,14,clear,C,21,130,Low
6,15,clear,A,35,150,Low
6,15,clear,B,17,120,Low
6,15,clear,C,25,130,Low
6,16,clear,A,39,150,Low
6,16,clear,B,13,120,Low
6,16,clear,C,33,130,Low
6,17,clear,A,92,150,Moderate
6,17,clear,B,24,120,Low
6,17,clear,C,46,130,Moderate
6,18,clear,A,74,150,Moderate
6,18,clear,B,28,120,Low
6,18,clear,C,43,130,Low
6,19,clear,A,82,150,Moderate
6,19,clear,B,34,120,Low
6,19,clear,C,39,130,Low
6,20,clear,A,63,150,Moderate
6,20,clear,B,25,120,Low
6,20,clear,C,45,130,Low
6,21,clear,A,50,150,Low
6,21,clear,B,16,120,Low
6,21,clear,C,27,130,Low
6,22,clear,A,36,150,Low
6,22,clear,B,13,120,Low
6,22,clear,C,19,130,Low
6,23,clear,A,43,150,Low
6,23,clear,B,15,120,Low
6,23,clear,C,29,130,Low
0,0,rain,A,16,150,Low
0,0,rain,B,6,120,Low
0,0,rain,C,11,130,Low
0,1,rain,A,12,150,Low
0,1,rain,B,6,120,Low
0,1,rain,C,10,130,Low
0,2,rain,A,13,150,Low
0,2,rain,B,4,120,Low
0,2,rain,C,10,130,Low
0,3,rain,A,20,150,Low
0,3,rain,B,7,120,Low
0,3,rain,C,11,130,Low
0,4,rain,A,21,150,Low
0,4,rain,B,5,120,Low
0,4,rain,C,12,130,Low
0,5,rain,A,15,150,Low
0,5,rain,B,5,120,Low
0,5,rain,C,9,130,Low
0,6,rain,A,45,150,Low
0,6,rain,B,28,120,Low
0,6,rain,C,37,130,Low
0,7,rain,A,58,150,Moderate
0,7,rain,B,19,120,Low
0,7,rain,C,40,130,Low
0,8,rain,A,150,150,High
0,8,rain,B,56,120,Moderate
0,8,rain,C,56,130,Moderate
0,9,rain,A,112,150,High
0,9,rain,B,36,120,Low
0,9,rain,C,86,130,High
0,10,rain,A,123,150,High
0,10,rain,B,39,120,Low
0,10,rain,C,76,130,Moderate
0,11,rain,A,110,150,High
0,11,rain,B,53,120,Moderate
0,11,rain,C,81,130,Moderate
0,12,rain,A,72,150,Moderate
0,12,rain,B,14,120,Low
0,12,rain,C,41,130,Low
0,13,rain,A,86,150,Moderate
0,13,rain,B,28,120,Low
0,13,rain,C,30,130,Low
0,14,rain,A,62,150,Moderate
0,14,rain,B,19,120,Low
0,14,rain,C,52,130,Moderate
0,15,rain,A,68,150,Moderate
0,15,rain,B,21,120,Low
0,15,rain,C,42,130,Low
0,16,rain,A,40,150,Low
0,16,rain,B,20,120,Low
0,16,rain,C,42,130,Low
0,17,rain,A,148,150,High
0,17,rain,B,34,120,Low
0,17,rain,C,79,130,Moderate
0,18,rain,A,151,150,High
0,18,rain,B,37,120,Low
0,18,rain,C,86,130,High
0,19,rain,A,133,150,High
0,19,rain,B,60,120,Moderate
0,19,rain,C,81,130,Moderate
0,20,rain,A,128,150,High
0,20,rain,B,54,120,Moderate
0,20,rain,C,67,130,Moderate
0,21,rain,A,63,150,Moderate
0,21,rain,B,22,120,Low
0,21,rain,C,41,130,Low
0,22,rain,A,74,150,Moderate
0,22,rain,B,25,120,Low
0,22,rain,C,37,130,Low
0,23,rain,A,67,150,Moderate
0,23,rain,B,29,120,Low
0,23,rain,C,36,130,Low
1,0,clear,A,13,150,Low
1,0,clear,B,4,120,Low
1,0,clear,C,6,130,Low
1,1,clear,A,16,150,Low
1,1,clear,B,4,120,Low
1,1,clear,C,10,130,Low
1,2,clear,A,12,150,Low
1,2,clear,B,4,120,Low
1,2,clear,C,10,130,Low
1,3,clear,A,15,150,Low
1,3,clear,B,5,120,Low
1,3,clear,C,9,130,Low
1,4,clear,A,13,150,Low
1,4,clear,B,4,120,Low
1,4,clear,C,7,130,Low
1,5,clear,A,15,150,Low
1,5,clear,B,4,120,Low
1,5,clear,C,10,130,Low
1,6,clear,A,52,150,Low
1,6,clear,B,20,120,Low
1,6,clear,C,38,130,Low
1,7,clear,A,55,150,Moderate
1,7,clear,B,19,120,Low
1,7,clear,C,34,130,Low
1,8,clear,A,112,150,High
1,8,clear,B,32,120,Low
1,8,clear,C,61,130,Moderate
1,9,clear,A,99,150,High
1,9,clear,B,40,120,Low
1,9,clear,C,62,130,Moderate
1,10,clear,A,125,150,High
1,10,clear,B,35,120,Low
1,10,clear,C,60,130,Moderate
1,11,clear,A,96,150,Moderate
1,11,clear,B,28,120,Low
1,11,clear,C,53,130,Moderate
1,12,clear,A,50,150,Low
1,12,clear,B,23,120,Low
1,12,clear,C,34,130,Low
1,13,clear,A,51,150,Low
1,13,clear,B,23,120,Low
1,13,clear,C,43,130,Low
1,14,clear,A,65,150,Moderate
1,14,clear,B,17,120,Low
1,14,clear,C,32,130,Low
1,15,clear,A,69,150,Moderate
1,15,clear,B,20,120,Low
1,15,clear,C,33,130,Low
1,16,clear,A,60,150,Moderate
1,16,clear,B,23,120,Low
1,16,clear,C,31,130,Low
1,17,clear,A,113,150,High
1,17,clear,B,45,120,Moderate
1,17,clear,C,57,130,Moderate
1,18,clear,A,110,150,High
1,18,clear,B,33,120,Low
1,18,clear,C,59,130,Moderate
1,19,clear,A,100,150,High
1,19,clear,B,42,120,Moderate
1,19,clear,C,66,130,Moderate
1,20,clear,A,99,150,High
1,20,clear,B,40,120,Low
1,20,clear,C,57,130,Moderate
1,21,clear,A,58,150,Moderate
1,21,clear,B,23,120,Low
1,21,clear,C,34,130,Low
1,22,clear,A,53,150,Moderate
1,22,clear,B,21,120,Low
1,22,clear,C,24,130,Low
1,23,clear,A,59,150,Moderate
1,23,clear,B,29,120,Low
1,23,clear,C,34,130,Low
2,0,clear,A,15,150,Low
2,0,clear,B,6,120,Low
2,0,clear,C,10,130,Low
2,1,clear,A,9,150,Low
2,1,clear,B,5,120,Low
2,1,clear,C,12,130,Low
2,2,clear,A,15,150,Low
2,2,clear,B,4,120,Low
2,2,clear,C,9,130,Low
2,3,clear,A,11,150,Low
2,3,clear,B,5,120,Low
2,3,clear,C,7,130,Low
2,4,clear,A,13,150,Low
2,4,clear,B,4,120,Low
2,4,clear,C,8,130,Low
2,5,clear,A,16,150,Low
2,5,clear,B,5,120,Low
2,5,clear,C,8,130,Low
2,6,clear,A,45,150,Low
2,6,clear,B,14,120,Low
2,6,clear,C,28,130,Low
2,7,clear,A,55,150,Moderate
2,7,clear,B,22,120,Low
2,7,clear,C,32,130,Low
2,8,clear,A,122,150,High
2,8,clear,B,32,120,Low
2,8,clear,C,60,130,Moderate
2,9,clear,A,82,150,Moderate
2,9,clear,B,41,120,Low
2,9,clear,C,82,130,Moderate
2,10,clear,A,72,150,Moderate
2,10,clear,B,34,120,Low
2,10,clear,C,74,130,Moderate
2,11,clear,A,77,150,Moderate
2,11,clear,B,39,120,Low
2,11,clear,C,74,130,Moderate
2,12,clear,A,55,150,Moderate
2,12,clear,B,21,120,Low
2,12,clear,C,44,130,Low
2,13,clear,A,71,150,Moderate
2,13,clear,B,19,120,Low
2,13,clear,C,32,130,Low
2,14,clear,A,47,150,Low
2,14,clear,B,22,120,Low
2,14,clear,C,27,130,Low
2,15,clear,A,52,150,Low
2,15,clear,B,20,120,Low
2,15,clear,C,32,130,Low
2,16,clear,A,57,150,Moderate
2,16,clear,B,27,120,Low
2,16,clear,C,34,130,Low
2,17,clear,A,102,150,High
2,17,clear,B,46,120,Moderate
2,17,clear,C,72,130,Moderate
2,18,clear,A,133,150,High
2,18,clear,B,40,120,Low
2,18,clear,C,67,130,Moderate
2,19,clear,A,80,150,Moderate
2,19,clear,B,30,120,Low
2,19,clear,C,50,130,Moderate
2,20,clear,A,116,150,High
2,20,clear,B,31,120,Low
2,20,clear,C,83,130,Moderate
2,21,clear,A,55,150,Moderate
2,21,clear,B,19,120,Low
2,21,clear,C,30,130,Low
2,22,clear,A,60,150,Moderate
2,22,clear,B,17,120,Low
2,22,clear,C,29,130,Low
2,23,clear,A,64,150,Moderate
2,23,clear,B,21,120,Low
2,23,clear,C,33,130,Low
3,0,clear,A,13,150,Low
3,0,clear,B,5,120,Low
3,0,clear,C,7,130,Low
3,1,clear,A,18,150,Low
3,1,clear,B,4,120,Low
3,1,clear,C,10,130,Low
3,2,clear,A,13,150,Low
3,2,clear,B,5,120,Low
3,2,clear,C,9,130,Low
3,3,clear,A,16,150,Low
3,3,clear,B,4,120,Low
3,3,clear,C,10,130,Low
3,4,clear,A,17,150,Low
3,4,clear,B,4,120,Low
3,4,clear,C,8,130,Low
3,5,clear,A,12,150,Low
3,5,clear,B,4,120,Low
3,5,clear,C,10,130,Low
3,6,clear,A,46,150,Low
3,6,clear,B,17,120,Low
3,6,clear,C,43,130,Low
3,7,clear,A,60,150,Moderate
3,7,clear,B,26,120,Low
3,7,clear,C,32,130,Low
3,8,clear,A,100,150,High
3,8,clear,B,32,120,Low
3,8,clear,C,64,130,Moderate
3,9,clear,A,72,150,Moderate
3,9,clear,B,39,120,Low
3,9,clear,C,66,130,Moderate
3,10,clear,A,98,150,High
3,10,clear,B,33,120,Low
3,10,clear,C,54,130,Moderate
3,11,clear,A,109,150,High
3,11,clear,B,29,120,Low
3,11,clear,C,67,130,Moderate
3,12,clear,A,72,150,Moderate
3,12,clear,B,24,120,Low
3,12,clear,C,27,130,Low
3,13,clear,A,50,150,Low
3,13,clear,B,21,120,Low
3,13,clear,C,34,130,Low
3,14,clear,A,43,150,Low
3,14,clear,B,21,120,Low
3,14,clear,C,34,130,Low
3,15,clear,A,70,150,Moderate
3,15,clear,B,19,120,Low
3,15,clear,C,41,130,Low
3,16,clear,A,44,150,Low
3,16,clear,B,16,120,Low
3,16,clear,C,38,130,Low
3,17,clear,A,127,150,High
3,17,clear,B,34,120,Low
3,17,clear,C,70,130,Moderate
3,18,clear,A,87,150,Moderate
3,18,clear,B,38,120,Low
3,18,clear,C,78,130,Moderate
3,19,clear,A,102,150,High
3,19,clear,B,38,120,Low
3,19,clear,C,58,130,Moderate
3,20,clear,A,99,150,High
3,20,clear,B,50,120,Moderate
3,20,clear,C,70,130,Moderate
3,21,clear,A,46,150,Low
3,21,clear,B,19,120,Low
3,21,clear,C,26,130,Low
3,22,clear,A,46,150,Low
3,22,clear,B,24,120,Low
3,22,clear,C,34,130,Low
3,23,clear,A,70,150,Moderate
3,23,clear,B,19,120,Low
3,23,clear,C,34,130,Low
4,0,fog,A,9,150,Low
4,0,fog,B,5,120,Low
4,0,fog,C,9,130,Low
4,1,fog,A,18,150,Low
4,1,fog,B,6,120,Low
4,1,fog,C,7,130,Low
4,2,fog,A,17,150,Low
4,2,fog,B,5,120,Low
4,2,fog,C,8,130,Low
4,3,fog,A,15,150,Low
4,3,fog,B,5,120,Low
4,3,fog,C,11,130,Low
4,4,fog,A,15,150,Low
4,4,fog,B,5,120,Low
4,4,fog,C,10,130,Low
4,5,fog,A,17,150,Low
4,5,fog,B,6,120,Low
4,5,fog,C,11,130,Low
4,6,fog,A,66,150,Moderate
4,6,fog,B,22,120,Low
4,6,fog,C,45,130,Low
4,7,fog,A,59,150,Moderate
4,7,fog,B,22,120,Low
4,7,fog,C,48,130,Moderate
4,8,fog,A,135,150,High
4,8,fog,B,39,120,Low
4,8,fog,C,64,130,Moderate
4,9,fog,A,132,150,High
4,9,fog,B,44,120,Moderate
4,9,fog,C,72,130,Moderate
4,10,fog,A,103,150,High
4,10,fog,B,41,120,Low
4,10,fog,C,69,130,Moderate
4,11,fog,A,98,150,High
4,11,fog,B,40,120,Low
4,11,fog,C,72,130,Moderate
4,12,fog,A,57,150,Moderate
4,12,fog,B,24,120,Low
4,12,fog,C,45,130,Low
4,13,fog,A,69,150,Moderate
4,13,fog,B,21,120,Low
4,13,fog,C,42,130,Low
4,14,fog,A,61,150,Moderate
4,14,fog,B,17,120,Low
4,14,fog,C,42,130,Low
4,15,fog,A,61,150,Moderate
4,15,fog,B,30,120,Low
4,15,fog,C,46,130,Moderate
4,16,fog,A,66,150,Moderate
4,16,fog,B,22,120,Low
4,16,fog,C,39,130,Low
4,17,fog,A,102,150,High
4,17,fog,B,32,120,Low
4,17,fog,C,66,130,Moderate
4,18,fog,A,120,150,High
4,18,fog,B,30,120,Low
4,18,fog,C,70,130,Moderate
4,19,fog,A,116,150,High
4,19,fog,B,42,120,Moderate
4,19,fog,C,69,130,Moderate
4,20,fog,A,114,150,High
4,20,fog,B,55,120,Moderate
4,20,fog,C,84,130,Moderate
4,21,fog,A,55,150,Moderate
4,21,fog,B,21,120,Low
4,21,fog,C,38,130,Low
4,22,fog,A,53,150,Moderate
4,22,fog,B,19,120,Low
4,22,fog,C,44,130,Low
4,23,fog,A,56,150,Moderate
4,23,fog,B,18,120,Low
4,23,fog,C,38,130,Low
5,0,clear,A,6,150,Low
5,0,clear,B,3,120,Low
5,0,clear,C,6,130,Low
5,1,clear,A,10,150,Low
5,1,clear,B,4,120,Low
5,1,clear,C,7,130,Low
5,2,clear,A,11,150,Low
5,2,clear,B,4,120,Low
5,2,clear,C,6,130,Low
5,3,clear,A,9,150,Low
5,3,clear,B,4,120,Low
5,3,clear,C,5,130,Low
5,4,clear,A,9,150,Low
5,4,clear,B,3,120,Low
5,4,clear,C,6,130,Low
5,5,clear,A,8,150,Low
5,5,clear,B,3,120,Low
5,5,clear,C,6,130,Low
5,6,clear,A,37,150,Low
5,6,clear,B,9,120,Low
5,6,clear,C,19,130,Low
5,7,clear,A,31,150,Low
5,7,clear,B,12,120,Low
5,7,clear,C,26,130,Low
5,8,clear,A,71,150,Moderate
5,8,clear,B,29,120,Low
5,8,clear,C,49,130,Moderate
5,9,clear,A,80,150,Moderate
5,9,clear,B,27,120,Low
5,9,clear,C,45,130,Low
5,10,clear,A,80,150,Moderate
5,10,clear,B,28,120,Low
5,10,clear,C,46,130,Moderate
5,11,clear,A,82,150,Moderate
5,11,clear,B,16,120,Low
5,11,clear,C,42,130,Low
5,12,clear,A,36,150,Low
5,12,clear,B,16,120,Low
5,12,clear,C,30,130,Low
5,13,clear,A,30,150,Low
5,13,clear,B,16,120,Low
5,13,clear,C,20,130,Low
5,14,clear,A,31,150,Low
5,14,clear,B,13,120,Low
5,14,clear,C,23,130,Low
5,15,clear,A,29,150,Low
5,15,clear,B,15,120,Low
5,15,clear,C,26,130,Low
5,16,clear,A,44,150,Low
5,16,clear,B,13,120,Low
5,16,clear,C,24,130,Low
5,17,clear,A,76,150,Moderate
5,17,clear,B,35,120,Low
5,17,clear,C,28,130,Low
5,18,clear,A,65,150,Moderate
5,18,clear,B,28,120,Low
5,18,clear,C,41,130,Low
5,19,clear,A,74,150,Moderate
5,19,clear,B,27,120,Low
5,19,clear,C,44,130,Low
5,20,clear,A,77,150,Moderate
5,20,clear,B,30,120,Low
5,20,clear,C,47,130,Moderate
5,21,clear,A,35,150,Low
5,21,clear,B,13,120,Low
5,21,clear,C,24,130,Low
5,22,clear,A,28,150,Low
5,22,clear,B,14,120,Low
5,22,clear,C,22,130,Low
5,23,clear,A,45,150,Low
5,23,clear,B,15,120,Low
5,23,clear,C,28,130,Low
6,0,fog,A,9,150,Low
6,0,fog,B,3,120,Low
6,0,fog,C,6,130,Low
6,1,fog,A,12,150,Low
6,1,fog,B,4,120,Low
6,1,fog,C,5,130,Low
6,2,fog,A,9,150,Low
6,2,fog,B,3,120,Low
6,2,fog,C,7,130,Low
6,3,fog,A,7,150,Low
6,3,fog,B,2,120,Low
6,3,fog,C,7,130,Low
6,4,fog,A,7,150,Low
6,4,fog,B,3,120,Low
6,4,fog,C,6,130,Low
6,5,fog,A,11,150,Low
6,5,fog,B,3,120,Low
6,5,fog,C,6,130,Low
6,6,fog,A,47,150,Low
6,6,fog,B,16,120,Low
6,6,fog,C,24,130,Low
6,7,fog,A,42,150,Low
6,7,fog,B,16,120,Low
6,7,fog,C,33,130,Low
6,8,fog,A,85,150,Moderate
6,8,fog,B,32,120,Low
6,8,fog,C,44,130,Low
6,9,fog,A,70,150,Moderate
6,9,fog,B,26,120,Low
6,9,fog,C,47,130,Moderate
6,10,fog,A,64,150,Moderate
6,10,fog,B,32,120,Low
6,10,fog,C,54,130,Moderate
6,11,fog,A,72,150,Moderate
6,11,fog,B,30,120,Low
6,11,fog,C,50,130,Moderate
6,12,fog,A,46,150,Low
6,12,fog,B,12,120,Low
6,12,fog,C,26,130,Low
6,13,fog,A,41,150,Low
6,13,fog,B,16,120,Low
6,13,fog,C,24,130,Low
6,14,fog,A,26,150,Low
6,14,fog,B,12,120,Low
6,14,fog,C,26,130,Low
6,15,fog,A,42,150,Low
6,15,fog,B,19,120,Low
6,15,fog,C,29,130,Low
6,16,fog,A,42,150,Low
6,16,fog,B,15,120,Low
6,16,fog,C,31,130,Low
6,17,fog,A,77,150,Moderate
6,17,fog,B,30,120,Low
6,17,fog,C,45,130,Low
6,18,fog,A,102,150,High
6,18,fog,B,32,120,Low
6,18,fog,C,48,130,Moderate
6,19,fog,A,83,150,Moderate
6,19,fog,B,33,120,Low
6,19,fog,C,51,130,Moderate
6,20,fog,A,77,150,Moderate
6,20,fog,B,27,120,Low
6,20,fog,C,56,130,Moderate
6,21,fog,A,40,150,Low
6,21,fog,B,14,120,Low
6,21,fog,C,21,130,Low
6,22,fog,A,42,150,Low
6,22,fog,B,14,120,Low
6,22,fog,C,25,130,Low
6,23,fog,A,43,150,Low
6,23,fog,B,17,120,Low
6,23,fog,C,29,130,Low
0,0,rain,A,15,150,Low
0,0,rain,B,5,120,Low
0,0,rain,C,8,130,Low
0,1,rain,A,15,150,Low
0,1,rain,B,6,120,Low
0,1,rain,C,9,130,Low
0,2,rain,A,16,150,Low
0,2,rain,B,5,120,Low
0,2,rain,C,7,130,Low
0,3,rain,A,18,150,Low
0,3,rain,B,5,120,Low
0,3,rain,C,9,130,Low
0,4,rain,A,13,150,Low
0,4,rain,B,6,120,Low
0,4,rain,C,12,130,Low
0,5,rain,A,15,150,Low
0,5,rain,B,5,120,Low
0,5,rain,C,12,130,Low
0,6,rain,A,48,150,Low
0,6,rain,B,31,120,Low
0,6,rain,C,57,130,Moderate
0,7,rain,A,39,150,Low
0,7,rain,B,23,120,Low
0,7,rain,C,37,130,Low
0,8,rain,A,114,150,High
0,8,rain,B,40,120,Low
0,8,rain,C,84,130,Moderate
0,9,rain,A,116,150,High
0,9,rain,B,37,120,Low
0,9,rain,C,73,130,Moderate
0,10,rain,A,127,150,High
0,10,rain,B,35,120,Low
0,10,rain,C,56,130,Moderate
0,11,rain,A,154,150,High
0,11,rain,B,39,120,Low
0,11,rain,C,74,130,Moderate
0,12,rain,A,62,150,Moderate
0,12,rain,B,25,120,Low
0,12,rain,C,53,130,Moderate
0,13,rain,A,71,150,Moderate
0,13,rain,B,18,120,Low
0,13,rain,C,33,130,Low
0,14,rain,A,62,150,Moderate
0,14,rain,B,23,120,Low
0,14,rain,C,31,130,Low
0,15,rain,A,74,150,Moderate
0,15,rain,B,20,120,Low
0,15,rain,C,51,130,Moderate
0,16,rain,A,84,150,Moderate
0,16,rain,B,23,120,Low
0,16,rain,C,44,130,Low
0,17,rain,A,107,150,High
0,17,rain,B,52,120,Moderate
0,17,rain,C,77,130,Moderate
0,18,rain,A,110,150,High
0,18,rain,B,45,120,Moderate
0,18,rain,C,78,130,Moderate
0,19,rain,A,125,150,High
0,19,rain,B,54,120,Moderate
0,19,rain,C,74,130,Moderate
0,20,rain,A,166,150,High
0,20,rain,B,38,120,Low
0,20,rain,C,104,130,High
0,21,rain,A,55,150,Moderate
0,21,rain,B,23,120,Low
0,21,rain,C,38,130,Low
0,22,rain,A,62,150,Moderate
0,22,rain,B,26,120,Low
0,22,rain,C,51,130,Moderate
0,23,rain,A,77,150,Moderate
0,23,rain,B,22,120,Low
0,23,rain,C,43,130,Low
1,0,rain,A,14,150,Low
1,0,rain,B,4,120,Low
1,0,rain,C,9,130,Low
1,1,rain,A,17,150,Low
1,1,rain,B,4,120,Low
1,1,rain,C,10,130,Low
1,2,rain,A,20,150,Low
1,2,rain,B,7,120,Low
1,2,rain,C,9,130,Low
1,3,rain,A,13,150,Low
1,3,rain,B,6,120,Low
1,3,rain,C,6,130,Low
1,4,rain,A,19,150,Low
1,4,rain,B,5,120,Low
1,4,rain,C,13,130,Low
1,5,rain,A,12,150,Low
1,5,rain,B,6,120,Low
1,5,rain,C,10,130,Low
1,6,rain,A,62,150,Moderate
1,6,rain,B,19,120,Low
1,6,rain,C,45,130,Low
1,7,rain,A,72,150,Moderate
1,7,rain,B,30,120,Low
1,7,rain,C,48,130,Moderate
1,8,rain,A,108,150,High
1,8,rain,B,36,120,Low
1,8,rain,C,60,130,Moderate
1,9,rain,A,145,150,High
1,9,rain,B,38,120,Low
1,9,rain,C,92,130,High
1,10,rain,A,128,150,High
1,10,rain,B,45,120,Moderate
1,10,rain,C,72,130,Moderate
1,11,rain,A,130,150,High
1,11,rain,B,43,120,Moderate
1,11,rain,C,71,130,Moderate
1,12,rain,A,72,150,Moderate
1,12,rain,B,23,120,Low
1,12,rain,C,36,130,Low
1,13,rain,A,71,150,Moderate
1,13,rain,B,23,120,Low
1,13,rain,C,45,130,Low
1,14,rain,A,61,150,Moderate
1,14,rain,B,19,120,Low
1,14,rain,C,52,130,Moderate
1,15,rain,A,81,150,Moderate
1,15,rain,B,27,120,Low
1,15,rain,C,39,130,Low
1,16,rain,A,63,150,Moderate
1,16,rain,B,28,120,Low
1,16,rain,C,39,130,Low
1,17,rain,A,119,150,High
1,17,rain,B,61,120,Moderate
1,17,rain,C,83,130,Moderate
1,18,rain,A,167,150,High
1,18,rain,B,37,120,Low
1,18,rain,C,90,130,High
1,19,rain,A,173,150,High
1,19,rain,B,48,120,Moderate
1,19,rain,C,80,130,Moderate
1,20,rain,A,108,150,High
1,20,rain,B,55,120,Moderate
1,20,rain,C,74,130,Moderate
1,21,rain,A,65,150,Moderate
1,21,rain,B,19,120,Low
1,21,rain,C,51,130,Moderate
1,22,rain,A,77,150,Moderate
1,22,rain,B,23,120,Low
1,22,rain,C,34,130,Low
1,23,rain,A,81,150,Moderate
1,23,rain,B,22,120,Low
1,23,rain,C,35,130,Low
2,0,clear,A,12,150,Low
2,0,clear,B,3,120,Low
2,0,clear,C,7,130,Low
2,1,clear,A,15,150,Low
2,1,clear,B,4,120,Low
2,1,clear,C,9,130,Low
2,2,clear,A,12,150,Low
2,2,clear,B,5,120,Low
2,2,clear,C,11,130,Low
2,3,clear,A,13,150,Low
2,3,clear,B,5,120,Low
2,3,clear,C,6,130,Low
2,4,clear,A,16,150,Low
2,4,clear,B,4,120,Low
2,4,clear,C,10,130,Low
2,5,clear,A,13,150,Low
2,5,clear,B,5,120,Low
2,5,clear,C,9,130,Low
2,6,clear,A,51,150,Low
2,6,clear,B,23,120,Low
2,6,clear,C,31,130,Low
2,7,clear,A,61,150,Moderate
2,7,clear,B,18,120,Low
2,7,clear,C,36,130,Low
2,8,clear,A,92,150,Moderate
2,8,clear,B,36,120,Low
2,8,clear,C,52,130,Moderate
2,9,clear,A,102,150,High
2,9,clear,B,36,120,Low
2,9,clear,C,57,130,Moderate
2,10,clear,A,98,150,High
2,10,clear,B,36,120,Low
2,10,clear,C,57,130,Moderate
2,11,clear,A,97,150,Moderate
2,11,clear,B,30,120,Low
2,11,clear,C,85,130,High
2,12,clear,A,63,150,Moderate
2,12,clear,B,20,120,Low
2,12,clear,C,41,130,Low
2,13,clear,A,38,150,Low
2,13,clear,B,12,120,Low
2,13,clear,C,32,130,Low
2,14,clear,A,43,150,Low
2,14,clear,B,19,120,Low
2,14,clear,C,36,130,Low
2,15,clear,A,62,150,Moderate
2,15,clear,B,16,120,Low
2,15,clear,C,37,130,Low
2,16,clear,A,55,150,Moderate
2,16,clear,B,21,120,Low
2,16,clear,C,32,130,Low
2,17,clear,A,132,150,High
2,17,clear,B,39,120,Low
2,17,clear,C,88,130,High
2,18,clear,A,96,150,Moderate
2,18,clear,B,44,120,Moderate
2,18,clear,C,69,130,Moderate
2,19,clear,A,104,150,High
2,19,clear,B,43,120,Moderate
2,19,clear,C,66,130,Moderate
2,20,clear,A,66,150,Moderate
2,20,clear,B,21,120,Low
2,20,clear,C,83,130,Moderate
2,21,clear,A,65,150,Moderate
2,21,clear,B,25,120,Low
2,21,clear,C,34,130,Low
2,22,clear,A,44,150,Low
2,22,clear,B,18,120,Low
2,22,clear,C,35,130,Low
2,23,clear,A,46,150,Low
2,23,clear,B,24,120,Low
2,23,clear,C,46,130,Moderate
3,0,clear,A,13,150,Low
3,0,clear,B,4,120,Low
3,0,clear,C,10,130,Low
3,1,clear,A,13,150,Low
3,1,clear,B,4,120,Low
3,1,clear,C,9,130,Low
3,2,clear,A,12,150,Low
3,2,clear,B,5,120,Low
3,2,clear,C,6,130,Low
3,3,clear,A,15,150,Low
3,3,clear,B,4,120,Low
3,3,clear,C,10,130,Low
3,4,clear,A,13,150,Low
3,4,clear,B,4,120,Low
3,4,clear,C,7,130,Low
3,5,clear,A,15,150,Low
3,5,clear,B,4,120,Low
3,5,clear,C,8,130,Low
3,6,clear,A,55,150,Moderate
3,6,clear,B,20,120,Low
3,6,clear,C,26,130,Low
3,7,clear,A,53,150,Moderate
3,7,clear,B,22,120,Low
3,7,clear,C,33,130,Low
3,8,clear,A,95,150,Moderate
3,8,clear,B,36,120,Low
3,8,clear,C,61,130,Moderate
3,9,clear,A,83,150,Moderate
3,9,clear,B,35,120,Low
3,9,clear,C,72,130,Moderate
3,10,clear,A,83,150,Moderate
3,10,clear,B,33,120,Low
3,10,clear,C,49,130,Moderate
3,11,clear,A,112,150,High
3,11,clear,B,35,120,Low
3,11,clear,C,54,130,Moderate
3,12,clear,A,55,150,Moderate
3,12,clear,B,16,120,Low
3,12,clear,C,29,130,Low
3,13,clear,A,42,150,Low
3,13,clear,B,16,120,Low
3,13,clear,C,42,130,Low
3,14,clear,A,48,150,Low
3,14,clear,B,21,120,Low
3,14,clear,C,30,130,Low
3,15,clear,A,61,150,Moderate
3,15,clear,B,16,120,Low
3,15,clear,C,35,130,Low
3,16,clear,A,55,150,Moderate
3,16,clear,B,26,120,Low
3,16,clear,C,38,130,Low
3,17,clear,A,100,150,High
3,17,clear,B,44,120,Moderate
3,17,clear,C,92,130,High
3,18,clear,A,83,150,Moderate
3,18,clear,B,34,120,Low
3,18,clear,C,67,130,Moderate
3,19,clear,A,103,150,High
3,19,clear,B,38,120,Low
3,19,clear,C,56,130,Moderate
3,20,clear,A,133,150,High
3,20,clear,B,31,120,Low
3,20,clear,C,67,130,Moderate
3,21,clear,A,63,150,Moderate
3,21,clear,B,19,120,Low
3,21,clear,C,29,130,Low
3,22,clear,A,43,150,Low
3,22,clear,B,19,120,Low
3,22,clear,C,31,130,Low
3,23,clear,A,56,150,Moderate
3,23,clear,B,15,120,Low
3,23,clear,C,39,130,Low
4,0,clear,A,14,150,Low
4,0,clear,B,6,120,Low
4,0,clear,C,8,130,Low
4,1,clear,A,12,150,Low
4,1,clear,B,4,120,Low
4,1,clear,C,8,130,Low
4,2,clear,A,13,150,Low
4,2,clear,B,4,120,Low
4,2,clear,C,6,130,Low
4,3,clear,A,12,150,Low
4,3,clear,B,5,120,Low
4,3,clear,C,8,130,Low
4,4,clear,A,16,150,Low
4,4,clear,B,6,120,Low
4,4,clear,C,9,130,Low
4,5,clear,A,16,150,Low
4,5,clear,B,5,120,Low
4,5,clear,C,10,130,Low
4,6,clear,A,70,150,Moderate
4,6,clear,B,22,120,Low
4,6,clear,C,38,130,Low
4,7,clear,A,53,150,Moderate
4,7,clear,B,19,120,Low
4,7,clear,C,33,130,Low
4,8,clear,A,108,150,High
4,8,clear,B,32,120,Low
4,8,clear,C,61,130,Moderate
4,9,clear,A,64,150,Moderate
4,9,clear,B,45,120,Moderate
4,9,clear,C,60,130,Moderate
4,10,clear,A,105,150,High
4,10,clear,B,43,120,Moderate
4,10,clear,C,65,130,Moderate
4,11,clear,A,120,150,High
4,11,clear,B,29,120,Low
4,11,clear,C,85,130,High
4,12,clear,A,63,150,Moderate
4,12,clear,B,20,120,Low
4,12,clear,C,42,130,Low
4,13,clear,A,45,150,Low
4,13,clear,B,19,120,Low
4,13,clear,C,42,130,Low
4,14,clear,A,39,150,Low
4,14,clear,B,21,120,Low
4,14,clear,C,37,130,Low
4,15,clear,A,71,150,Moderate
4,15,clear,B,15,120,Low
4,15,clear,C,43,130,Low
4,16,clear,A,50,150,Low
4,16,clear,B,18,120,Low
4,16,clear,C,28,130,Low
4,17,clear,A,92,150,Moderate
4,17,clear,B,42,120,Moderate
4,17,clear,C,58,130,Moderate
4,18,clear,A,122,150,High
4,18,clear,B,36,120,Low
4,18,clear,C,57,130,Moderate
4,19,clear,A,101,150,High
4,19,clear,B,42,120,Moderate
4,19,clear,C,67,130,Moderate
4,20,clear,A,110,150,High
4,20,clear,B,44,120,Moderate
4,20,clear,C,81,130,Moderate
4,21,clear,A,52,150,Low
4,21,clear,B,16,120,Low
4,21,clear,C,35,130,Low
4,22,clear,A,58,150,Moderate
4,22,clear,B,15,120,Low
4,22,clear,C,30,130,Low
4,23,clear,A,49,150,Low
4,23,clear,B,19,120,Low
4,23,clear,C,31,130,Low
5,0,clear,A,7,150,Low
5,0,clear,B,2,120,Low
5,0,clear,C,5,130,Low
5,1,clear,A,9,150,Low
5,1,clear,B,2,120,Low
5,1,clear,C,5,130,Low
5,2,clear,A,9,150,Low
5,2,clear,B,3,120,Low
5,2,clear,C,6,130,Low
5,3,clear,A,8,150,Low
5,3,clear,B,4,120,Low
5,3,clear,C,6,130,Low
5,4,clear,A,8,150,Low
5,4,clear,B,3,120,Low
5,4,clear,C,6,130,Low
5,5,clear,A,11,150,Low
5,5,clear,B,3,120,Low
5,5,clear,C,6,130,Low
5,6,clear,A,38,150,Low
5,6,clear,B,17,120,Low
5,6,clear,C,29,130,Low
5,7,clear,A,39,150,Low
5,7,clear,B,13,120,Low
5,7,clear,C,26,130,Low
5,8,clear,A,67,150,Moderate
5,8,clear,B,31,120,Low
5,8,clear,C,44,130,Low
5,9,clear,A,65,150,Moderate
5,9,clear,B,23,120,Low
5,9,clear,C,36,130,Low
5,10,clear,A,75,150,Moderate
5,10,clear,B,22,120,Low
5,10,clear,C,51,130,Moderate
5,11,clear,A,55,150,Moderate
5,11,clear,B,25,120,Low
5,11,clear,C,51,130,Moderate
5,12,clear,A,26,150,Low
5,12,clear,B,18,120,Low
5,12,clear,C,22,130,Low
5,13,clear,A,39,150,Low
5,13,clear,B,15,120,Low
5,13,clear,C,27,130,Low
5,14,clear,A,40,150,Low
5,14,clear,B,16,120,Low
5,14,clear,C,26,130,Low
5,15,clear,A,48,150,Low
5,15,clear,B,15,120,Low
5,15,clear,C,31,130,Low
5,16,clear,A,43,150,Low
5,16,clear,B,10,120,Low
5,16,clear,C,34,130,Low
5,17,clear,A,70,150,Moderate
5,17,clear,B,34,120,Low
5,17,clear,C,49,130,Moderate
5,18,clear,A,89,150,Moderate
5,18,clear,B,25,120,Low
5,18,clear,C,53,130,Moderate
5,19,clear,A,74,150,Moderate
5,19,clear,B,34,120,Low
5,19,clear,C,52,130,Moderate
5,20,clear,A,87,150,Moderate
5,20,clear,B,18,120,Low
5,20,clear,C,48,130,Moderate
5,21,clear,A,40,150,Low
5,21,clear,B,14,120,Low
5,21,clear,C,28,130,Low
5,22,clear,A,36,150,Low
5,22,clear,B,14,120,Low
5,22,clear,C,28,130,Low
5,23,clear,A,25,150,Low
5,23,clear,B,15,120,Low
5,23,clear,C,23,130,Low
6,0,clear,A,10,150,Low
6,0,clear,B,4,120,Low
6,0,clear,C,7,130,Low
6,1,clear,A,9,150,Low
6,1,clear,B,3,120,Low
6,1,clear,C,6,130,Low
6,2,clear,A,9,150,Low
6,2,clear,B,3,120,Low
6,2,clear,C,5,130,Low
6,3,clear,A,10,150,Low
6,3,clear,B,3,120,Low
6,3,clear,C,5,130,Low
6,4,clear,A,7,150,Low
6,4,clear,B,3,120,Low
6,4,clear,C,5,130,Low
6,5,clear,A,10,150,Low
6,5,clear,B,4,120,Low
6,5,clear,C,4,130,Low
6,6,clear,A,38,150,Low
6,6,clear,B,13,120,Low
6,6,clear,C,25,130,Low
6,7,clear,A,45,150,Low
6,7,clear,B,11,120,Low
6,7,clear,C,26,130,Low
6,8,clear,A,80,150,Moderate
6,8,clear,B,24,120,Low
6,8,clear,C,43,130,Low
6,9,clear,A,73,150,Moderate
6,9,clear,B,26,120,Low
6,9,clear,C,47,130,Moderate
6,10,clear,A,75,150,Moderate
6,10,clear,B,21,120,Low
6,10,clear,C,50,130,Moderate
6,11,clear,A,81,150,Moderate
6,11,clear,B,25,120,Low
6,11,clear,C,34,130,Low
6,12,clear,A,37,150,Low
6,12,clear,B,14,120,Low
6,12,clear,C,20,130,Low
6,13,clear,A,36,150,Low
6,13,clear,B,11,120,Low
6,13,clear,C,26,130,Low
6,14,clear,A,39,150,Low
6,14,clear,B,10,120,Low
6,14,clear,C,25,130,Low
6,15,clear,A,38,150,Low
6,15,clear,B,15,120,Low
6,15,clear,C,23,130,Low
6,16,clear,A,33,150,Low
6,16,clear,B,12,120,Low
6,16,clear,C,22,130,Low
6,17,clear,A,77,150,Moderate
6,17,clear,B,28,120,Low
6,17,clear,C,47,130,Moderate
6,18,clear,A,72,150,Moderate
6,18,clear,B,26,120,Low
6,18,clear,C,67,130,Moderate
6,19,clear,A,68,150,Moderate
6,19,clear,B,25,120,Low
6,19,clear,C,73,130,Moderate
6,20,clear,A,81,150,Moderate
6,20,clear,B,22,120,Low
6,20,clear,C,55,130,Moderate
6,21,clear,A,33,150,Low
6,21,clear,B,15,120,Low
6,21,clear,C,23,130,Low
6,22,clear,A,35,150,Low
6,22,clear,B,17,120,Low
6,22,clear,C,26,130,Low
6,23,clear,A,44,150,Low
6,23,clear,B,14,120,Low
6,23,clear,C,22,130,Low
0,0,clear,A,16,150,Low
0,0,clear,B,5,120,Low
0,0,clear,C,11,130,Low
0,1,clear,A,15,150,Low
0,1,clear,B,5,120,Low
0,1,clear,C,9,130,Low
0,2,clear,A,14,150,Low
0,2,clear,B,4,120,Low
0,2,clear,C,8,130,Low
0,3,clear,A,14,150,Low
0,3,clear,B,4,120,Low
0,3,clear,C,9,130,Low
0,4,clear,A,13,150,Low
0,4,clear,B,5,120,Low
0,4,clear,C,9,130,Low
0,5,clear,A,14,150,Low
0,5,clear,B,3,120,Low
0,5,clear,C,11,130,Low
0,6,clear,A,53,150,Moderate
0,6,clear,B,19,120,Low
0,6,clear,C,33,130,Low
0,7,clear,A,50,150,Low
0,7,clear,B,24,120,Low
0,7,clear,C,42,130,Low
0,8,clear,A,105,150,High
0,8,clear,B,35,120,Low
0,8,clear,C,68,130,Moderate
0,9,clear,A,100,150,High
0,9,clear,B,34,120,Low
0,9,clear,C,66,130,Moderate
0,10,clear,A,92,150,Moderate
0,10,clear,B,37,120,Low
0,10,clear,C,64,130,Moderate
0,11,clear,A,107,150,High
0,11,clear,B,32,120,Low
0,11,clear,C,69,130,Moderate
0,12,clear,A,47,150,Low
0,12,clear,B,18,120,Low
0,12,clear,C,32,130,Low
0,13,clear,A,46,150,Low
0,13,clear,B,23,120,Low
0,13,clear,C,29,130,Low
0,14,clear,A,49,150,Low
0,14,clear,B,23,120,Low
0,14,clear,C,32,130,Low
0,15,clear,A,53,150,Moderate
0,15,clear,B,16,120,Low
0,15,clear,C,39,130,Low
0,16,clear,A,61,150,Moderate
0,16,clear,B,22,120,Low
0,16,clear,C,37,130,Low
0,17,clear,A,111,150,High
0,17,clear,B,36,120,Low
0,17,clear,C,61,130,Moderate
0,18,clear,A,131,150,High
0,18,clear,B,44,120,Moderate
0,18,clear,C,62,130,Moderate
0,19,clear,A,110,150,High
0,19,clear,B,38,120,Low
0,19,clear,C,58,130,Moderate
0,20,clear,A,112,150,High
0,20,clear,B,37,120,Low
0,20,clear,C,59,130,Moderate
0,21,clear,A,42,150,Low
0,21,clear,B,15,120,Low
0,21,clear,C,33,130,Low
0,22,clear,A,54,150,Moderate
0,22,clear,B,17,120,Low
0,22,clear,C,38,130,Low
0,23,clear,A,54,150,Moderate
0,23,clear,B,21,120,Low
0,23,clear,C,34,130,Low
1,0,clear,A,13,150,Low
1,0,clear,B,4,120,Low
1,0,clear,C,9,130,Low
1,1,clear,A,11,150,Low
1,1,clear,B,5,120,Low
1,1,clear,C,8,130,Low
1,2,clear,A,15,150,Low
1,2,clear,B,4,120,Low
1,2,clear,C,7,130,Low
1,3,clear,A,14,150,Low
1,3,clear,B,5,120,Low
1,3,clear,C,10,130,Low
1,4,clear,A,13,150,Low
1,4,clear,B,6,120,Low
1,4,clear,C,8,130,Low
1,5,clear,A,16,150,Low
1,5,clear,B,4,120,Low
1,5,clear,C,9,130,Low
1,6,clear,A,35,150,Low
1,6,clear,B,16,120,Low
1,6,clear,C,37,130,Low
1,7,clear,A,44,150,Low
1,7,clear,B,21,120,Low
1,7,clear,C,39,130,Low
1,8,clear,A,91,150,Moderate
1,8,clear,B,30,120,Low
1,8,clear,C,58,130,Moderate
1,9,clear,A,84,150,Moderate
1,9,clear,B,35,120,Low
1,9,clear,C,63,130,Moderate
1,10,clear,A,94,150,Moderate
1,10,clear,B,45,120,Moderate
1,10,clear,C,56,130,Moderate
1,11,clear,A,119,150,High
1,11,clear,B,30,120,Low
1,11,clear,C,63,130,Moderate
1,12,clear,A,64,150,Moderate
1,12,clear,B,23,120,Low
1,12,clear,C,32,130,Low
1,13,clear,A,59,150,Moderate
1,13,clear,B,21,120,Low
1,13,clear,C,32,130,Low
1,14,clear,A,60,150,Moderate
1,14,clear,B,25,120,Low
1,14,clear,C,37,130,Low
1,15,clear,A,59,150,Moderate
1,15,clear,B,22,120,Low
1,15,clear,C,27,130,Low
1,16,clear,A,58,150,Moderate
1,16,clear,B,16,120,Low
1,16,clear,C,31,130,Low
1,17,clear,A,145,150,High
1,17,clear,B,38,120,Low
1,17,clear,C,62,130,Moderate
1,18,clear,A,129,150,High
1,18,clear,B,34,120,Low
1,18,clear,C,65,130,Moderate
1,19,clear,A,130,150,High
1,19,clear,B,40,120,Low
1,19,clear,C,53,130,Moderate
1,20,clear,A,118,150,High
1,20,clear,B,37,120,Low
1,20,clear,C,86,130,High
1,21,clear,A,49,150,Low
1,21,clear,B,23,120,Low
1,21,clear,C,44,130,Low
1,22,clear,A,47,150,Low
1,22,clear,B,19,120,Low
1,22,clear,C,37,130,Low
1,23,clear,A,47,150,Low
1,23,clear,B,20,120,Low
1,23,clear,C,33,130,Low
2,0,rain,A,16,150,Low
2,0,rain,B,6,120,Low
2,0,rain,C,10,130,Low
2,1,rain,A,15,150,Low
2,1,rain,B,5,120,Low
2,1,rain,C,10,130,Low
2,2,rain,A,16,150,Low
2,2,rain,B,5,120,Low
2,2,rain,C,11,130,Low
2,3,rain,A,12,150,Low
2,3,rain,B,5,120,Low
2,3,rain,C,10,130,Low
2,4,rain,A,14,150,Low
2,4,rain,B,7,120,Low
2,4,rain,C,10,130,Low
2,5,rain,A,16,150,Low
2,5,rain,B,5,120,Low
2,5,rain,C,10,130,Low
2,6,rain,A,53,150,Moderate
2,6,rain,B,23,120,Low
2,6,rain,C,36,130,Low
2,7,rain,A,63,150,Moderate
2,7,rain,B,14,120,Low
2,7,rain,C,34,130,Low
2,8,rain,A,144,150,High
2,8,rain,B,48,120,Moderate
2,8,rain,C,90,130,High
2,9,rain,A,143,150,High
2,9,rain,B,47,120,Moderate
2,9,rain,C,70,130,Moderate
2,10,rain,A,100,150,High
2,10,rain,B,50,120,Moderate
2,10,rain,C,76,130,Moderate
2,11,rain,A,163,150,High
2,11,rain,B,40,120,Low
2,11,rain,C,97,130,High
2,12,rain,A,64,150,Moderate
2,12,rain,B,28,120,Low
2,12,rain,C,52,130,Moderate
2,13,rain,A,55,150,Moderate
2,13,rain,B,22,120,Low
2,13,rain,C,35,130,Low
2,14,rain,A,53,150,Moderate
2,14,rain,B,26,120,Low
2,14,rain,C,40,130,Low
2,15,rain,A,66,150,Moderate
2,15,rain,B,26,120,Low
2,15,rain,C,30,130,Low
2,16,rain,A,78,150,Moderate
2,16,rain,B,22,120,Low
2,16,rain,C,45,130,Low
2,17,rain,A,144,150,High
2,17,rain,B,57,120,Moderate
2,17,rain,C,82,130,Moderate
2,18,rain,A,89,150,Moderate
2,18,rain,B,48,120,Moderate
2,18,rain,C,86,130,High
2,19,rain,A,111,150,High
2,19,rain,B,49,120,Moderate
2,19,rain,C,79,130,Moderate
2,20,rain,A,105,150,High
2,20,rain,B,52,120,Moderate
2,20,rain,C,76,130,Moderate
2,21,rain,A,61,150,Moderate
2,21,rain,B,22,120,Low
2,21,rain,C,49,130,Moderate
2,22,rain,A,65,150,Moderate
2,22,rain,B,24,120,Low
2,22,rain,C,39,130,Low
2,23,rain,A,70,150,Moderate
2,23,rain,B,28,120,Low
2,23,rain,C,46,130,Moderate
3,0,rain,A,18,150,Low
3,0,rain,B,4,120,Low
3,0,rain,C,9,130,Low
3,1,rain,A,15,150,Low
3,1,rain,B,5,120,Low
3,1,rain,C,8,130,Low
3,2,rain,A,11,150,Low
3,2,rain,B,4,120,Low
3,2,rain,C,10,130,Low
3,3,rain,A,16,150,Low
3,3,rain,B,5,120,Low
3,3,rain,C,10,130,Low
3,4,rain,A,15,150,Low
3,4,rain,B,6,120,Low
3,4,rain,C,10,130,Low
3,5,rain,A,18,150,Low
3,5,rain,B,6,120,Low
3,5,rain,C,8,130,Low
3,6,rain,A,65,150,Moderate
3,6,rain,B,19,120,Low
3,6,rain,C,41,130,Low
3,7,rain,A,58,150,Moderate
3,7,rain,B,25,120,Low
3,7,rain,C,33,130,Low
3,8,rain,A,119,150,High
3,8,rain,B,46,120,Moderate
3,8,rain,C,85,130,High
3,9,rain,A,105,150,High
3,9,rain,B,43,120,Moderate
3,9,rain,C,77,130,Moderate
3,10,rain,A,146,150,High
3,10,rain,B,33,120,Low
3,10,rain,C,65,130,Moderate
3,11,rain,A,168,150,High
3,11,rain,B,41,120,Low
3,11,rain,C,54,130,Moderate
3,12,rain,A,60,150,Moderate
3,12,rain,B,14,120,Low
3,12,rain,C,43,130,Low
3,13,rain,A,74,150,Moderate
3,13,rain,B,20,120,Low
3,13,rain,C,39,130,Low
3,14,rain,A,75,150,Moderate
3,14,rain,B,17,120,Low
3,14,rain,C,33,130,Low
3,15,rain,A,63,150,Moderate
3,15,rain,B,21,120,Low
3,15,rain,C,40,130,Low
3,16,rain,A,53,150,Moderate
3,16,rain,B,24,120,Low
3,16,rain,C,41,130,Low
3,17,rain,A,142,150,High
3,17,rain,B,49,120,Moderate
3,17,rain,C,86,130,High
3,18,rain,A,103,150,High
3,18,rain,B,51,120,Moderate
3,18,rain,C,79,130,Moderate
3,19,rain,A,128,150,High
3,19,rain,B,55,120,Moderate
3,19,rain,C,74,130,Moderate
3,20,rain,A,158,150,High
3,20,rain,B,58,120,Moderate
3,20,rain,C,93,130,High
3,21,rain,A,56,150,Moderate
3,21,rain,B,16,120,Low
3,21,rain,C,48,130,Moderate
3,22,rain,A,67,150,Moderate
3,22,rain,B,21,120,Low
3,22,rain,C,49,130,Moderate
3,23,rain,A,57,150,Moderate
3,23,rain,B,22,120,Low
3,23,rain,C,45,130,Low
4,0,rain,A,16,150,Low
4,0,rain,B,6,120,Low
4,0,rain,C,10,130,Low
4,1,rain,A,19,150,Low
4,1,rain,B,7,120,Low
4,1,rain,C,10,130,Low
4,2,rain,A,10,150,Low
4,2,rain,B,5,120,Low
4,2,rain,C,11,130,Low
4,3,rain,A,12,150,Low
4,3,rain,B,5,120,Low
4,3,rain,C,11,130,Low
4,4,rain,A,20,150,Low
4,4,rain,B,5,120,Low
4,4,rain,C,9,130,Low
4,5,rain,A,16,150,Low
4,5,rain,B,6,120,Low
4,5,rain,C,10,130,Low
4,6,rain,A,76,150,Moderate
4,6,rain,B,21,120,Low
4,6,rain,C,42,130,Low
4,7,rain,A,70,150,Moderate
4,7,rain,B,22,120,Low
4,7,rain,C,47,130,Moderate
4,8,rain,A,121,150,High
4,8,rain,B,48,120,Moderate
4,8,rain,C,77,130,Moderate
4,9,rain,A,125,150,High
4,9,rain,B,39,120,Low
4,9,rain,C,68,130,Moderate
4,10,rain,A,140,150,High
4,10,rain,B,47,120,Moderate
4,10,rain,C,63,130,Moderate
4,11,rain,A,122,150,High
4,11,rain,B,27,120,Low
4,11,rain,C,69,130,Moderate
4,12,rain,A,75,150,Moderate
4,12,rain,B,23,120,Low
4,12,rain,C,42,130,Low
4,13,rain,A,36,150,Low
4,13,rain,B,22,120,Low
4,13,rain,C,44,130,Low
4,14,rain,A,70,150,Moderate
4,14,rain,B,27,120,Low
4,14,rain,C,40,130,Low
4,15,rain,A,64,150,Moderate
4,15,rain,B,19,120,Low
4,15,rain,C,40,130,Low
4,16,rain,A,53,150,Moderate
4,16,rain,B,17,120,Low
4,16,rain,C,35,130,Low
4,17,rain,A,161,150,High
4,17,rain,B,46,120,Moderate
4,17,rain,C,86,130,High
4,18,rain,A,121,150,High
4,18,rain,B,35,120,Low
4,18,rain,C,95,130,High
4,19,rain,A,88,150,Moderate
4,19,rain,B,44,120,Moderate
4,19,rain,C,83,130,Moderate
4,20,rain,A,136,150,High
4,20,rain,B,42,120,Moderate
4,20,rain,C,60,130,Moderate
4,21,rain,A,58,150,Moderate
4,21,rain,B,21,120,Low
4,21,rain,C,37,130,Low
4,22,rain,A,75,150,Moderate
4,22,rain,B,19,120,Low
4,22,rain,C,43,130,Low
4,23,rain,A,67,150,Moderate
4,23,rain,B,27,120,Low
4,23,rain,C,41,130,Low
5,0,clear,A,9,150,Low
5,0,clear,B,3,120,Low
5,0,clear,C,4,130,Low
5,1,clear,A,5,150,Low
5,1,clear,B,3,120,Low
5,1,clear,C,6,130,Low
5,2,clear,A,10,150,Low
5,2,clear,B,3,120,Low
5,2,clear,C,7,130,Low
5,3,clear,A,8,150,Low
5,3,clear,B,3,120,Low
5,3,clear,C,6,130,Low
5,4,clear,A,12,150,Low
5,4,clear,B,3,120,Low
5,4,clear,C,5,130,Low
5,5,clear,A,7,150,Low
5,5,clear,B,4,120,Low
5,5,clear,C,6,130,Low
5,6,clear,A,41,150,Low
5,6,clear,B,20,120,Low
5,6,clear,C,25,130,Low
5,7,clear,A,30,150,Low
5,7,clear,B,13,120,Low
5,7,clear,C,20,130,Low
5,8,clear,A,65,150,Moderate
5,8,clear,B,23,120,Low
5,8,clear,C,40,130,Low
5,9,clear,A,54,150,Moderate
5,9,clear,B,31,120,Low
5,9,clear,C,46,130,Moderate
5,10,clear,A,66,150,Moderate
5,10,clear,B,28,120,Low
5,10,clear,C,47,130,Moderate
5,11,clear,A,72,150,Moderate
5,11,clear,B,27,120,Low
5,11,clear,C,44,130,Low
5,12,clear,A,42,150,Low
5,12,clear,B,15,120,Low
5,12,clear,C,25,130,Low
5,13,clear,A,37,150,Low
5,13,clear,B,17,120,Low
5,13,clear,C,22,130,Low
5,14,clear,A,40,150,Low
5,14,clear,B,14,120,Low
5,14,clear,C,22,130,Low
5,15,clear,A,33,150,Low
5,15,clear,B,13,120,Low
5,15,clear,C,22,130,Low
5,16,clear,A,30,150,Low
5,16,clear,B,12,120,Low
5,16,clear,C,25,130,Low
5,17,clear,A,91,150,Moderate
5,17,clear,B,30,120,Low
5,17,clear,C,29,130,Low
5,18,clear,A,84,150,Moderate
5,18,clear,B,25,120,Low
5,18,clear,C,52,130,Moderate
5,19,clear,A,76,150,Moderate
5,19,clear,B,27,120,Low
5,19,clear,C,48,130,Moderate
5,20,clear,A,76,150,Moderate
5,20,clear,B,33,120,Low
5,20,clear,C,48,130,Moderate
5,21,clear,A,44,150,Low
5,21,clear,B,15,120,Low
5,21,clear,C,26,130,Low
5,22,clear,A,28,150,Low
5,22,clear,B,16,120,Low
5,22,clear,C,22,130,Low
5,23,clear,A,42,150,Low
5,23,clear,B,11,120,Low
5,23,clear,C,20,130,Low
6,0,rain,A,9,150,Low
6,0,rain,B,4,120,Low
6,0,rain,C,7,130,Low
6,1,rain,A,10,150,Low
6,1,rain,B,4,120,Low
6,1,rain,C,5,130,Low
6,2,rain,A,11,150,Low
6,2,rain,B,3,120,Low
6,2,rain,C,6,130,Low
6,3,rain,A,13,150,Low
6,3,rain,B,4,120,Low
6,3,rain,C,5,130,Low
6,4,rain,A,13,150,Low
6,4,rain,B,4,120,Low
6,4,rain,C,6,130,Low
6,5,rain,A,12,150,Low
6,5,rain,B,4,120,Low
6,5,rain,C,6,130,Low
6,6,rain,A,59,150,Moderate
6,6,rain,B,16,120,Low
6,6,rain,C,29,130,Low
6,7,rain,A,43,150,Low
6,7,rain,B,19,120,Low
6,7,rain,C,27,130,Low
6,8,rain,A,63,150,Moderate
6,8,rain,B,27,120,Low
6,8,rain,C,63,130,Moderate
6,9,rain,A,93,150,Moderate
6,9,rain,B,29,120,Low
6,9,rain,C,63,130,Moderate
6,10,rain,A,92,150,Moderate
6,10,rain,B,29,120,Low
6,10,rain,C,51,130,Moderate
6,11,rain,A,87,150,Moderate
6,11,rain,B,26,120,Low
6,11,rain,C,52,130,Moderate
6,12,rain,A,48,150,Low
6,12,rain,B,12,120,Low
6,12,rain,C,28,130,Low
6,13,rain,A,44,150,Low
6,13,rain,B,19,120,Low
6,13,rain,C,21,130,Low
6,14,rain,A,43,150,Low
6,14,rain,B,15,120,Low
6,14,rain,C,33,130,Low
6,15,rain,A,45,150,Low
6,15,rain,B,21,120,Low
6,15,rain,C,32,130,Low
6,16,rain,A,43,150,Low
6,16,rain,B,17,120,Low
6,16,rain,C,27,130,Low
6,17,rain,A,104,150,High
6,17,rain,B,26,120,Low
6,17,rain,C,51,130,Moderate
6,18,rain,A,98,150,High
6,18,rain,B,39,120,Low
6,18,rain,C,39,130,Low
6,19,rain,A,111,150,High
6,19,rain,B,32,120,Low
6,19,rain,C,42,130,Low
6,20,rain,A,50,150,Low
6,20,rain,B,25,120,Low
6,20,rain,C,58,130,Moderate
6,21,rain,A,45,150,Low
6,21,rain,B,18,120,Low
6,21,rain,C,26,130,Low
6,22,rain,A,38,150,Low
6,22,rain,B,15,120,Low
6,22,rain,C,29,130,Low
6,23,rain,A,47,150,Low
6,23,rain,B,14,120,Low
6,23,rain,C,33,130,Low
0,0,clear,A,11,150,Low
0,0,clear,B,4,120,Low
0,0,clear,C,10,130,Low
0,1,clear,A,13,150,Low
0,1,clear,B,4,120,Low
0,1,clear,C,9,130,Low
0,2,clear,A,18,150,Low
0,2,clear,B,5,120,Low
0,2,clear,C,10,130,Low
0,3,clear,A,15,150,Low
0,3,clear,B,4,120,Low
0,3,clear,C,8,130,Low
0,4,clear,A,11,150,Low
0,4,clear,B,4,120,Low
0,4,clear,C,7,130,Low
0,5,clear,A,12,150,Low
0,5,clear,B,4,120,Low
0,5,clear,C,8,130,Low
0,6,clear,A,59,150,Moderate
0,6,clear,B,19,120,Low
0,6,clear,C,25,130,Low
0,7,clear,A,48,150,Low
0,7,clear,B,15,120,Low
0,7,clear,C,36,130,Low
0,8,clear,A,106,150,High
0,8,clear,B,37,120,Low
0,8,clear,C,55,130,Moderate
0,9,clear,A,102,150,High
0,9,clear,B,33,120,Low
0,9,clear,C,52,130,Moderate
0,10,clear,A,110,150,High
0,10,clear,B,40,120,Low
0,10,clear,C,71,130,Moderate
0,11,clear,A,89,150,Moderate
0,11,clear,B,42,120,Moderate
0,11,clear,C,58,130,Moderate
0,12,clear,A,60,150,Moderate
0,12,clear,B,18,120,Low
0,12,clear,C,33,130,Low
0,13,clear,A,35,150,Low
0,13,clear,B,19,120,Low
0,13,clear,C,35,130,Low
0,14,clear,A,51,150,Low
0,14,clear,B,25,120,Low
0,14,clear,C,28,130,Low
0,15,clear,A,50,150,Low
0,15,clear,B,17,120,Low
0,15,clear,C,32,130,Low
0,16,clear,A,63,150,Moderate
0,16,clear,B,24,120,Low
0,16,clear,C,31,130,Low
0,17,clear,A,98,150,High
0,17,clear,B,33,120,Low
0,17,clear,C,83,130,Moderate
0,18,clear,A,128,150,High
0,18,clear,B,39,120,Low
0,18,clear,C,55,130,Moderate
0,19,clear,A,88,150,Moderate
0,19,clear,B,41,120,Low
0,19,clear,C,75,130,Moderate
0,20,clear,A,75,150,Moderate
0,20,clear,B,38,120,Low
0,20,clear,C,86,130,High
0,21,clear,A,53,150,Moderate
0,21,clear,B,24,120,Low
0,21,clear,C,38,130,Low
0,22,clear,A,46,150,Low
0,22,clear,B,19,120,Low
0,22,clear,C,34,130,Low
0,23,clear,A,47,150,Low
0,23,clear,B,17,120,Low
0,23,clear,C,42,130,Low
1,0,clear,A,15,150,Low
1,0,clear,B,4,120,Low
1,0,clear,C,8,130,Low
1,1,clear,A,14,150,Low
1,1,clear,B,4,120,Low
1,1,clear,C,9,130,Low
1,2,clear,A,9,150,Low
1,2,clear,B,5,120,Low
1,2,clear,C,5,130,Low
1,3,clear,A,13,150,Low
1,3,clear,B,5,120,Low
1,3,clear,C,9,130,Low
1,4,clear,A,11,150,Low
1,4,clear,B,4,120,Low
1,4,clear,C,7,130,Low
1,5,clear,A,14,150,Low
1,5,clear,B,3,120,Low
1,5,clear,C,8,130,Low
1,6,clear,A,57,150,Moderate
1,6,clear,B,19,120,Low
1,6,clear,C,37,130,Low
1,7,clear,A,56,150,Moderate
1,7,clear,B,18,120,Low
1,7,clear,C,24,130,Low
1,8,clear,A,100,150,High
1,8,clear,B,30,120,Low
1,8,clear,C,57,130,Moderate
1,9,clear,A,106,150,High
1,9,clear,B,43,120,Moderate
1,9,clear,C,62,130,Moderate
1,10,clear,A,107,150,High
1,10,clear,B,28,120,Low
1,10,clear,C,65,130,Moderate
1,11,clear,A,98,150,High
1,11,clear,B,42,120,Moderate
1,11,clear,C,57,130,Moderate
1,12,clear,A,53,150,Moderate
1,12,clear,B,23,120,Low
1,12,clear,C,34,130,Low
1,13,clear,A,45,150,Low
1,13,clear,B,27,120,Low
1,13,clear,C,29,130,Low
1,14,clear,A,54,150,Moderate
1,14,clear,B,21,120,Low
1,14,clear,C,36,130,Low
1,15,clear,A,53,150,Moderate
1,15,clear,B,19,120,Low
1,15,clear,C,33,130,Low
1,16,clear,A,45,150,Low
1,16,clear,B,26,120,Low
1,16,clear,C,33,130,Low
1,17,clear,A,119,150,High
1,17,clear,B,37,120,Low
1,17,clear,C,66,130,Moderate
1,18,clear,A,102,150,High
1,18,clear,B,30,120,Low
1,18,clear,C,68,130,Moderate
1,19,clear,A,103,150,High
1,19,clear,B,47,120,Moderate
1,19,clear,C,57,130,Moderate
1,20,clear,A,100,150,High
1,20,clear,B,34,120,Low
1,20,clear,C,85,130,High
1,21,clear,A,47,150,Low
1,21,clear,B,21,120,Low
1,21,clear,C,40,130,Low
1,22,clear,A,53,150,Moderate
1,22,clear,B,15,120,Low
1,22,clear,C,27,130,Low
1,23,clear,A,62,150,Moderate
1,23,clear,B,16,120,Low
1,23,clear,C,37,130,Low
2,0,clear,A,14,150,Low
2,0,clear,B,5,120,Low
2,0,clear,C,7,130,Low
2,1,clear,A,11,150,Low
2,1,clear,B,5,120,Low
2,1,clear,C,7,130,Low
2,2,clear,A,8,150,Low
2,2,clear,B,5,120,Low
2,2,clear,C,7,130,Low
2,3,clear,A,14,150,Low
2,3,clear,B,6,120,Low
2,3,clear,C,8,130,Low
2,4,clear,A,15,150,Low
2,4,clear,B,5,120,Low
2,4,clear,C,10,130,Low
2,5,clear,A,11,150,Low
2,5,clear,B,4,120,Low
2,5,clear,C,9,130,Low
2,6,clear,A,53,150,Moderate
2,6,clear,B,23,120,Low
2,6,clear,C,32,130,Low
2,7,clear,A,72,150,Moderate
2,7,clear,B,26,120,Low
2,7,clear,C,36,130,Low
2,8,clear,A,107,150,High
2,8,clear,B,42,120,Moderate
2,8,clear,C,51,130,Moderate
2,9,clear,A,79,150,Moderate
2,9,clear,B,42,120,Moderate
2,9,clear,C,65,130,Moderate
2,10,clear,A,95,150,Moderate
2,10,clear,B,36,120,Low
2,10,clear,C,40,130,Low
2,11,clear,A,96,150,Moderate
2,11,clear,B,31,120,Low
2,11,clear,C,71,130,Moderate
2,12,clear,A,63,150,Moderate
2,12,clear,B,21,120,Low
2,12,clear,C,37,130,Low
2,13,clear,A,42,150,Low
2,13,clear,B,21,120,Low
2,13,clear,C,38,130,Low
2,14,clear,A,65,150,Moderate
2,14,clear,B,26,120,Low
2,14,clear,C,26,130,Low
2,15,clear,A,51,150,Low
2,15,clear,B,17,120,Low
2,15,clear,C,35,130,Low
2,16,clear,A,55,150,Moderate
2,16,clear,B,19,120,Low
2,16,clear,C,40,130,Low
2,17,clear,A,91,150,Moderate
2,17,clear,B,33,120,Low
2,17,clear,C,59,130,Moderate
2,18,clear,A,104,150,High
2,18,clear,B,32,120,Low
2,18,clear,C,69,130,Moderate
2,19,clear,A,107,150,High
2,19,clear,B,35,120,Low
2,19,clear,C,79,130,Moderate
2,20,clear,A,109,150,High
2,20,clear,B,46,120,Moderate
2,20,clear,C,67,130,Moderate
2,21,clear,A,54,150,Moderate
2,21,clear,B,18,120,Low
2,21,clear,C,34,130,Low
2,22,clear,A,60,150,Moderate
2,22,clear,B,18,120,Low
2,22,clear,C,37,130,Low
2,23,clear,A,48,150,Low
2,23,clear,B,22,120,Low
2,23,clear,C,31,130,Low
3,0,clear,A,13,150,Low
3,0,clear,B,6,120,Low
3,0,clear,C,7,130,Low
3,1,clear,A,10,150,Low
3,1,clear,B,4,120,Low
3,1,clear,C,6,130,Low
3,2,clear,A,10,150,Low
3,2,clear,B,5,120,Low
3,2,clear,C,8,130,Low
3,3,clear,A,12,150,Low
3,3,clear,B,4,120,Low
3,3,clear,C,7,130,Low
3,4,clear,A,17,150,Low
3,4,clear,B,4,120,Low
3,4,clear,C,7,130,Low
3,5,clear,A,15,150,Low
3,5,clear,B,4,120,Low
3,5,clear,C,11,130,Low
3,6,clear,A,50,150,Low
3,6,clear,B,22,120,Low
3,6,clear,C,40,130,Low
3,7,clear,A,50,150,Low
3,7,clear,B,17,120,Low
3,7,clear,C,38,130,Low
3,8,clear,A,107,150,High
3,8,clear,B,28,120,Low
3,8,clear,C,52,130,Moderate
3,9,clear,A,61,150,Moderate
3,9,clear,B,39,120,Low
3,9,clear,C,60,130,Moderate
3,10,clear,A,96,150,Moderate
3,10,clear,B,26,120,Low
3,10,clear,C,52,130,Moderate
3,11,clear,A,91,150,Moderate
3,11,clear,B,32,120,Low
3,11,clear,C,64,130,Moderate
3,12,clear,A,59,150,Moderate
3,12,clear,B,26,120,Low
3,12,clear,C,34,130,Low
3,13,clear,A,64,150,Moderate
3,13,clear,B,17,120,Low
3,13,clear,C,26,130,Low
3,14,clear,A,52,150,Low
3,14,clear,B,15,120,Low
3,14,clear,C,35,130,Low
3,15,clear,A,48,150,Low
3,15,clear,B,14,120,Low
3,15,clear,C,44,130,Low
3,16,clear,A,50,150,Low
3,16,clear,B,15,120,Low
3,16,clear,C,39,130,Low
3,17,clear,A,97,150,Moderate
3,17,clear,B,46,120,Moderate
3,17,clear,C,62,130,Moderate
3,18,clear,A,101,150,High
3,18,clear,B,42,120,Moderate
3,18,clear,C,76,130,Moderate
3,19,clear,A,122,150,High
3,19,clear,B,39,120,Low
3,19,clear,C,75,130,Moderate
3,20,clear,A,122,150,High
3,20,clear,B,41,120,Low
3,20,clear,C,68,130,Moderate
3,21,clear,A,43,150,Low
3,21,clear,B,21,120,Low
3,21,clear,C,35,130,Low
3,22,clear,A,51,150,Low
3,22,clear,B,23,120,Low
3,22,clear,C,27,130,Low
3,23,clear,A,68,150,Moderate
3,23,clear,B,19,120,Low
3,23,clear,C,36,130,Low
4,0,rain,A,12,150,Low
4,0,rain,B,5,120,Low
4,0,rain,C,11,130,Low
4,1,rain,A,18,150,Low
4,1,rain,B,5,120,Low
4,1,rain,C,7,130,Low
4,2,rain,A,12,150,Low
4,2,rain,B,7,120,Low
4,2,rain,C,8,130,Low
4,3,rain,A,20,150,Low
4,3,rain,B,5,120,Low
4,3,rain,C,10,130,Low
4,4,rain,A,18,150,Low
4,4,rain,B,5,120,Low
4,4,rain,C,13,130,Low
4,5,rain,A,16,150,Low
4,5,rain,B,6,120,Low
4,5,rain,C,10,130,Low
4,6,rain,A,72,150,Moderate
4,6,rain,B,29,120,Low
4,6,rain,C,41,130,Low
4,7,rain,A,83,150,Moderate
4,7,rain,B,21,120,Low
4,7,rain,C,46,130,Moderate
4,8,rain,A,127,150,High
4,8,rain,B,36,120,Low
4,8,rain,C,78,130,Moderate
4,9,rain,A,118,150,High
4,9,rain,B,37,120,Low
4,9,rain,C,79,130,Moderate
4,10,rain,A,121,150,High
4,10,rain,B,42,120,Moderate
4,10,rain,C,74,130,Moderate
4,11,rain,A,117,150,High
4,11,rain,B,40,120,Low
4,11,rain,C,77,130,Moderate
4,12,rain,A,59,150,Moderate
4,12,rain,B,33,120,Low
4,12,rain,C,33,130,Low
4,13,rain,A,60,150,Moderate
4,13,rain,B,22,120,Low
4,13,rain,C,54,130,Moderate
4,14,rain,A,52,150,Low
4,14,rain,B,25,120,Low
4,14,rain,C,43,130,Low
4,15,rain,A,69,150,Moderate
4,15,rain,B,28,120,Low
4,15,rain,C,49,130,Moderate
4,16,rain,A,61,150,Moderate
4,16,rain,B,24,120,Low
4,16,rain,C,30,130,Low
4,17,rain,A,133,150,High
4,17,rain,B,42,120,Moderate
4,17,rain,C,81,130,Moderate
4,18,rain,A,98,150,High
4,18,rain,B,50,120,Moderate
4,18,rain,C,62,130,Moderate
4,19,rain,A,134,150,High
4,19,rain,B,39,120,Low
4,19,rain,C,73,130,Moderate
4,20,rain,A,154,150,High
4,20,rain,B,52,120,Moderate
4,20,rain,C,98,130,High
4,21,rain,A,81,150,Moderate
4,21,rain,B,21,120,Low
4,21,rain,C,51,130,Moderate
4,22,rain,A,51,150,Low
4,22,rain,B,26,120,Low
4,22,rain,C,38,130,Low
4,23,rain,A,56,150,Moderate
4,23,rain,B,26,120,Low
4,23,rain,C,47,130,Moderate
5,0,rain,A,11,150,Low
5,0,rain,B,4,120,Low
5,0,rain,C,7,130,Low
5,1,rain,A,12,150,Low
5,1,rain,B,4,120,Low
5,1,rain,C,7,130,Low
5,2,rain,A,13,150,Low
5,2,rain,B,3,120,Low
5,2,rain,C,7,130,Low
5,3,rain,A,9,150,Low
5,3,rain,B,4,120,Low
5,3,rain,C,9,130,Low
5,4,rain,A,10,150,Low
5,4,rain,B,4,120,Low
5,4,rain,C,8,130,Low
5,5,rain,A,7,150,Low
5,5,rain,B,3,120,Low
5,5,rain,C,7,130,Low
5,6,rain,A,26,150,Low
5,6,rain,B,14,120,Low
5,6,rain,C,34,130,Low
5,7,rain,A,53,150,Moderate
5,7,rain,B,17,120,Low
5,7,rain,C,33,130,Low
5,8,rain,A,85,150,Moderate
5,8,rain,B,32,120,Low
5,8,rain,C,50,130,Moderate
5,9,rain,A,84,150,Moderate
5,9,rain,B,27,120,Low
5,9,rain,C,62,130,Moderate
5,10,rain,A,102,150,High
5,10,rain,B,36,120,Low
5,10,rain,C,49,130,Moderate
5,11,rain,A,71,150,Moderate
5,11,rain,B,36,120,Low
5,11,rain,C,57,130,Moderate
5,12,rain,A,48,150,Low
5,12,rain,B,15,120,Low
5,12,rain,C,31,130,Low
5,13,rain,A,38,150,Low
5,13,rain,B,18,120,Low
5,13,rain,C,35,130,Low
5,14,rain,A,57,150,Moderate
5,14,rain,B,18,120,Low
5,14,rain,C,23,130,Low
5,15,rain,A,47,150,Low
5,15,rain,B,22,120,Low
5,15,rain,C,25,130,Low
5,16,rain,A,45,150,Low
5,16,rain,B,20,120,Low
5,16,rain,C,32,130,Low
5,17,rain,A,126,150,High
5,17,rain,B,29,120,Low
5,17,rain,C,50,130,Moderate
5,18,rain,A,109,150,High
5,18,rain,B,27,120,Low
5,18,rain,C,57,130,Moderate
5,19,rain,A,91,150,Moderate
5,19,rain,B,38,120,Low
5,19,rain,C,64,130,Moderate
5,20,rain,A,98,150,High
5,20,rain,B,31,120,Low
5,20,rain,C,69,130,Moderate
5,21,rain,A,74,150,Moderate
5,21,rain,B,18,120,Low
5,21,rain,C,29,130,Low
5,22,rain,A,37,150,Low
5,22,rain,B,15,120,Low
5,22,rain,C,28,130,Low
5,23,rain,A,42,150,Low
5,23,rain,B,16,120,Low
5,23,rain,C,37,130,Low
6,0,clear,A,9,150,Low
6,0,clear,B,2,120,Low
6,0,clear,C,7,130,Low
6,1,clear,A,9,150,Low
6,1,clear,B,2,120,Low
6,1,clear,C,6,130,Low
6,2,clear,A,11,150,Low
6,2,clear,B,2,120,Low
6,2,clear,C,5,130,Low
6,3,clear,A,9,150,Low
6,3,clear,B,3,120,Low
6,3,clear,C,5,130,Low
6,4,clear,A,8,150,Low
6,4,clear,B,3,120,Low
6,4,clear,C,5,130,Low
6,5,clear,A,10,150,Low
6,5,clear,B,2,120,Low
6,5,clear,C,4,130,Low
6,6,clear,A,42,150,Low
6,6,clear,B,14,120,Low
6,6,clear,C,27,130,Low
6,7,clear,A,35,150,Low
6,7,clear,B,12,120,Low
6,7,clear,C,29,130,Low
6,8,clear,A,53,150,Moderate
6,8,clear,B,29,120,Low
6,8,clear,C,52,130,Moderate
6,9,clear,A,78,150,Moderate
6,9,clear,B,22,120,Low
6,9,clear,C,38,130,Low
6,10,clear,A,67,150,Moderate
6,10,clear,B,20,120,Low
6,10,clear,C,37,130,Low
6,11,clear,A,76,150,Moderate
6,11,clear,B,27,120,Low
6,11,clear,C,37,130,Low
6,12,clear,A,42,150,Low
6,12,clear,B,14,120,Low
6,12,clear,C,30,130,Low
6,13,clear,A,41,150,Low
6,13,clear,B,16,120,Low
6,13,clear,C,26,130,Low
6,14,clear,A,44,150,Low
6,14,clear,B,11,120,Low
6,14,clear,C,24,130,Low
6,15,clear,A,38,150,Low
6,15,clear,B,13,120,Low
6,15,clear,C,26,130,Low
6,16,clear,A,42,150,Low
6,16,clear,B,14,120,Low
6,16,clear,C,23,130,Low
6,17,clear,A,68,150,Moderate
6,17,clear,B,32,120,Low
6,17,clear,C,51,130,Moderate
6,18,clear,A,65,150,Moderate
6,18,clear,B,27,120,Low
6,18,clear,C,36,130,Low
6,19,clear,A,77,150,Moderate
6,19,clear,B,27,120,Low
6,19,clear,C,44,130,Low
6,20,clear,A,95,150,Moderate
6,20,clear,B,23,120,Low
6,20,clear,C,54,130,Moderate
6,21,clear,A,51,150,Low
6,21,clear,B,16,120,Low
6,21,clear,C,24,130,Low
6,22,clear,A,31,150,Low
6,22,clear,B,11,120,Low
6,22,clear,C,22,130,Low
6,23,clear,A,34,150,Low
6,23,clear,B,12,120,Low
6,23,clear,C,23,130,Low
0,0,clear,A,14,150,Low
0,0,clear,B,4,120,Low
0,0,clear,C,7,130,Low
0,1,clear,A,13,150,Low
0,1,clear,B,4,120,Low
0,1,clear,C,11,130,Low
0,2,clear,A,14,150,Low
0,2,clear,B,3,120,Low
0,2,clear,C,9,130,Low
0,3,clear,A,14,150,Low
0,3,clear,B,4,120,Low
0,3,clear,C,7,130,Low
0,4,clear,A,17,150,Low
0,4,clear,B,4,120,Low
0,4,clear,C,9,130,Low
0,5,clear,A,14,150,Low
0,5,clear,B,5,120,Low
0,5,clear,C,10,130,Low
0,6,clear,A,59,150,Moderate
0,6,clear,B,18,120,Low
0,6,clear,C,40,130,Low
0,7,clear,A,49,150,Low
0,7,clear,B,20,120,Low
0,7,clear,C,28,130,Low
0,8,clear,A,83,150,Moderate
0,8,clear,B,36,120,Low
0,8,clear,C,66,130,Moderate
0,9,clear,A,73,150,Moderate
0,9,clear,B,38,120,Low
0,9,clear,C,55,130,Moderate
0,10,clear,A,118,150,High
0,10,clear,B,34,120,Low
0,10,clear,C,52,130,Moderate
0,11,clear,A,100,150,High
0,11,clear,B,31,120,Low
0,11,clear,C,74,130,Moderate
0,12,clear,A,55,150,Moderate
0,12,clear,B,19,120,Low
0,12,clear,C,38,130,Low
0,13,clear,A,46,150,Low
0,13,clear,B,16,120,Low
0,13,clear,C,37,130,Low
0,14,clear,A,45,150,Low
0,14,clear,B,16,120,Low
0,14,clear,C,39,130,Low
0,15,clear,A,59,150,Moderate
0,15,clear,B,16,120,Low
0,15,clear,C,31,130,Low
0,16,clear,A,47,150,Low
0,16,clear,B,25,120,Low
0,16,clear,C,39,130,Low
0,17,clear,A,103,150,High
0,17,clear,B,43,120,Moderate
0,17,clear,C,55,130,Moderate
0,18,clear,A,98,150,High
0,18,clear,B,40,120,Low
0,18,clear,C,74,130,Moderate
0,19,clear,A,108,150,High
0,19,clear,B,41,120,Low
0,19,clear,C,70,130,Moderate
0,20,clear,A,107,150,High
0,20,clear,B,38,120,Low
0,20,clear,C,65,130,Moderate
0,21,clear,A,56,150,Moderate
0,21,clear,B,21,120,Low
0,21,clear,C,36,130,Low
0,22,clear,A,45,150,Low
0,22,clear,B,17,120,Low
0,22,clear,C,37,130,Low
0,23,clear,A,67,150,Moderate
0,23,clear,B,20,120,Low
0,23,clear,C,32,130,Low
1,0,clear,A,11,150,Low
1,0,clear,B,5,120,Low
1,0,clear,C,8,130,Low
1,1,clear,A,12,150,Low
1,1,clear,B,4,120,Low
1,1,clear,C,8,130,Low
1,2,clear,A,16,150,Low
1,2,clear,B,4,120,Low
1,2,clear,C,8,130,Low
1,3,clear,A,14,150,Low
1,3,clear,B,4,120,Low
1,3,clear,C,9,130,Low
1,4,clear,A,14,150,Low
1,4,clear,B,3,120,Low
1,4,clear,C,9,130,Low
1,5,clear,A,13,150,Low
1,5,clear,B,5,120,Low
1,5,clear,C,8,130,Low
1,6,clear,A,57,150,Moderate
1,6,clear,B,24,120,Low
1,6,clear,C,28,130,Low
1,7,clear,A,52,150,Low
1,7,clear,B,21,120,Low
1,7,clear,C,37,130,Low
1,8,clear,A,105,150,High
1,8,clear,B,50,120,Moderate
1,8,clear,C,68,130,Moderate
1,9,clear,A,115,150,High
1,9,clear,B,34,120,Low
1,9,clear,C,53,130,Moderate
1,10,clear,A,94,150,Moderate
1,10,clear,B,39,120,Low
1,10,clear,C,66,130,Moderate
1,11,clear,A,104,150,High
1,11,clear,B,34,120,Low
1,11,clear,C,59,130,Moderate
1,12,clear,A,53,150,Moderate
1,12,clear,B,22,120,Low
1,12,clear,C,39,130,Low
1,13,clear,A,46,150,Low
1,13,clear,B,22,120,Low
1,13,clear,C,31,130,Low
1,14,clear,A,58,150,Moderate
1,14,clear,B,19,120,Low
1,14,clear,C,43,130,Low
1,15,clear,A,51,150,Low
1,15,clear,B,20,120,Low
1,15,clear,C,38,130,Low
1,16,clear,A,47,150,Low
1,16,clear,B,19,120,Low
1,16,clear,C,33,130,Low
1,17,clear,A,101,150,High
1,17,clear,B,37,120,Low
1,17,clear,C,81,130,Moderate
1,18,clear,A,100,150,High
1,18,clear,B,43,120,Moderate
1,18,clear,C,73,130,Moderate
1,19,clear,A,86,150,Moderate
1,19,clear,B,43,120,Moderate
1,19,clear,C,55,130,Moderate
1,20,clear,A,120,150,High
1,20,clear,B,36,120,Low
1,20,clear,C,70,130,Moderate
1,21,clear,A,44,150,Low
1,21,clear,B,20,120,Low
1,21,clear,C,39,130,Low
1,22,clear,A,48,150,Low
1,22,clear,B,18,120,Low
1,22,clear,C,37,130,Low
1,23,clear,A,58,150,Moderate
1,23,clear,B,12,120,Low
1,23,clear,C,45,130,Low
2,0,fog,A,16,150,Low
2,0,fog,B,5,120,Low
2,0,fog,C,6,130,Low
2,1,fog,A,16,150,Low
2,1,fog,B,5,120,Low
2,1,fog,C,10,130,Low
2,2,fog,A,14,150,Low
2,2,fog,B,5,120,Low
2,2,fog,C,8,130,Low
2,3,fog,A,17,150,Low
2,3,fog,B,4,120,Low
2,3,fog,C,12,130,Low
2,4,fog,A,20,150,Low
2,4,fog,B,6,120,Low
2,4,fog,C,11,130,Low
2,5,fog,A,14,150,Low
2,5,fog,B,6,120,Low
2,5,fog,C,9,130,Low
2,6,fog,A,46,150,Low
2,6,fog,B,26,120,Low
2,6,fog,C,45,130,Low
2,7,fog,A,60,150,Moderate
2,7,fog,B,17,120,Low
2,7,fog,C,35,130,Low
2,8,fog,A,79,150,Moderate
2,8,fog,B,45,120,Moderate
2,8,fog,C,52,130,Moderate
2,9,fog,A,113,150,High
2,9,fog,B,34,120,Low
2,9,fog,C,54,130,Moderate
2,10,fog,A,112,150,High
2,10,fog,B,37,120,Low
2,10,fog,C,78,130,Moderate
2,11,fog,A,88,150,Moderate
2,11,fog,B,35,120,Low
2,11,fog,C,44,130,Low
2,12,fog,A,40,150,Low
2,12,fog,B,27,120,Low
2,12,fog,C,50,130,Moderate
2,13,fog,A,61,150,Moderate
2,13,fog,B,19,120,Low
2,13,fog,C,36,130,Low
2,14,fog,A,68,150,Moderate
2,14,fog,B,20,120,Low
2,14,fog,C,39,130,Low
2,15,fog,A,60,150,Moderate
2,15,fog,B,20,120,Low
2,15,fog,C,35,130,Low
2,16,fog,A,63,150,Moderate
2,16,fog,B,18,120,Low
2,16,fog,C,41,130,Low
2,17,fog,A,112,150,High
2,17,fog,B,44,120,Moderate
2,17,fog,C,92,130,High
2,18,fog,A,117,150,High
2,18,fog,B,50,120,Moderate
2,18,fog,C,56,130,Moderate
2,19,fog,A,112,150,High
2,19,fog,B,44,120,Moderate
2,19,fog,C,99,130,High
2,20,fog,A,85,150,Moderate
2,20,fog,B,43,120,Moderate
2,20,fog,C,93,130,High
2,21,fog,A,53,150,Moderate
2,21,fog,B,21,120,Low
2,21,fog,C,40,130,Low
2,22,fog,A,62,150,Moderate
2,22,fog,B,27,120,Low
2,22,fog,C,41,130,Low
2,23,fog,A,72,150,Moderate
2,23,fog,B,20,120,Low
2,23,fog,C,34,130,Low
3,0,clear,A,11,150,Low
3,0,clear,B,5,120,Low
3,0,clear,C,8,130,Low
3,1,clear,A,12,150,Low
3,1,clear,B,5,120,Low
3,1,clear,C,7,130,Low
3,2,clear,A,15,150,Low
3,2,clear,B,4,120,Low
3,2,clear,C,10,130,Low
3,3,clear,A,12,150,Low
3,3,clear,B,5,120,Low
3,3,clear,C,8,130,Low
3,4,clear,A,15,150,Low
3,4,clear,B,5,120,Low
3,4,clear,C,6,130,Low
3,5,clear,A,15,150,Low
3,5,clear,B,4,120,Low
3,5,clear,C,9,130,Low
3,6,clear,A,60,150,Moderate
3,6,clear,B,17,120,Low
3,6,clear,C,30,130,Low
3,7,clear,A,60,150,Moderate
3,7,clear,B,19,120,Low
3,7,clear,C,39,130,Low
3,8,clear,A,96,150,Moderate
3,8,clear,B,41,120,Low
3,8,clear,C,67,130,Moderate
3,9,clear,A,103,150,High
3,9,clear,B,33,120,Low
3,9,clear,C,65,130,Moderate
3,10,clear,A,116,150,High
3,10,clear,B,35,120,Low
3,10,clear,C,68,130,Moderate
3,11,clear,A,99,150,High
3,11,clear,B,36,120,Low
3,11,clear,C,79,130,Moderate
3,12,clear,A,64,150,Moderate
3,12,clear,B,20,120,Low
3,12,clear,C,36,130,Low
3,13,clear,A,49,150,Low
3,13,clear,B,19,120,Low
3,13,clear,C,36,130,Low
3,14,clear,A,62,150,Moderate
3,14,clear,B,22,120,Low
3,14,clear,C,29,130,Low
3,15,clear,A,63,150,Moderate
3,15,clear,B,19,120,Low
3,15,clear,C,29,130,Low
3,16,clear,A,66,150,Moderate
3,16,clear,B,24,120,Low
3,16,clear,C,36,130,Low
3,17,clear,A,121,150,High
3,17,clear,B,44,120,Moderate
3,17,clear,C,84,130,Moderate
3,18,clear,A,122,150,High
3,18,clear,B,32,120,Low
3,18,clear,C,91,130,High
3,19,clear,A,127,150,High
3,19,clear,B,36,120,Low
3,19,clear,C,59,130,Moderate
3,20,clear,A,118,150,High
3,20,clear,B,38,120,Low
3,20,clear,C,73,130,Moderate
3,21,clear,A,61,150,Moderate
3,21,clear,B,18,120,Low
3,21,clear,C,29,130,Low
3,22,clear,A,58,150,Moderate
3,22,clear,B,18,120,Low
3,22,clear,C,35,130,Low
3,23,clear,A,43,150,Low
3,23,clear,B,19,120,Low
3,23,clear,C,38,130,Low
4,0,clear,A,12,150,Low
4,0,clear,B,4,120,Low
4,0,clear,C,8,130,Low
4,1,clear,A,14,150,Low
4,1,clear,B,5,120,Low
4,1,clear,C,8,130,Low
4,2,clear,A,14,150,Low
4,2,clear,B,6,120,Low
4,2,clear,C,9,130,Low
4,3,clear,A,10,150,Low
4,3,clear,B,5,120,Low
4,3,clear,C,11,130,Low
4,4,clear,A,11,150,Low
4,4,clear,B,5,120,Low
4,4,clear,C,8,130,Low
4,5,clear,A,13,150,Low
4,5,clear,B,5,120,Low
4,5,clear,C,10,130,Low
4,6,clear,A,55,150,Moderate
4,6,clear,B,23,120,Low
4,6,clear,C,34,130,Low
4,7,clear,A,52,150,Low
4,7,clear,B,17,120,Low
4,7,clear,C,25,130,Low
4,8,clear,A,103,150,High
4,8,clear,B,47,120,Moderate
4,8,clear,C,67,130,Moderate
4,9,clear,A,109,150,High
4,9,clear,B,33,120,Low
4,9,clear,C,60,130,Moderate
4,10,clear,A,113,150,High
4,10,clear,B,46,120,Moderate
4,10,clear,C,77,130,Moderate
4,11,clear,A,110,150,High
4,11,clear,B,36,120,Low
4,11,clear,C,64,130,Moderate
4,12,clear,A,48,150,Low
4,12,clear,B,15,120,Low
4,12,clear,C,29,130,Low
4,13,clear,A,55,150,Moderate
4,13,clear,B,19,120,Low
4,13,clear,C,27,130,Low
4,14,clear,A,54,150,Moderate
4,14,clear,B,19,120,Low
4,14,clear,C,28,130,Low
4,15,clear,A,51,150,Low
4,15,clear,B,19,120,Low
4,15,clear,C,31,130,Low
4,16,clear,A,62,150,Moderate
4,16,clear,B,14,120,Low
4,16,clear,C,24,130,Low
4,17,clear,A,110,150,High
4,17,clear,B,40,120,Low
4,17,clear,C,74,130,Moderate
4,18,clear,A,101,150,High
4,18,clear,B,34,120,Low
4,18,clear,C,69,130,Moderate
4,19,clear,A,102,150,High
4,19,clear,B,49,120,Moderate
4,19,clear,C,66,130,Moderate
4,20,clear,A,109,150,High
4,20,clear,B,54,120,Moderate
4,20,clear,C,67,130,Moderate
4,21,clear,A,59,150,Moderate
4,21,clear,B,21,120,Low
4,21,clear,C,38,130,Low
4,22,clear,A,57,150,Moderate
4,22,clear,B,20,120,Low
4,22,clear,C,35,130,Low
4,23,clear,A,50,150,Low
4,23,clear,B,20,120,Low
4,23,clear,C,45,130,Low
5,0,clear,A,10,150,Low
5,0,clear,B,3,120,Low
5,0,clear,C,5,130,Low
5,1,clear,A,9,150,Low
5,1,clear,B,3,120,Low
5,1,clear,C,7,130,Low
5,2,clear,A,8,150,Low
5,2,clear,B,3,120,Low
5,2,clear,C,8,130,Low
5,3,clear,A,9,150,Low
5,3,clear,B,4,120,Low
5,3,clear,C,6,130,Low
5,4,clear,A,9,150,Low
5,4,clear,B,3,120,Low
5,4,clear,C,6,130,Low
5,5,clear,A,11,150,Low
5,5,clear,B,2,120,Low
5,5,clear,C,5,130,Low
5,6,clear,A,43,150,Low
5,6,clear,B,13,120,Low
5,6,clear,C,22,130,Low
5,7,clear,A,44,150,Low
5,7,clear,B,16,120,Low
5,7,clear,C,22,130,Low
5,8,clear,A,71,150,Moderate
5,8,clear,B,20,120,Low
5,8,clear,C,38,130,Low
5,9,clear,A,70,150,Moderate
5,9,clear,B,25,120,Low
5,9,clear,C,37,130,Low
5,10,clear,A,61,150,Moderate
5,10,clear,B,21,120,Low
5,10,clear,C,47,130,Moderate
5,11,clear,A,48,150,Low
5,11,clear,B,21,120,Low
5,11,clear,C,31,130,Low
5,12,clear,A,40,150,Low
5,12,clear,B,10,120,Low
5,12,clear,C,24,130,Low
5,13,clear,A,47,150,Low
5,13,clear,B,17,120,Low
5,13,clear,C,17,130,Low
5,14,clear,A,40,150,Low
5,14,clear,B,11,120,Low
5,14,clear,C,20,130,Low
5,15,clear,A,37,150,Low
5,15,clear,B,16,120,Low
5,15,clear,C,26,130,Low
5,16,clear,A,34,150,Low
5,16,clear,B,15,120,Low
5,16,clear,C,16,130,Low
5,17,clear,A,68,150,Moderate
5,17,clear,B,24,120,Low
5,17,clear,C,49,130,Moderate
5,18,clear,A,74,150,Moderate
5,18,clear,B,27,120,Low
5,18,clear,C,47,130,Moderate
5,19,clear,A,77,150,Moderate
5,19,clear,B,30,120,Low
5,19,clear,C,50,130,Moderate
5,20,clear,A,73,150,Moderate
5,20,clear,B,29,120,Low
5,20,clear,C,55,130,Moderate
5,21,clear,A,35,150,Low
5,21,clear,B,13,120,Low
5,21,clear,C,28,130,Low
5,22,clear,A,32,150,Low
5,22,clear,B,17,120,Low
5,22,clear,C,19,130,Low
5,23,clear,A,36,150,Low
5,23,clear,B,12,120,Low
5,23,clear,C,32,130,Low
6,0,rain,A,10,150,Low
6,0,rain,B,3,120,Low
6,0,rain,C,7,130,Low
6,1,rain,A,10,150,Low
6,1,rain,B,4,120,Low
6,1,rain,C,3,130,Low
6,2,rain,A,11,150,Low
6,2,rain,B,4,120,Low
6,2,rain,C,8,130,Low
6,3,rain,A,13,150,Low
6,3,rain,B,4,120,Low
6,3,rain,C,8,130,Low
6,4,rain,A,9,150,Low
6,4,rain,B,4,120,Low
6,4,rain,C,6,130,Low
6,5,rain,A,9,150,Low
6,5,rain,B,4,120,Low
6,5,rain,C,8,130,Low
6,6,rain,A,47,150,Low
6,6,rain,B,20,120,Low
6,6,rain,C,26,130,Low
6,7,rain,A,53,150,Moderate
6,7,rain,B,15,120,Low
6,7,rain,C,30,130,Low
6,8,rain,A,85,150,Moderate
6,8,rain,B,33,120,Low
6,8,rain,C,54,130,Moderate
6,9,rain,A,73,150,Moderate
6,9,rain,B,34,120,Low
6,9,rain,C,66,130,Moderate
6,10,rain,A,75,150,Moderate
6,10,rain,B,21,120,Low
6,10,rain,C,56,130,Moderate
6,11,rain,A,79,150,Moderate
6,11,rain,B,29,120,Low
6,11,rain,C,57,130,Moderate
6,12,rain,A,43,150,Low
6,12,rain,B,16,120,Low
6,12,rain,C,28,130,Low
6,13,rain,A,56,150,Moderate
6,13,rain,B,16,120,Low
6,13,rain,C,23,130,Low
6,14,rain,A,37,150,Low
6,14,rain,B,17,120,Low
6,14,rain,C,24,130,Low
6,15,rain,A,35,150,Low
6,15,rain,B,18,120,Low
6,15,rain,C,32,130,Low
6,16,rain,A,43,150,Low
6,16,rain,B,17,120,Low
6,16,rain,C,30,130,Low
6,17,rain,A,100,150,High
6,17,rain,B,36,120,Low
6,17,rain,C,35,130,Low
6,18,rain,A,89,150,Moderate
6,18,rain,B,36,120,Low
6,18,rain,C,55,130,Moderate
6,19,rain,A,92,150,Moderate
6,19,rain,B,37,120,Low
6,19,rain,C,59,130,Moderate
6,20,rain,A,113,150,High
6,20,rain,B,39,120,Low
6,20,rain,C,57,130,Moderate
6,21,rain,A,44,150,Low
6,21,rain,B,9,120,Low
6,21,rain,C,27,130,Low
6,22,rain,A,36,150,Low
6,22,rain,B,17,120,Low
6,22,rain,C,30,130,Low
6,23,rain,A,51,150,Low
6,23,rain,B,20,120,Low
6,23,rain,C,29,130,Low
0,0,clear,A,14,150,Low
0,0,clear,B,4,120,Low
0,0,clear,C,8,130,Low
0,1,clear,A,12,150,Low
0,1,clear,B,5,120,Low
0,1,clear,C,7,130,Low
0,2,clear,A,13,150,Low
0,2,clear,B,4,120,Low
0,2,clear,C,8,130,Low
0,3,clear,A,15,150,Low
0,3,clear,B,5,120,Low
0,3,clear,C,10,130,Low
0,4,clear,A,13,150,Low
0,4,clear,B,5,120,Low
0,4,clear,C,6,130,Low
0,5,clear,A,10,150,Low
0,5,clear,B,4,120,Low
0,5,clear,C,8,130,Low
0,6,clear,A,64,150,Moderate
0,6,clear,B,18,120,Low
0,6,clear,C,32,130,Low
0,7,clear,A,53,150,Moderate
0,7,clear,B,21,120,Low
0,7,clear,C,32,130,Low
0,8,clear,A,91,150,Moderate
0,8,clear,B,28,120,Low
0,8,clear,C,57,130,Moderate
0,9,clear,A,116,150,High
0,9,clear,B,36,120,Low
0,9,clear,C,56,130,Moderate
0,10,clear,A,117,150,High
0,10,clear,B,32,120,Low
0,10,clear,C,76,130,Moderate
0,11,clear,A,119,150,High
0,11,clear,B,36,120,Low
0,11,clear,C,48,130,Moderate
0,12,clear,A,73,150,Moderate
0,12,clear,B,21,120,Low
0,12,clear,C,33,130,Low
0,13,clear,A,62,150,Moderate
0,13,clear,B,22,120,Low
0,13,clear,C,41,130,Low
0,14,clear,A,49,150,Low
0,14,clear,B,20,120,Low
0,14,clear,C,28,130,Low
0,15,clear,A,60,150,Moderate
0,15,clear,B,19,120,Low
0,15,clear,C,36,130,Low
0,16,clear,A,53,150,Moderate
0,16,clear,B,19,120,Low
0,16,clear,C,30,130,Low
0,17,clear,A,123,150,High
0,17,clear,B,48,120,Moderate
0,17,clear,C,64,130,Moderate
0,18,clear,A,119,150,High
0,18,clear,B,42,120,Moderate
0,18,clear,C,70,130,Moderate
0,19,clear,A,84,150,Moderate
0,19,clear,B,32,120,Low
0,19,clear,C,61,130,Moderate
0,20,clear,A,74,150,Moderate
0,20,clear,B,48,120,Moderate
0,20,clear,C,73,130,Moderate
0,21,clear,A,54,150,Moderate
0,21,clear,B,13,120,Low
0,21,clear,C,25,130,Low
0,22,clear,A,54,150,Moderate
0,22,clear,B,25,120,Low
0,22,clear,C,31,130,Low
0,23,clear,A,62,150,Moderate
0,23,clear,B,18,120,Low
0,23,clear,C,35,130,Low
1,0,clear,A,13,150,Low
1,0,clear,B,4,120,Low
1,0,clear,C,10,130,Low
1,1,clear,A,13,150,Low
1,1,clear,B,5,120,Low
1,1,clear,C,7,130,Low
1,2,clear,A,16,150,Low
1,2,clear,B,5,120,Low
1,2,clear,C,9,130,Low
1,3,clear,A,14,150,Low
1,3,clear,B,4,120,Low
1,3,clear,C,8,130,Low
1,4,clear,A,12,150,Low
1,4,clear,B,5,120,Low
1,4,clear,C,8,130,Low
1,5,clear,A,10,150,Low
1,5,clear,B,3,120,Low
1,5,clear,C,6,130,Low
1,6,clear,A,60,150,Moderate
1,6,clear,B,16,120,Low
1,6,clear,C,36,130,Low
1,7,clear,A,56,150,Moderate
1,7,clear,B,19,120,Low
1,7,clear,C,37,130,Low
1,8,clear,A,101,150,High
1,8,clear,B,21,120,Low
1,8,clear,C,59,130,Moderate
1,9,clear,A,105,150,High
1,9,clear,B,44,120,Moderate
1,9,clear,C,78,130,Moderate
1,10,clear,A,78,150,Moderate
1,10,clear,B,34,120,Low
1,10,clear,C,48,130,Moderate
1,11,clear,A,121,150,High
1,11,clear,B,41,120,Low
1,11,clear,C,66,130,Moderate
1,12,clear,A,56,150,Moderate
1,12,clear,B,24,120,Low
1,12,clear,C,41,130,Low
1,13,clear,A,64,150,Moderate
1,13,clear,B,21,120,Low
1,13,clear,C,33,130,Low
1,14,clear,A,61,150,Moderate
1,14,clear,B,22,120,Low
1,14,clear,C,33,130,Low
1,15,clear,A,52,150,Low
1,15,clear,B,23,120,Low
1,15,clear,C,43,130,Low
1,16,clear,A,48,150,Low
1,16,clear,B,19,120,Low
1,16,clear,C,36,130,Low
1,17,clear,A,118,150,High
1,17,clear,B,36,120,Low
1,17,clear,C,89,130,High
1,18,clear,A,116,150,High
1,18,clear,B,43,120,Moderate
1,18,clear,C,88,130,High
1,19,clear,A,102,150,High
1,19,clear,B,39,120,Low
1,19,clear,C,56,130,Moderate
1,20,clear,A,107,150,High
1,20,clear,B,31,120,Low
1,20,clear,C,77,130,Moderate
1,21,clear,A,58,150,Moderate
1,21,clear,B,19,120,Low
1,21,clear,C,34,130,Low
1,22,clear,A,61,150,Moderate
1,22,clear,B,16,120,Low
1,22,clear,C,36,130,Low
1,23,clear,A,60,150,Moderate
1,23,clear,B,14,120,Low
1,23,clear,C,38,130,Low
2,0,clear,A,13,150,Low
2,0,clear,B,4,120,Low
2,0,clear,C,10,130,Low
2,1,clear,A,11,150,Low
2,1,clear,B,3,120,Low
2,1,clear,C,8,130,Low
2,2,clear,A,12,150,Low
2,2,clear,B,3,120,Low
2,2,clear,C,9,130,Low
2,3,clear,A,9,150,Low
2,3,clear,B,4,120,Low
2,3,clear,C,7,130,Low
2,4,clear,A,15,150,Low
2,4,clear,B,5,120,Low
2,4,clear,C,10,130,Low
2,5,clear,A,13,150,Low
2,5,clear,B,3,120,Low
2,5,clear,C,9,130,Low
2,6,clear,A,67,150,Moderate
2,6,clear,B,23,120,Low
2,6,clear,C,37,130,Low
2,7,clear,A,45,150,Low
2,7,clear,B,18,120,Low
2,7,clear,C,45,130,Low
2,8,clear,A,77,150,Moderate
2,8,clear,B,29,120,Low
2,8,clear,C,71,130,Moderate
2,9,clear,A,92,150,Moderate
2,9,clear,B,29,120,Low
2,9,clear,C,77,130,Moderate
2,10,clear,A,105,150,High
2,10,clear,B,33,120,Low
2,10,clear,C,52,130,Moderate
2,11,clear,A,129,150,High
2,11,clear,B,35,120,Low
2,11,clear,C,76,130,Moderate
2,12,clear,A,62,150,Moderate
2,12,clear,B,18,120,Low
2,12,clear,C,32,130,Low
2,13,clear,A,66,150,Moderate
2,13,clear,B,24,120,Low
2,13,clear,C,25,130,Low
2,14,clear,A,59,150,Moderate
2,14,clear,B,19,120,Low
2,14,clear,C,29,130,Low
2,15,clear,A,57,150,Moderate
2,15,clear,B,15,120,Low
2,15,clear,C,32,130,Low
2,16,clear,A,48,150,Low
2,16,clear,B,18,120,Low
2,16,clear,C,34,130,Low
2,17,clear,A,93,150,Moderate
2,17,clear,B,49,120,Moderate
2,17,clear,C,75,130,Moderate
2,18,clear,A,139,150,High
2,18,clear,B,39,120,Low
2,18,clear,C,64,130,Moderate
2,19,clear,A,139,150,High
2,19,clear,B,36,120,Low
2,19,clear,C,68,130,Moderate
2,20,clear,A,121,150,High
2,20,clear,B,32,120,Low
2,20,clear,C,77,130,Moderate
2,21,clear,A,59,150,Moderate
2,21,clear,B,23,120,Low
2,21,clear,C,39,130,Low
2,22,clear,A,65,150,Moderate
2,22,clear,B,19,120,Low
2,22,clear,C,30,130,Low
2,23,clear,A,72,150,Moderate
2,23,clear,B,15,120,Low
2,23,clear,C,27,130,Low
3,0,clear,A,17,150,Low
3,0,clear,B,5,120,Low
3,0,clear,C,10,130,Low
3,1,clear,A,9,150,Low
3,1,clear,B,4,120,Low
3,1,clear,C,6,130,Low
3,2,clear,A,15,150,Low
3,2,clear,B,3,120,Low
3,2,clear,C,7,130,Low
3,3,clear,A,14,150,Low
3,3,clear,B,5,120,Low
3,3,clear,C,8,130,Low
3,4,clear,A,14,150,Low
3,4,clear,B,5,120,Low
3,4,clear,C,8,130,Low
3,5,clear,A,11,150,Low
3,5,clear,B,5,120,Low
3,5,clear,C,9,130,Low
3,6,clear,A,62,150,Moderate
3,6,clear,B,20,120,Low
3,6,clear,C,28,130,Low
3,7,clear,A,60,150,Moderate
3,7,clear,B,19,120,Low
3,7,clear,C,32,130,Low
3,8,clear,A,94,150,Moderate
3,8,clear,B,32,120,Low
3,8,clear,C,71,130,Moderate
3,9,clear,A,77,150,Moderate
3,9,clear,B,30,120,Low
3,9,clear,C,59,130,Moderate
3,10,clear,A,122,150,High
3,10,clear,B,41,120,Low
3,10,clear,C,47,130,Moderate
3,11,clear,A,119,150,High
3,11,clear,B,43,120,Moderate
3,11,clear,C,51,130,Moderate
3,12,clear,A,34,150,Low
3,12,clear,B,19,120,Low
3,12,clear,C,40,130,Low
3,13,clear,A,68,150,Moderate
3,13,clear,B,17,120,Low
3,13,clear,C,44,130,Low
3,14,clear,A,36,150,Low
3,14,clear,B,18,120,Low
3,14,clear,C,32,130,Low
3,15,clear,A,64,150,Moderate
3,15,clear,B,23,120,Low
3,15,clear,C,40,130,Low
3,16,clear,A,43,150,Low
3,16,clear,B,22,120,Low
3,16,clear,C,37,130,Low
3,17,clear,A,82,150,Moderate
3,17,clear,B,27,120,Low
3,17,clear,C,80,130,Moderate
3,18,clear,A,107,150,High
3,18,clear,B,32,120,Low
3,18,clear,C,67,130,Moderate
3,19,clear,A,116,150,High
3,19,clear,B,39,120,Low
3,19,clear,C,53,130,Moderate
3,20,clear,A,141,150,High
3,20,clear,B,46,120,Moderate
3,20,clear,C,66,130,Moderate
3,21,clear,A,52,150,Low
3,21,clear,B,21,120,Low
3,21,clear,C,29,130,Low
3,22,clear,A,57,150,Moderate
3,22,clear,B,16,120,Low
3,22,clear,C,34,130,Low
3,23,clear,A,45,150,Low
3,23,clear,B,16,120,Low
3,23,clear,C,43,130,Low
4,0,rain,A,17,150,Low
4,0,rain,B,4,120,Low
4,0,rain,C,9,130,Low
4,1,rain,A,17,150,Low
4,1,rain,B,6,120,Low
4,1,rain,C,7,130,Low
4,2,rain,A,17,150,Low
4,2,rain,B,6,120,Low
4,2,rain,C,12,130,Low
4,3,rain,A,14,150,Low
4,3,rain,B,3,120,Low
4,3,rain,C,8,130,Low
4,4,rain,A,13,150,Low
4,4,rain,B,6,120,Low
4,4,rain,C,6,130,Low
4,5,rain,A,15,150,Low
4,5,rain,B,7,120,Low
4,5,rain,C,10,130,Low
4,6,rain,A,74,150,Moderate
4,6,rain,B,18,120,Low
4,6,rain,C,31,130,Low
4,7,rain,A,80,150,Moderate
4,7,rain,B,24,120,Low
4,7,rain,C,42,130,Low
4,8,rain,A,98,150,High
4,8,rain,B,43,120,Moderate
4,8,rain,C,62,130,Moderate
4,9,rain,A,139,150,High
4,9,rain,B,60,120,Moderate
4,9,rain,C,81,130,Moderate
4,10,rain,A,107,150,High
4,10,rain,B,26,120,Low
4,10,rain,C,56,130,Moderate
4,11,rain,A,146,150,High
4,11,rain,B,36,120,Low
4,11,rain,C,71,130,Moderate
4,12,rain,A,72,150,Moderate
4,12,rain,B,29,120,Low
4,12,rain,C,40,130,Low
4,13,rain,A,61,150,Moderate
4,13,rain,B,24,120,Low
4,13,rain,C,38,130,Low
4,14,rain,A,60,150,Moderate
4,14,rain,B,25,120,Low
4,14,rain,C,43,130,Low
4,15,rain,A,87,150,Moderate
4,15,rain,B,25,120,Low
4,15,rain,C,49,130,Moderate
4,16,rain,A,55,150,Moderate
4,16,rain,B,25,120,Low
4,16,rain,C,37,130,Low
4,17,rain,A,139,150,High
4,17,rain,B,52,120,Moderate
4,17,rain,C,84,130,Moderate
4,18,rain,A,179,150,High
4,18,rain,B,58,120,Moderate
4,18,rain,C,98,130,High
4,19,rain,A,147,150,High
4,19,rain,B,60,120,Moderate
4,19,rain,C,65,130,Moderate
4,20,rain,A,159,150,High
4,20,rain,B,40,120,Low
4,20,rain,C,76,130,Moderate
4,21,rain,A,71,150,Moderate
4,21,rain,B,28,120,Low
4,21,rain,C,34,130,Low
4,22,rain,A,60,150,Moderate
4,22,rain,B,24,120,Low
4,22,rain,C,40,130,Low
4,23,rain,A,74,150,Moderate
4,23,rain,B,36,120,Low
4,23,rain,C,44,130,Low
5,0,clear,A,7,150,Low
5,0,clear,B,3,120,Low
5,0,clear,C,5,130,Low
5,1,clear,A,10,150,Low
5,1,clear,B,3,120,Low
5,1,clear,C,5,130,Low
5,2,clear,A,12,150,Low
5,2,clear,B,3,120,Low
5,2,clear,C,6,130,Low
5,3,clear,A,10,150,Low
5,3,clear,B,3,120,Low
5,3,clear,C,7,130,Low
5,4,clear,A,10,150,Low
5,4,clear,B,4,120,Low
5,4,clear,C,5,130,Low
5,5,clear,A,10,150,Low
5,5,clear,B,3,120,Low
5,5,clear,C,7,130,Low
5,6,clear,A,28,150,Low
5,6,clear,B,12,120,Low
5,6,clear,C,27,130,Low
5,7,clear,A,23,150,Low
5,7,clear,B,15,120,Low
5,7,clear,C,28,130,Low
5,8,clear,A,63,150,Moderate
5,8,clear,B,23,120,Low
5,8,clear,C,36,130,Low
5,9,clear,A,63,150,Moderate
5,9,clear,B,23,120,Low
5,9,clear,C,39,130,Low
5,10,clear,A,61,150,Moderate
5,10,clear,B,24,120,Low
5,10,clear,C,42,130,Low
5,11,clear,A,88,150,Moderate
5,11,clear,B,23,120,Low
5,11,clear,C,46,130,Moderate
5,12,clear,A,35,150,Low
5,12,clear,B,12,120,Low
5,12,clear,C,18,130,Low
5,13,clear,A,29,150,Low
5,13,clear,B,11,120,Low
5,13,clear,C,25,130,Low
5,14,clear,A,44,150,Low
5,14,clear,B,10,120,Low
5,14,clear,C,22,130,Low
5,15,clear,A,30,150,Low
5,15,clear,B,13,120,Low
5,15,clear,C,28,130,Low
5,16,clear,A,35,150,Low
5,16,clear,B,13,120,Low
5,16,clear,C,29,130,Low
5,17,clear,A,82,150,Moderate
5,17,clear,B,24,120,Low
5,17,clear,C,50,130,Moderate
5,18,clear,A,67,150,Moderate
5,18,clear,B,29,120,Low
5,18,clear,C,52,130,Moderate
5,19,clear,A,61,150,Moderate
5,19,clear,B,28,120,Low
5,19,clear,C,48,130,Moderate
5,20,clear,A,83,150,Moderate
5,20,clear,B,31,120,Low
5,20,clear,C,52,130,Moderate
5,21,clear,A,36,150,Low
5,21,clear,B,15,120,Low
5,21,clear,C,21,130,Low
5,22,clear,A,30,150,Low
5,22,clear,B,7,120,Low
5,22,clear,C,24,130,Low
5,23,clear,A,33,150,Low
5,23,clear,B,14,120,Low
5,23,clear,C,17,130,Low
6,0,clear,A,10,150,Low
6,0,clear,B,2,120,Low
6,0,clear,C,6,130,Low
6,1,clear,A,8,150,Low
6,1,clear,B,3,120,Low
6,1,clear,C,6,130,Low
6,2,clear,A,11,150,Low
6,2,clear,B,3,120,Low
6,2,clear,C,5,130,Low
6,3,clear,A,8,150,Low
6,3,clear,B,3,120,Low
6,3,clear,C,5,130,Low
6,4,clear,A,9,150,Low
6,4,clear,B,3,120,Low
6,4,clear,C,6,130,Low
6,5,clear,A,8,150,Low
6,5,clear,B,2,120,Low
6,5,clear,C,6,130,Low
6,6,clear,A,44,150,Low
6,6,clear,B,10,120,Low
6,6,clear,C,25,130,Low
6,7,clear,A,44,150,Low
6,7,clear,B,15,120,Low
6,7,clear,C,22,130,Low
6,8,clear,A,59,150,Moderate
6,8,clear,B,25,120,Low
6,8,clear,C,45,130,Low
6,9,clear,A,70,150,Moderate
6,9,clear,B,24,120,Low
6,9,clear,C,36,130,Low
6,10,clear,A,73,150,Moderate
6,10,clear,B,26,120,Low
6,10,clear,C,45,130,Low
6,11,clear,A,70,150,Moderate
6,11,clear,B,31,120,Low
6,11,clear,C,39,130,Low
6,12,clear,A,45,150,Low
6,12,clear,B,12,120,Low
6,12,clear,C,28,130,Low
6,13,clear,A,45,150,Low
6,13,clear,B,13,120,Low
6,13,clear,C,30,130,Low
6,14,clear,A,41,150,Low
6,14,clear,B,12,120,Low
6,14,clear,C,23,130,Low
6,15,clear,A,45,150,Low
6,15,clear,B,15,120,Low
6,15,clear,C,20,130,Low
6,16,clear,A,37,150,Low
6,16,clear,B,14,120,Low
6,16,clear,C,22,130,Low
6,17,clear,A,104,150,High
6,17,clear,B,28,120,Low
6,17,clear,C,48,130,Moderate
6,18,clear,A,90,150,Moderate
6,18,clear,B,26,120,Low
6,18,clear,C,56,130,Moderate
6,19,clear,A,57,150,Moderate
6,19,clear,B,26,120,Low
6,19,clear,C,56,130,Moderate
6,20,clear,A,95,150,Moderate
6,20,clear,B,24,120,Low
6,20,clear,C,42,130,Low
6,21,clear,A,41,150,Low
6,21,clear,B,12,120,Low
6,21,clear,C,23,130,Low
6,22,clear,A,43,150,Low
6,22,clear,B,12,120,Low
6,22,clear,C,17,130,Low
6,23,clear,A,30,150,Low
6,23,clear,B,14,120,Low
6,23,clear,C,17,130,Low
0,0,clear,A,10,150,Low
0,0,clear,B,6,120,Low
0,0,clear,C,11,130,Low
0,1,clear,A,11,150,Low
0,1,clear,B,5,120,Low
0,1,clear,C,7,130,Low
0,2,clear,A,13,150,Low
0,2,clear,B,6,120,Low
0,2,clear,C,8,130,Low
0,3,clear,A,13,150,Low
0,3,clear,B,4,120,Low
0,3,clear,C,10,130,Low
0,4,clear,A,7,150,Low
0,4,clear,B,4,120,Low
0,4,clear,C,8,130,Low
0,5,clear,A,12,150,Low
0,5,clear,B,5,120,Low
0,5,clear,C,10,130,Low
0,6,clear,A,43,150,Low
0,6,clear,B,26,120,Low
0,6,clear,C,27,130,Low
0,7,clear,A,65,150,Moderate
0,7,clear,B,20,120,Low
0,7,clear,C,32,130,Low
0,8,clear,A,92,150,Moderate
0,8,clear,B,35,120,Low
0,8,clear,C,64,130,Moderate
0,9,clear,A,85,150,Moderate
0,9,clear,B,34,120,Low
0,9,clear,C,55,130,Moderate
0,10,clear,A,80,150,Moderate
0,10,clear,B,31,120,Low
0,10,clear,C,52,130,Moderate
0,11,clear,A,92,150,Moderate
0,11,clear,B,38,120,Low
0,11,clear,C,64,130,Moderate
0,12,clear,A,71,150,Moderate
0,12,clear,B,13,120,Low
0,12,clear,C,37,130,Low
0,13,clear,A,55,150,Moderate
0,13,clear,B,22,120,Low
0,13,clear,C,38,130,Low
0,14,clear,A,53,150,Moderate
0,14,clear,B,20,120,Low
0,14,clear,C,31,130,Low
0,15,clear,A,60,150,Moderate
0,15,clear,B,14,120,Low
0,15,clear,C,39,130,Low
0,16,clear,A,54,150,Moderate
0,16,clear,B,18,120,Low
0,16,clear,C,33,130,Low
0,17,clear,A,107,150,High
0,17,clear,B,47,120,Moderate
0,17,clear,C,103,130,High
0,18,clear,A,130,150,High
0,18,clear,B,36,120,Low
0,18,clear,C,76,130,Moderate
0,19,clear,A,121,150,High
0,19,clear,B,34,120,Low
0,19,clear,C,56,130,Moderate
0,20,clear,A,108,150,High
0,20,clear,B,44,120,Moderate
0,20,clear,C,53,130,Moderate
0,21,clear,A,49,150,Low
0,21,clear,B,21,120,Low
0,21,clear,C,35,130,Low
0,22,clear,A,66,150,Moderate
0,22,clear,B,15,120,Low
0,22,clear,C,47,130,Moderate
0,23,clear,A,42,150,Low
0,23,clear,B,13,120,Low
0,23,clear,C,34,130,Low
1,0,clear,A,13,150,Low
1,0,clear,B,4,120,Low
1,0,clear,C,8,130,Low
1,1,clear,A,12,150,Low
1,1,clear,B,5,120,Low
1,1,clear,C,8,130,Low
1,2,clear,A,16,150,Low
1,2,clear,B,4,120,Low
1,2,clear,C,7,130,Low
1,3,clear,A,10,150,Low
1,3,clear,B,4,120,Low
1,3,clear,C,7,130,Low
1,4,clear,A,10,150,Low
1,4,clear,B,5,120,Low
1,4,clear,C,6,130,Low
1,5,clear,A,16,150,Low
1,5,clear,B,5,120,Low
1,5,clear,C,8,130,Low
1,6,clear,A,46,150,Low
1,6,clear,B,22,120,Low
1,6,clear,C,34,130,Low
1,7,clear,A,49,150,Low
1,7,clear,B,20,120,Low
1,7,clear,C,26,130,Low
1,8,clear,A,74,150,Moderate
1,8,clear,B,29,120,Low
1,8,clear,C,66,130,Moderate
1,9,clear,A,98,150,High
1,9,clear,B,41,120,Low
1,9,clear,C,54,130,Moderate
1,10,clear,A,107,150,High
1,10,clear,B,35,120,Low
1,10,clear,C,54,130,Moderate
1,11,clear,A,104,150,High
1,11,clear,B,35,120,Low
1,11,clear,C,57,130,Moderate
1,12,clear,A,55,150,Moderate
1,12,clear,B,19,120,Low
1,12,clear,C,34,130,Low
1,13,clear,A,51,150,Low
1,13,clear,B,16,120,Low
1,13,clear,C,35,130,Low
1,14,clear,A,48,150,Low
1,14,clear,B,16,120,Low
1,14,clear,C,33,130,Low
1,15,clear,A,61,150,Moderate
1,15,clear,B,20,120,Low
1,15,clear,C,32,130,Low
1,16,clear,A,50,150,Low
1,16,clear,B,21,120,Low
1,16,clear,C,22,130,Low
1,17,clear,A,123,150,High
1,17,clear,B,28,120,Low
1,17,clear,C,55,130,Moderate
1,18,clear,A,101,150,High
1,18,clear,B,53,120,Moderate
1,18,clear,C,87,130,High
1,19,clear,A,121,150,High
1,19,clear,B,42,120,Moderate
1,19,clear,C,50,130,Moderate
1,20,clear,A,112,150,High
1,20,clear,B,36,120,Low
1,20,clear,C,61,130,Moderate
1,21,clear,A,56,150,Moderate
1,21,clear,B,18,120,Low
1,21,clear,C,39,130,Low
1,22,clear,A,39,150,Low
1,22,clear,B,20,120,Low
1,22,clear,C,30,130,Low
1,23,clear,A,51,150,Low
1,23,clear,B,20,120,Low
1,23,clear,C,29,130,Low
2,0,clear,A,13,150,Low
2,0,clear,B,4,120,Low
2,0,clear,C,8,130,Low
2,1,clear,A,13,150,Low
2,1,clear,B,4,120,Low
2,1,clear,C,8,130,Low
2,2,clear,A,13,150,Low
2,2,clear,B,4,120,Low
2,2,clear,C,10,130,Low
2,3,clear,A,14,150,Low
2,3,clear,B,4,120,Low
2,3,clear,C,8,130,Low
2,4,clear,A,11,150,Low
2,4,clear,B,4,120,Low
2,4,clear,C,8,130,Low
2,5,clear,A,11,150,Low
2,5,clear,B,5,120,Low
2,5,clear,C,8,130,Low
2,6,clear,A,52,150,Low
2,6,clear,B,18,120,Low
2,6,clear,C,50,130,Moderate
2,7,clear,A,49,150,Low
2,7,clear,B,13,120,Low
2,7,clear,C,26,130,Low
2,8,clear,A,110,150,High
2,8,clear,B,43,120,Moderate
2,8,clear,C,56,130,Moderate
2,9,clear,A,117,150,High
2,9,clear,B,40,120,Low
2,9,clear,C,61,130,Moderate
2,10,clear,A,95,150,Moderate
2,10,clear,B,36,120,Low
2,10,clear,C,71,130,Moderate
2,11,clear,A,104,150,High
2,11,clear,B,32,120,Low
2,11,clear,C,61,130,Moderate
2,12,clear,A,71,150,Moderate
2,12,clear,B,20,120,Low
2,12,clear,C,39,130,Low
2,13,clear,A,59,150,Moderate
2,13,clear,B,20,120,Low
2,13,clear,C,35,130,Low
2,14,clear,A,62,150,Moderate
2,14,clear,B,22,120,Low
2,14,clear,C,36,130,Low
2,15,clear,A,49,150,Low
2,15,clear,B,21,120,Low
2,15,clear,C,34,130,Low
2,16,clear,A,52,150,Low
2,16,clear,B,28,120,Low
2,16,clear,C,26,130,Low
2,17,clear,A,125,150,High
2,17,clear,B,34,120,Low
2,17,clear,C,71,130,Moderate
2,18,clear,A,152,150,High
2,18,clear,B,34,120,Low
2,18,clear,C,62,130,Moderate
2,19,clear,A,109,150,High
2,19,clear,B,34,120,Low
2,19,clear,C,79,130,Moderate
2,20,clear,A,101,150,High
2,20,clear,B,43,120,Moderate
2,20,clear,C,56,130,Moderate
2,21,clear,A,40,150,Low
2,21,clear,B,19,120,Low
2,21,clear,C,26,130,Low
2,22,clear,A,67,150,Moderate
2,22,clear,B,15,120,Low
2,22,clear,C,29,130,Low
2,23,clear,A,58,150,Moderate
2,23,clear,B,18,120,Low
2,23,clear,C,27,130,Low
3,0,clear,A,11,150,Low
3,0,clear,B,4,120,Low
3,0,clear,C,8,130,Low
3,1,clear,A,15,150,Low
3,1,clear,B,5,120,Low
3,1,clear,C,7,130,Low
3,2,clear,A,13,150,Low
3,2,clear,B,4,120,Low
3,2,clear,C,9,130,Low
3,3,clear,A,11,150,Low
3,3,clear,B,6,120,Low
3,3,clear,C,7,130,Low
3,4,clear,A,13,150,Low
3,4,clear,B,4,120,Low
3,4,clear,C,7,130,Low
3,5,clear,A,11,150,Low
3,5,clear,B,4,120,Low
3,5,clear,C,8,130,Low
3,6,clear,A,46,150,Low
3,6,clear,B,22,120,Low
3,6,clear,C,30,130,Low
3,7,clear,A,47,150,Low
3,7,clear,B,18,120,Low
3,7,clear,C,40,130,Low
3,8,clear,A,102,150,High
3,8,clear,B,35,120,Low
3,8,clear,C,49,130,Moderate
3,9,clear,A,82,150,Moderate
3,9,clear,B,29,120,Low
3,9,clear,C,75,130,Moderate
3,10,clear,A,106,150,High
3,10,clear,B,31,120,Low
3,10,clear,C,57,130,Moderate
3,11,clear,A,86,150,Moderate
3,11,clear,B,31,120,Low
3,11,clear,C,67,130,Moderate
3,12,clear,A,52,150,Low
3,12,clear,B,26,120,Low
3,12,clear,C,41,130,Low
3,13,clear,A,65,150,Moderate
3,13,clear,B,22,120,Low
3,13,clear,C,32,130,Low
3,14,clear,A,59,150,Moderate
3,14,clear,B,18,120,Low
3,14,clear,C,43,130,Low
3,15,clear,A,58,150,Moderate
3,15,clear,B,20,120,Low
3,15,clear,C,35,130,Low
3,16,clear,A,69,150,Moderate
3,16,clear,B,15,120,Low
3,16,clear,C,44,130,Low
3,17,clear,A,106,150,High
3,17,clear,B,31,120,Low
3,17,clear,C,62,130,Moderate
3,18,clear,A,82,150,Moderate
3,18,clear,B,43,120,Moderate
3,18,clear,C,59,130,Moderate
3,19,clear,A,112,150,High
3,19,clear,B,46,120,Moderate
3,19,clear,C,62,130,Moderate
3,20,clear,A,105,150,High
3,20,clear,B,32,120,Low
3,20,clear,C,65,130,Moderate
3,21,clear,A,76,150,Moderate
3,21,clear,B,22,120,Low
3,21,clear,C,33,130,Low
3,22,clear,A,49,150,Low
3,22,clear,B,19,120,Low
3,22,clear,C,35,130,Low
3,23,clear,A,51,150,Low
3,23,clear,B,21,120,Low
3,23,clear,C,29,130,Low
4,0,rain,A,17,150,Low
4,0,rain,B,4,120,Low
4,0,rain,C,11,130,Low
4,1,rain,A,16,150,Low
4,1,rain,B,4,120,Low
4,1,rain,C,10,130,Low
4,2,rain,A,12,150,Low
4,2,rain,B,6,120,Low
4,2,rain,C,10,130,Low
4,3,rain,A,21,150,Low
4,3,rain,B,6,120,Low
4,3,rain,C,8,130,Low
4,4,rain,A,11,150,Low
4,4,rain,B,5,120,Low
4,4,rain,C,8,130,Low
4,5,rain,A,21,150,Low
4,5,rain,B,5,120,Low
4,5,rain,C,11,130,Low
4,6,rain,A,63,150,Moderate
4,6,rain,B,23,120,Low
4,6,rain,C,41,130,Low
4,7,rain,A,76,150,Moderate
4,7,rain,B,25,120,Low
4,7,rain,C,35,130,Low
4,8,rain,A,147,150,High
4,8,rain,B,41,120,Low
4,8,rain,C,70,130,Moderate
4,9,rain,A,68,150,Moderate
4,9,rain,B,47,120,Moderate
4,9,rain,C,76,130,Moderate
4,10,rain,A,120,150,High
4,10,rain,B,40,120,Low
4,10,rain,C,69,130,Moderate
4,11,rain,A,112,150,High
4,11,rain,B,46,120,Moderate
4,11,rain,C,82,130,Moderate
4,12,rain,A,63,150,Moderate
4,12,rain,B,27,120,Low
4,12,rain,C,41,130,Low
4,13,rain,A,61,150,Moderate
4,13,rain,B,24,120,Low
4,13,rain,C,33,130,Low
4,14,rain,A,68,150,Moderate
4,14,rain,B,18,120,Low
4,14,rain,C,35,130,Low
4,15,rain,A,46,150,Low
4,15,rain,B,23,120,Low
4,15,rain,C,52,130,Moderate
4,16,rain,A,64,150,Moderate
4,16,rain,B,26,120,Low
4,16,rain,C,56,130,Moderate
4,17,rain,A,140,150,High
4,17,rain,B,42,120,Moderate
4,17,rain,C,76,130,Moderate
4,18,rain,A,132,150,High
4,18,rain,B,43,120,Moderate
4,18,rain,C,76,130,Moderate
4,19,rain,A,151,150,High
4,19,rain,B,55,120,Moderate
4,19,rain,C,63,130,Moderate
4,20,rain,A,115,150,High
4,20,rain,B,44,120,Moderate
4,20,rain,C,91,130,High
4,21,rain,A,77,150,Moderate
4,21,rain,B,33,120,Low
4,21,rain,C,39,130,Low
4,22,rain,A,61,150,Moderate
4,22,rain,B,26,120,Low
4,22,rain,C,37,130,Low
4,23,rain,A,64,150,Moderate
4,23,rain,B,22,120,Low
4,23,rain,C,25,130,Low
5,0,clear,A,9,150,Low
5,0,clear,B,4,120,Low
5,0,clear,C,6,130,Low
5,1,clear,A,7,150,Low
5,1,clear,B,3,120,Low
5,1,clear,C,4,130,Low
5,2,clear,A,7,150,Low
5,2,clear,B,3,120,Low
5,2,clear,C,5,130,Low
5,3,clear,A,10,150,Low
5,3,clear,B,2,120,Low
5,3,clear,C,5,130,Low
5,4,clear,A,8,150,Low
5,4,clear,B,4,120,Low
5,4,clear,C,6,130,Low
5,5,clear,A,10,150,Low
5,5,clear,B,4,120,Low
5,5,clear,C,5,130,Low
5,6,clear,A,46,150,Low
5,6,clear,B,11,120,Low
5,6,clear,C,20,130,Low
5,7,clear,A,42,150,Low
5,7,clear,B,10,120,Low
5,7,clear,C,26,130,Low
5,8,clear,A,70,150,Moderate
5,8,clear,B,29,120,Low
5,8,clear,C,43,130,Low
5,9,clear,A,69,150,Moderate
5,9,clear,B,27,120,Low
5,9,clear,C,39,130,Low
5,10,clear,A,61,150,Moderate
5,10,clear,B,26,120,Low
5,10,clear,C,43,130,Low
5,11,clear,A,65,150,Moderate
5,11,clear,B,24,120,Low
5,11,clear,C,54,130,Moderate
5,12,clear,A,35,150,Low
5,12,clear,B,13,120,Low
5,12,clear,C,18,130,Low
5,13,clear,A,38,150,Low
5,13,clear,B,15,120,Low
5,13,clear,C,27,130,Low
5,14,clear,A,39,150,Low
5,14,clear,B,16,120,Low
5,14,clear,C,27,130,Low
5,15,clear,A,44,150,Low
5,15,clear,B,16,120,Low
5,15,clear,C,30,130,Low
5,16,clear,A,37,150,Low
5,16,clear,B,11,120,Low
5,16,clear,C,26,130,Low
5,17,clear,A,86,150,Moderate
5,17,clear,B,34,120,Low
5,17,clear,C,58,130,Moderate
5,18,clear,A,99,150,High
5,18,clear,B,30,120,Low
5,18,clear,C,50,130,Moderate
5,19,clear,A,61,150,Moderate
5,19,clear,B,29,120,Low
5,19,clear,C,44,130,Low
5,20,clear,A,79,150,Moderate
5,20,clear,B,28,120,Low
5,20,clear,C,52,130,Moderate
5,21,clear,A,37,150,Low
5,21,clear,B,15,120,Low
5,21,clear,C,14,130,Low
5,22,clear,A,39,150,Low
5,22,clear,B,16,120,Low
5,22,clear,C,31,130,Low
5,23,clear,A,42,150,Low
5,23,clear,B,17,120,Low
5,23,clear,C,25,130,Low
6,0,clear,A,10,150,Low
6,0,clear,B,3,120,Low
6,0,clear,C,5,130,Low
6,1,clear,A,8,150,Low
6,1,clear,B,2,120,Low
6,1,clear,C,6,130,Low
6,2,clear,A,9,150,Low
6,2,clear,B,3,120,Low
6,2,clear,C,5,130,Low
6,3,clear,A,10,150,Low
6,3,clear,B,3,120,Low
6,3,clear,C,5,130,Low
6,4,clear,A,7,150,Low
6,4,clear,B,4,120,Low
6,4,clear,C,4,130,Low
6,5,clear,A,10,150,Low
6,5,clear,B,4,120,Low
6,5,clear,C,7,130,Low
6,6,clear,A,42,150,Low
6,6,clear,B,15,120,Low
6,6,clear,C,32,130,Low
6,7,clear,A,25,150,Low
6,7,clear,B,13,120,Low
6,7,clear,C,27,130,Low
6,8,clear,A,65,150,Moderate
6,8,clear,B,29,120,Low
6,8,clear,C,43,130,Low
6,9,clear,A,70,150,Moderate
6,9,clear,B,24,120,Low
6,9,clear,C,40,130,Low
6,10,clear,A,63,150,Moderate
6,10,clear,B,26,120,Low
6,10,clear,C,38,130,Low
6,11,clear,A,79,150,Moderate
6,11,clear,B,27,120,Low
6,11,clear,C,51,130,Moderate
6,12,clear,A,31,150,Low
6,12,clear,B,10,120,Low
6,12,clear,C,24,130,Low
6,13,clear,A,55,150,Moderate
6,13,clear,B,16,120,Low
6,13,clear,C,22,130,Low
6,14,clear,A,40,150,Low
6,14,clear,B,15,120,Low
6,14,clear,C,19,130,Low
6,15,clear,A,46,150,Low
6,15,clear,B,13,120,Low
6,15,clear,C,24,130,Low
6,16,clear,A,38,150,Low
6,16,clear,B,16,120,Low
6,16,clear,C,21,130,Low
6,17,clear,A,57,150,Moderate
6,17,clear,B,29,120,Low
6,17,clear,C,33,130,Low
6,18,clear,A,73,150,Moderate
6,18,clear,B,32,120,Low
6,18,clear,C,53,130,Moderate
6,19,clear,A,89,150,Moderate
6,19,clear,B,30,120,Low
6,19,clear,C,66,130,Moderate
6,20,clear,A,70,150,Moderate
6,20,clear,B,29,120,Low
6,20,clear,C,45,130,Low
6,21,clear,A,44,150,Low
6,21,clear,B,13,120,Low
6,21,clear,C,30,130,Low
6,22,clear,A,35,150,Low
6,22,clear,B,16,120,Low
6,22,clear,C,26,130,Low
6,23,clear,A,38,150,Low
6,23,clear,B,15,120,Low
6,23,clear,C,25,130,Low
0,0,clear,A,13,150,Low
0,0,clear,B,4,120,Low
0,0,clear,C,8,130,Low
0,1,clear,A,10,150,Low
0,1,clear,B,5,120,Low
0,1,clear,C,7,130,Low
0,2,clear,A,13,150,Low
0,2,clear,B,5,120,Low
0,2,clear,C,9,130,Low
0,3,clear,A,10,150,Low
0,3,clear,B,4,120,Low
0,3,clear,C,9,130,Low
0,4,clear,A,13,150,Low
0,4,clear,B,6,120,Low
0,4,clear,C,7,130,Low
0,5,clear,A,9,150,Low
0,5,clear,B,5,120,Low
0,5,clear,C,8,130,Low
0,6,clear,A,40,150,Low
0,6,clear,B,19,120,Low
0,6,clear,C,41,130,Low
0,7,clear,A,44,150,Low
0,7,clear,B,27,120,Low
0,7,clear,C,30,130,Low
0,8,clear,A,100,150,High
0,8,clear,B,29,120,Low
0,8,clear,C,63,130,Moderate
0,9,clear,A,97,150,Moderate
0,9,clear,B,27,120,Low
0,9,clear,C,89,130,High
0,10,clear,A,91,150,Moderate
0,10,clear,B,33,120,Low
0,10,clear,C,72,130,Moderate
0,11,clear,A,125,150,High
0,11,clear,B,42,120,Moderate
0,11,clear,C,51,130,Moderate
0,12,clear,A,56,150,Moderate
0,12,clear,B,14,120,Low
0,12,clear,C,39,130,Low
0,13,clear,A,41,150,Low
0,13,clear,B,17,120,Low
0,13,clear,C,34,130,Low
0,14,clear,A,58,150,Moderate
0,14,clear,B,19,120,Low
0,14,clear,C,42,130,Low
0,15,clear,A,60,150,Moderate
0,15,clear,B,21,120,Low
0,15,clear,C,28,130,Low
0,16,clear,A,69,150,Moderate
0,16,clear,B,17,120,Low
0,16,clear,C,44,130,Low
0,17,clear,A,143,150,High
0,17,clear,B,43,120,Moderate
0,17,clear,C,80,130,Moderate
0,18,clear,A,59,150,Moderate
0,18,clear,B,38,120,Low
0,18,clear,C,81,130,Moderate
0,19,clear,A,125,150,High
0,19,clear,B,32,120,Low
0,19,clear,C,66,130,Moderate
0,20,clear,A,68,150,Moderate
0,20,clear,B,42,120,Moderate
0,20,clear,C,50,130,Moderate
0,21,clear,A,64,150,Moderate
0,21,clear,B,23,120,Low
0,21,clear,C,32,130,Low
0,22,clear,A,59,150,Moderate
0,22,clear,B,19,120,Low
0,22,clear,C,36,130,Low
0,23,clear,A,45,150,Low
0,23,clear,B,21,120,Low
0,23,clear,C,26,130,Low
1,0,clear,A,13,150,Low
1,0,clear,B,4,120,Low
1,0,clear,C,9,130,Low
1,1,clear,A,12,150,Low
1,1,clear,B,6,120,Low
1,1,clear,C,8,130,Low
1,2,clear,A,14,150,Low
1,2,clear,B,5,120,Low
1,2,clear,C,10,130,Low
1,3,clear,A,14,150,Low
1,3,clear,B,5,120,Low
1,3,clear,C,9,130,Low
1,4,clear,A,9,150,Low
1,4,clear,B,3,120,Low
1,4,clear,C,8,130,Low
1,5,clear,A,13,150,Low
1,5,clear,B,5,120,Low
1,5,clear,C,8,130,Low
1,6,clear,A,59,150,Moderate
1,6,clear,B,16,120,Low
1,6,clear,C,34,130,Low
1,7,clear,A,43,150,Low
1,7,clear,B,21,120,Low
1,7,clear,C,25,130,Low
1,8,clear,A,104,150,High
1,8,clear,B,28,120,Low
1,8,clear,C,59,130,Moderate
1,9,clear,A,112,150,High
1,9,clear,B,37,120,Low
1,9,clear,C,47,130,Moderate
1,10,clear,A,89,150,Moderate
1,10,clear,B,27,120,Low
1,10,clear,C,46,130,Moderate
1,11,clear,A,100,150,High
1,11,clear,B,39,120,Low
1,11,clear,C,67,130,Moderate
1,12,clear,A,59,150,Moderate
1,12,clear,B,19,120,Low
1,12,clear,C,33,130,Low
1,13,clear,A,46,150,Low
1,13,clear,B,18,120,Low
1,13,clear,C,28,130,Low
1,14,clear,A,48,150,Low
1,14,clear,B,20,120,Low
1,14,clear,C,34,130,Low
1,15,clear,A,80,150,Moderate
1,15,clear,B,15,120,Low
1,15,clear,C,34,130,Low
1,16,clear,A,43,150,Low
1,16,clear,B,18,120,Low
1,16,clear,C,33,130,Low
1,17,clear,A,123,150,High
1,17,clear,B,37,120,Low
1,17,clear,C,67,130,Moderate
1,18,clear,A,102,150,High
1,18,clear,B,31,120,Low
1,18,clear,C,63,130,Moderate
1,19,clear,A,103,150,High
1,19,clear,B,40,120,Low
1,19,clear,C,75,130,Moderate
1,20,clear,A,106,150,High
1,20,clear,B,38,120,Low
1,20,clear,C,51,130,Moderate
1,21,clear,A,59,150,Moderate
1,21,clear,B,17,120,Low
1,21,clear,C,38,130,Low
1,22,clear,A,65,150,Moderate
1,22,clear,B,19,120,Low
1,22,clear,C,29,130,Low
1,23,clear,A,54,150,Moderate
1,23,clear,B,21,120,Low
1,23,clear,C,33,130,Low
2,0,rain,A,17,150,Low
2,0,rain,B,6,120,Low
2,0,rain,C,9,130,Low
2,1,rain,A,12,150,Low
2,1,rain,B,6,120,Low
2,1,rain,C,9,130,Low
2,2,rain,A,17,150,Low
2,2,rain,B,6,120,Low
2,2,rain,C,7,130,Low
2,3,rain,A,16,150,Low
2,3,rain,B,6,120,Low
2,3,rain,C,11,130,Low
2,4,rain,A,16,150,Low
2,4,rain,B,4,120,Low
2,4,rain,C,12,130,Low
2,5,rain,A,17,150,Low
2,5,rain,B,4,120,Low
2,5,rain,C,9,130,Low
2,6,rain,A,68,150,Moderate
2,6,rain,B,26,120,Low
2,6,rain,C,38,130,Low
2,7,rain,A,74,150,Moderate
2,7,rain,B,17,120,Low
2,7,rain,C,35,130,Low
2,8,rain,A,82,150,Moderate
2,8,rain,B,37,120,Low
2,8,rain,C,92,130,High
2,9,rain,A,155,150,High
2,9,rain,B,44,120,Moderate
2,9,rain,C,68,130,Moderate
2,10,rain,A,114,150,High
2,10,rain,B,46,120,Moderate
2,10,rain,C,57,130,Moderate
2,11,rain,A,108,150,High
2,11,rain,B,52,120,Moderate
2,11,rain,C,63,130,Moderate
2,12,rain,A,58,150,Moderate
2,12,rain,B,24,120,Low
2,12,rain,C,43,130,Low
2,13,rain,A,59,150,Moderate
2,13,rain,B,24,120,Low
2,13,rain,C,45,130,Low
2,14,rain,A,85,150,Moderate
2,14,rain,B,23,120,Low
2,14,rain,C,41,130,Low
2,15,rain,A,81,150,Moderate
2,15,rain,B,22,120,Low
2,15,rain,C,33,130,Low
2,16,rain,A,68,150,Moderate
2,16,rain,B,27,120,Low
2,16,rain,C,44,130,Low
2,17,rain,A,130,150,High
2,17,rain,B,37,120,Low
2,17,rain,C,83,130,Moderate
2,18,rain,A,156,150,High
2,18,rain,B,39,120,Low
2,18,rain,C,80,130,Moderate
2,19,rain,A,124,150,High
2,19,rain,B,42,120,Moderate
2,19,rain,C,87,130,High
2,20,rain,A,140,150,High
2,20,rain,B,51,120,Moderate
2,20,rain,C,71,130,Moderate
2,21,rain,A,49,150,Low
2,21,rain,B,24,120,Low
2,21,rain,C,38,130,Low
2,22,rain,A,84,150,Moderate
2,22,rain,B,30,120,Low
2,22,rain,C,54,130,Moderate
2,23,rain,A,56,150,Moderate
2,23,rain,B,26,120,Low
2,23,rain,C,47,130,Moderate
3,0,clear,A,13,150,Low
3,0,clear,B,5,120,Low
3,0,clear,C,8,130,Low
3,1,clear,A,14,150,Low
3,1,clear,B,3,120,Low
3,1,clear,C,9,130,Low
3,2,clear,A,13,150,Low
3,2,clear,B,5,120,Low
3,2,clear,C,9,130,Low
3,3,clear,A,14,150,Low
3,3,clear,B,4,120,Low
3,3,clear,C,9,130,Low
3,4,clear,A,13,150,Low
3,4,clear,B,3,120,Low
3,4,clear,C,9,130,Low
3,5,clear,A,12,150,Low
3,5,clear,B,4,120,Low
3,5,clear,C,7,130,Low
3,6,clear,A,57,150,Moderate
3,6,clear,B,19,120,Low
3,6,clear,C,23,130,Low
3,7,clear,A,51,150,Low
3,7,clear,B,23,120,Low
3,7,clear,C,32,130,Low
3,8,clear,A,96,150,Moderate
3,8,clear,B,41,120,Low
3,8,clear,C,70,130,Moderate
3,9,clear,A,114,150,High
3,9,clear,B,21,120,Low
3,9,clear,C,79,130,Moderate
3,10,clear,A,108,150,High
3,10,clear,B,49,120,Moderate
3,10,clear,C,55,130,Moderate
3,11,clear,A,72,150,Moderate
3,11,clear,B,36,120,Low
3,11,clear,C,60,130,Moderate
3,12,clear,A,60,150,Moderate
3,12,clear,B,23,120,Low
3,12,clear,C,34,130,Low
3,13,clear,A,53,150,Moderate
3,13,clear,B,21,120,Low
3,13,clear,C,33,130,Low
3,14,clear,A,52,150,Low
3,14,clear,B,23,120,Low
3,14,clear,C,41,130,Low
3,15,clear,A,63,150,Moderate
3,15,clear,B,19,120,Low
3,15,clear,C,23,130,Low
3,16,clear,A,53,150,Moderate
3,16,clear,B,17,120,Low
3,16,clear,C,34,130,Low
3,17,clear,A,98,150,High
3,17,clear,B,39,120,Low
3,17,clear,C,59,130,Moderate
3,18,clear,A,88,150,Moderate
3,18,clear,B,47,120,Moderate
3,18,clear,C,59,130,Moderate
3,19,clear,A,110,150,High
3,19,clear,B,45,120,Moderate
3,19,clear,C,79,130,Moderate
3,20,clear,A,123,150,High
3,20,clear,B,41,120,Low
3,20,clear,C,77,130,Moderate
3,21,clear,A,66,150,Moderate
3,21,clear,B,21,120,Low
3,21,clear,C,25,130,Low
3,22,clear,A,50,150,Low
3,22,clear,B,22,120,Low
3,22,clear,C,31,130,Low
3,23,clear,A,68,150,Moderate
3,23,clear,B,19,120,Low
3,23,clear,C,35,130,Low
4,0,clear,A,13,150,Low
4,0,clear,B,5,120,Low
4,0,clear,C,9,130,Low
4,1,clear,A,10,150,Low
4,1,clear,B,4,120,Low
4,1,clear,C,9,130,Low
4,2,clear,A,13,150,Low
4,2,clear,B,6,120,Low
4,2,clear,C,6,130,Low
4,3,clear,A,10,150,Low
4,3,clear,B,5,120,Low
4,3,clear,C,9,130,Low
4,4,clear,A,13,150,Low
4,4,clear,B,5,120,Low
4,4,clear,C,9,130,Low
4,5,clear,A,12,150,Low
4,5,clear,B,4,120,Low
4,5,clear,C,8,130,Low
4,6,clear,A,62,150,Moderate
4,6,clear,B,16,120,Low
4,6,clear,C,33,130,Low
4,7,clear,A,52,150,Low
4,7,clear,B,21,120,Low
4,7,clear,C,34,130,Low
4,8,clear,A,90,150,Moderate
4,8,clear,B,42,120,Moderate
4,8,clear,C,57,130,Moderate
4,9,clear,A,94,150,Moderate
4,9,clear,B,27,120,Low
4,9,clear,C,56,130,Moderate
4,10,clear,A,106,150,High
4,10,clear,B,37,120,Low
4,10,clear,C,68,130,Moderate
4,11,clear,A,107,150,High
4,11,clear,B,47,120,Moderate
4,11,clear,C,55,130,Moderate
4,12,clear,A,41,150,Low
4,12,clear,B,16,120,Low
4,12,clear,C,31,130,Low
4,13,clear,A,46,150,Low
4,13,clear,B,20,120,Low
4,13,clear,C,41,130,Low
4,14,clear,A,67,150,Moderate
4,14,clear,B,21,120,Low
4,14,clear,C,46,130,Moderate
4,15,clear,A,52,150,Low
4,15,clear,B,15,120,Low
4,15,clear,C,40,130,Low
4,16,clear,A,39,150,Low
4,16,clear,B,17,120,Low
4,16,clear,C,37,130,Low
4,17,clear,A,108,150,High
4,17,clear,B,38,120,Low
4,17,clear,C,57,130,Moderate
4,18,clear,A,109,150,High
4,18,clear,B,46,120,Moderate
4,18,clear,C,70,130,Moderate
4,19,clear,A,96,150,Moderate
4,19,clear,B,32,120,Low
4,19,clear,C,61,130,Moderate
4,20,clear,A,116,150,High
4,20,clear,B,42,120,Moderate
4,20,clear,C,61,130,Moderate
4,21,clear,A,36,150,Low
4,21,clear,B,21,120,Low
4,21,clear,C,30,130,Low
4,22,clear,A,60,150,Moderate
4,22,clear,B,17,120,Low
4,22,clear,C,29,130,Low
4,23,clear,A,56,150,Moderate
4,23,clear,B,27,120,Low
4,23,clear,C,38,130,Low
5,0,clear,A,10,150,Low
5,0,clear,B,2,120,Low
5,0,clear,C,5,130,Low
5,1,clear,A,5,150,Low
5,1,clear,B,4,120,Low
5,1,clear,C,7,130,Low
5,2,clear,A,10,150,Low
5,2,clear,B,3,120,Low
5,2,clear,C,4,130,Low
5,3,clear,A,9,150,Low
5,3,clear,B,4,120,Low
5,3,clear,C,6,130,Low
5,4,clear,A,8,150,Low
5,4,clear,B,2,120,Low
5,4,clear,C,7,130,Low
5,5,clear,A,9,150,Low
5,5,clear,B,2,120,Low
5,5,clear,C,5,130,Low
5,6,clear,A,31,150,Low
5,6,clear,B,13,120,Low
5,6,clear,C,25,130,Low
5,7,clear,A,35,150,Low
5,7,clear,B,15,120,Low
5,7,clear,C,24,130,Low
5,8,clear,A,80,150,Moderate
5,8,clear,B,23,120,Low
5,8,clear,C,64,130,Moderate
5,9,clear,A,63,150,Moderate
5,9,clear,B,21,120,Low
5,9,clear,C,37,130,Low
5,10,clear,A,67,150,Moderate
5,10,clear,B,18,120,Low
5,10,clear,C,46,130,Moderate
5,11,clear,A,49,150,Low
5,11,clear,B,25,120,Low
5,11,clear,C,35,130,Low
5,12,clear,A,36,150,Low
5,12,clear,B,15,120,Low
5,12,clear,C,32,130,Low
5,13,clear,A,32,150,Low
5,13,clear,B,13,120,Low
5,13,clear,C,21,130,Low
5,14,clear,A,33,150,Low
5,14,clear,B,12,120,Low
5,14,clear,C,27,130,Low
5,15,clear,A,35,150,Low
5,15,clear,B,18,120,Low
5,15,clear,C,26,130,Low
5,16,clear,A,32,150,Low
5,16,clear,B,13,120,Low
5,16,clear,C,21,130,Low
5,17,clear,A,86,150,Moderate
5,17,clear,B,21,120,Low
5,17,clear,C,39,130,Low
5,18,clear,A,70,150,Moderate
5,18,clear,B,30,120,Low
5,18,clear,C,58,130,Moderate
5,19,clear,A,92,150,Moderate
5,19,clear,B,30,120,Low
5,19,clear,C,48,130,Moderate
5,20,clear,A,86,150,Moderate
5,20,clear,B,23,120,Low
5,20,clear,C,35,130,Low
5,21,clear,A,41,150,Low
5,21,clear,B,11,120,Low
5,21,clear,C,24,130,Low
5,22,clear,A,39,150,Low
5,22,clear,B,14,120,Low
5,22,clear,C,27,130,Low
5,23,clear,A,43,150,Low
5,23,clear,B,14,120,Low
5,23,clear,C,22,130,Low
6,0,rain,A,10,150,Low
6,0,rain,B,4,120,Low
6,0,rain,C,10,130,Low
6,1,rain,A,11,150,Low
6,1,rain,B,4,120,Low
6,1,rain,C,6,130,Low
6,2,rain,A,13,150,Low
6,2,rain,B,4,120,Low
6,2,rain,C,8,130,Low
6,3,rain,A,11,150,Low
6,3,rain,B,4,120,Low
6,3,rain,C,8,130,Low
6,4,rain,A,12,150,Low
6,4,rain,B,4,120,Low
6,4,rain,C,8,130,Low
6,5,rain,A,9,150,Low
6,5,rain,B,3,120,Low
6,5,rain,C,7,130,Low
6,6,rain,A,34,150,Low
6,6,rain,B,18,120,Low
6,6,rain,C,25,130,Low
6,7,rain,A,42,150,Low
6,7,rain,B,16,120,Low
6,7,rain,C,29,130,Low
6,8,rain,A,78,150,Moderate
6,8,rain,B,29,120,Low
6,8,rain,C,52,130,Moderate
6,9,rain,A,77,150,Moderate
6,9,rain,B,26,120,Low
6,9,rain,C,61,130,Moderate
6,10,rain,A,56,150,Moderate
6,10,rain,B,29,120,Low
6,10,rain,C,49,130,Moderate
6,11,rain,A,88,150,Moderate
6,11,rain,B,23,120,Low
6,11,rain,C,48,130,Moderate
6,12,rain,A,45,150,Low
6,12,rain,B,19,120,Low
6,12,rain,C,30,130,Low
6,13,rain,A,37,150,Low
6,13,rain,B,15,120,Low
6,13,rain,C,33,130,Low
6,14,rain,A,37,150,Low
6,14,rain,B,16,120,Low
6,14,rain,C,29,130,Low
6,15,rain,A,43,150,Low
6,15,rain,B,23,120,Low
6,15,rain,C,27,130,Low
6,16,rain,A,49,150,Low
6,16,rain,B,14,120,Low
6,16,rain,C,31,130,Low
6,17,rain,A,104,150,High
6,17,rain,B,30,120,Low
6,17,rain,C,58,130,Moderate
6,18,rain,A,79,150,Moderate
6,18,rain,B,27,120,Low
6,18,rain,C,67,130,Moderate
6,19,rain,A,84,150,Moderate
6,19,rain,B,21,120,Low
6,19,rain,C,74,130,Moderate
6,20,rain,A,81,150,Moderate
6,20,rain,B,32,120,Low
6,20,rain,C,73,130,Moderate
6,21,rain,A,45,150,Low
6,21,rain,B,16,120,Low
6,21,rain,C,23,130,Low
6,22,rain,A,34,150,Low
6,22,rain,B,16,120,Low
6,22,rain,C,30,130,Low
6,23,rain,A,48,150,Low
6,23,rain,B,15,120,Low
6,23,rain,C,29,130,Low
0,0,fog,A,16,150,Low
0,0,fog,B,5,120,Low
0,0,fog,C,12,130,Low
0,1,fog,A,15,150,Low
0,1,fog,B,4,120,Low
0,1,fog,C,9,130,Low
0,2,fog,A,14,150,Low
0,2,fog,B,5,120,Low
0,2,fog,C,9,130,Low
0,3,fog,A,12,150,Low
0,3,fog,B,4,120,Low
0,3,fog,C,10,130,Low
0,4,fog,A,18,150,Low
0,4,fog,B,5,120,Low
0,4,fog,C,10,130,Low
0,5,fog,A,17,150,Low
0,5,fog,B,5,120,Low
0,5,fog,C,8,130,Low
0,6,fog,A,62,150,Moderate
0,6,fog,B,25,120,Low
0,6,fog,C,41,130,Low
0,7,fog,A,67,150,Moderate
0,7,fog,B,20,120,Low
0,7,fog,C,37,130,Low
0,8,fog,A,106,150,High
0,8,fog,B,39,120,Low
0,8,fog,C,81,130,Moderate
0,9,fog,A,70,150,Moderate
0,9,fog,B,39,120,Low
0,9,fog,C,68,130,Moderate
0,10,fog,A,86,150,Moderate
0,10,fog,B,43,120,Moderate
0,10,fog,C,61,130,Moderate
0,11,fog,A,103,150,High
0,11,fog,B,50,120,Moderate
0,11,fog,C,79,130,Moderate
0,12,fog,A,65,150,Moderate
0,12,fog,B,23,120,Low
0,12,fog,C,37,130,Low
0,13,fog,A,78,150,Moderate
0,13,fog,B,24,120,Low
0,13,fog,C,34,130,Low
0,14,fog,A,47,150,Low
0,14,fog,B,23,120,Low
0,14,fog,C,38,130,Low
0,15,fog,A,47,150,Low
0,15,fog,B,23,120,Low
0,15,fog,C,36,130,Low
0,16,fog,A,65,150,Moderate
0,16,fog,B,23,120,Low
0,16,fog,C,34,130,Low
0,17,fog,A,132,150,High
0,17,fog,B,40,120,Low
0,17,fog,C,72,130,Moderate
0,18,fog,A,111,150,High
0,18,fog,B,51,120,Moderate
0,18,fog,C,73,130,Moderate
0,19,fog,A,145,150,High
0,19,fog,B,55,120,Moderate
0,19,fog,C,68,130,Moderate
0,20,fog,A,67,150,Moderate
0,20,fog,B,50,120,Moderate
0,20,fog,C,73,130,Moderate
0,21,fog,A,52,150,Low
0,21,fog,B,20,120,Low
0,21,fog,C,36,130,Low
0,22,fog,A,72,150,Moderate
0,22,fog,B,22,120,Low
0,22,fog,C,45,130,Low
0,23,fog,A,64,150,Moderate
0,23,fog,B,20,120,Low
0,23,fog,C,36,130,Low
1,0,clear,A,15,150,Low
1,0,clear,B,5,120,Low
1,0,clear,C,8,130,Low
1,1,clear,A,14,150,Low
1,1,clear,B,5,120,Low
1,1,clear,C,8,130,Low
1,2,clear,A,11,150,Low
1,2,clear,B,4,120,Low
1,2,clear,C,8,130,Low
1,3,clear,A,15,150,Low
1,3,clear,B,5,120,Low
1,3,clear,C,6,130,Low
1,4,clear,A,12,150,Low
1,4,clear,B,4,120,Low
1,4,clear,C,9,130,Low
1,5,clear,A,12,150,Low
1,5,clear,B,4,120,Low
1,5,clear,C,6,130,Low
1,6,clear,A,58,150,Moderate
1,6,clear,B,19,120,Low
1,6,clear,C,31,130,Low
1,7,clear,A,52,150,Low
1,7,clear,B,23,120,Low
1,7,clear,C,29,130,Low
1,8,clear,A,86,150,Moderate
1,8,clear,B,42,120,Moderate
1,8,clear,C,63,130,Moderate
1,9,clear,A,108,150,High
1,9,clear,B,38,120,Low
1,9,clear,C,62,130,Moderate
1,10,clear,A,93,150,Moderate
1,10,clear,B,40,120,Low
1,10,clear,C,73,130,Moderate
1,11,clear,A,115,150,High
1,11,clear,B,29,120,Low
1,11,clear,C,75,130,Moderate
1,12,clear,A,52,150,Low
1,12,clear,B,17,120,Low
1,12,clear,C,34,130,Low
1,13,clear,A,61,150,Moderate
1,13,clear,B,21,120,Low
1,13,clear,C,33,130,Low
1,14,clear,A,61,150,Moderate
1,14,clear,B,20,120,Low
1,14,clear,C,31,130,Low
1,15,clear,A,49,150,Low
1,15,clear,B,21,120,Low
1,15,clear,C,34,130,Low
1,16,clear,A,43,150,Low
1,16,clear,B,22,120,Low
1,16,clear,C,32,130,Low
1,17,clear,A,136,150,High
1,17,clear,B,31,120,Low
1,17,clear,C,68,130,Moderate
1,18,clear,A,98,150,High
1,18,clear,B,34,120,Low
1,18,clear,C,64,130,Moderate
1,19,clear,A,139,150,High
1,19,clear,B,40,120,Low
1,19,clear,C,61,130,Moderate
1,20,clear,A,79,150,Moderate
1,20,clear,B,29,120,Low
1,20,clear,C,64,130,Moderate
1,21,clear,A,49,150,Low
1,21,clear,B,19,120,Low
1,21,clear,C,23,130,Low
1,22,clear,A,54,150,Moderate
1,22,clear,B,23,120,Low
1,22,clear,C,43,130,Low
1,23,clear,A,39,150,Low
1,23,clear,B,17,120,Low
1,23,clear,C,30,130,Low
2,0,rain,A,13,150,Low
2,0,rain,B,7,120,Low
2,0,rain,C,10,130,Low
2,1,rain,A,16,150,Low
2,1,rain,B,7,120,Low
2,1,rain,C,10,130,Low
2,2,rain,A,17,150,Low
2,2,rain,B,5,120,Low
2,2,rain,C,8,130,Low
2,3,rain,A,14,150,Low
2,3,rain,B,7,120,Low
2,3,rain,C,11,130,Low
2,4,rain,A,17,150,Low
2,4,rain,B,5,120,Low
2,4,rain,C,11,130,Low
2,5,rain,A,13,150,Low
2,5,rain,B,4,120,Low
2,5,rain,C,9,130,Low
2,6,rain,A,85,150,Moderate
2,6,rain,B,30,120,Low
2,6,rain,C,39,130,Low
2,7,rain,A,59,150,Moderate
2,7,rain,B,18,120,Low
2,7,rain,C,42,130,Low
2,8,rain,A,121,150,High
2,8,rain,B,48,120,Moderate
2,8,rain,C,85,130,High
2,9,rain,A,115,150,High
2,9,rain,B,46,120,Moderate
2,9,rain,C,67,130,Moderate
2,10,rain,A,128,150,High
2,10,rain,B,39,120,Low
2,10,rain,C,80,130,Moderate
2,11,rain,A,125,150,High
2,11,rain,B,43,120,Moderate
2,11,rain,C,84,130,Moderate
2,12,rain,A,50,150,Low
2,12,rain,B,20,120,Low
2,12,rain,C,40,130,Low
2,13,rain,A,51,150,Low
2,13,rain,B,22,120,Low
2,13,rain,C,39,130,Low
2,14,rain,A,78,150,Moderate
2,14,rain,B,24,120,Low
2,14,rain,C,48,130,Moderate
2,15,rain,A,68,150,Moderate
2,15,rain,B,22,120,Low
2,15,rain,C,42,130,Low
2,16,rain,A,73,150,Moderate
2,16,rain,B,28,120,Low
2,16,rain,C,41,130,Low
2,17,rain,A,99,150,High
2,17,rain,B,35,120,Low
2,17,rain,C,79,130,Moderate
2,18,rain,A,85,150,Moderate
2,18,rain,B,60,120,Moderate
2,18,rain,C,91,130,High
2,19,rain,A,119,150,High
2,19,rain,B,40,120,Low
2,19,rain,C,96,130,High
2,20,rain,A,109,150,High
2,20,rain,B,40,120,Low
2,20,rain,C,74,130,Moderate
2,21,rain,A,67,150,Moderate
2,21,rain,B,26,120,Low
2,21,rain,C,49,130,Moderate
2,22,rain,A,76,150,Moderate
2,22,rain,B,24,120,Low
2,22,rain,C,48,130,Moderate
2,23,rain,A,59,150,Moderate
2,23,rain,B,17,120,Low
2,23,rain,C,37,130,Low
3,0,rain,A,14,150,Low
3,0,rain,B,5,120,Low
3,0,rain,C,9,130,Low
3,1,rain,A,18,150,Low
3,1,rain,B,7,120,Low
3,1,rain,C,7,130,Low
3,2,rain,A,13,150,Low
3,2,rain,B,5,120,Low
3,2,rain,C,11,130,Low
3,3,rain,A,15,150,Low
3,3,rain,B,5,120,Low
3,3,rain,C,11,130,Low
3,4,rain,A,18,150,Low
3,4,rain,B,5,120,Low
3,4,rain,C,9,130,Low
3,5,rain,A,17,150,Low
3,5,rain,B,5,120,Low
3,5,rain,C,10,130,Low
3,6,rain,A,60,150,Moderate
3,6,rain,B,27,120,Low
3,6,rain,C,43,130,Low
3,7,rain,A,76,150,Moderate
3,7,rain,B,28,120,Low
3,7,rain,C,44,130,Low
3,8,rain,A,109,150,High
3,8,rain,B,49,120,Moderate
3,8,rain,C,80,130,Moderate
3,9,rain,A,165,150,High
3,9,rain,B,45,120,Moderate
3,9,rain,C,83,130,Moderate
3,10,rain,A,123,150,High
3,10,rain,B,42,120,Moderate
3,10,rain,C,72,130,Moderate
3,11,rain,A,124,150,High
3,11,rain,B,46,120,Moderate
3,11,rain,C,88,130,High
3,12,rain,A,69,150,Moderate
3,12,rain,B,22,120,Low
3,12,rain,C,39,130,Low
3,13,rain,A,52,150,Low
3,13,rain,B,29,120,Low
3,13,rain,C,38,130,Low
3,14,rain,A,75,150,Moderate
3,14,rain,B,24,120,Low
3,14,rain,C,43,130,Low
3,15,rain,A,64,150,Moderate
3,15,rain,B,21,120,Low
3,15,rain,C,35,130,Low
3,16,rain,A,83,150,Moderate
3,16,rain,B,24,120,Low
3,16,rain,C,49,130,Moderate
3,17,rain,A,159,150,High
3,17,rain,B,45,120,Moderate
3,17,rain,C,89,130,High
3,18,rain,A,132,150,High
3,18,rain,B,39,120,Low
3,18,rain,C,81,130,Moderate
3,19,rain,A,143,150,High
3,19,rain,B,44,120,Moderate
3,19,rain,C,79,130,Moderate
3,20,rain,A,128,150,High
3,20,rain,B,63,120,Moderate
3,20,rain,C,60,130,Moderate
3,21,rain,A,70,150,Moderate
3,21,rain,B,23,120,Low
3,21,rain,C,37,130,Low
3,22,rain,A,63,150,Moderate
3,22,rain,B,26,120,Low
3,22,rain,C,46,130,Moderate
3,23,rain,A,67,150,Moderate
3,23,rain,B,27,120,Low
3,23,rain,C,49,130,Moderate
4,0,clear,A,12,150,Low
4,0,clear,B,5,120,Low
4,0,clear,C,9,130,Low
4,1,clear,A,12,150,Low
4,1,clear,B,3,120,Low
4,1,clear,C,6,130,Low
4,2,clear,A,13,150,Low
4,2,clear,B,5,120,Low
4,2,clear,C,7,130,Low
4,3,clear,A,15,150,Low
4,3,clear,B,5,120,Low
4,3,clear,C,10,130,Low
4,4,clear,A,14,150,Low
4,4,clear,B,4,120,Low
4,4,clear,C,9,130,Low
4,5,clear,A,15,150,Low
4,5,clear,B,4,120,Low
4,5,clear,C,6,130,Low
4,6,clear,A,55,150,Moderate
4,6,clear,B,16,120,Low
4,6,clear,C,40,130,Low
4,7,clear,A,51,150,Low
4,7,clear,B,25,120,Low
4,7,clear,C,23,130,Low
4,8,clear,A,101,150,High
4,8,clear,B,43,120,Moderate
4,8,clear,C,54,130,Moderate
4,9,clear,A,96,150,Moderate
4,9,clear,B,33,120,Low
4,9,clear,C,56,130,Moderate
4,10,clear,A,102,150,High
4,10,clear,B,29,120,Low
4,10,clear,C,61,130,Moderate
4,11,clear,A,106,150,High
4,11,clear,B,34,120,Low
4,11,clear,C,53,130,Moderate
4,12,clear,A,63,150,Moderate
4,12,clear,B,22,120,Low
4,12,clear,C,29,130,Low
4,13,clear,A,44,150,Low
4,13,clear,B,17,120,Low
4,13,clear,C,37,130,Low
4,14,clear,A,57,150,Moderate
4,14,clear,B,22,120,Low
4,14,clear,C,33,130,Low
4,15,clear,A,47,150,Low
4,15,clear,B,22,120,Low
4,15,clear,C,32,130,Low
4,16,clear,A,56,150,Moderate
4,16,clear,B,15,120,Low
4,16,clear,C,32,130,Low
4,17,clear,A,126,150,High
4,17,clear,B,35,120,Low
4,17,clear,C,78,130,Moderate
4,18,clear,A,71,150,Moderate
4,18,clear,B,36,120,Low
4,18,clear,C,68,130,Moderate
4,19,clear,A,138,150,High
4,19,clear,B,32,120,Low
4,19,clear,C,77,130,Moderate
4,20,clear,A,127,150,High
4,20,clear,B,35,120,Low
4,20,clear,C,66,130,Moderate
4,21,clear,A,56,150,Moderate
4,21,clear,B,15,120,Low
4,21,clear,C,32,130,Low
4,22,clear,A,65,150,Moderate
4,22,clear,B,21,120,Low
4,22,clear,C,34,130,Low
4,23,clear,A,55,150,Moderate
4,23,clear,B,21,120,Low
4,23,clear,C,39,130,Low
5,0,clear,A,11,150,Low
5,0,clear,B,4,120,Low
5,0,clear,C,6,130,Low
5,1,clear,A,8,150,Low
5,1,clear,B,2,120,Low
5,1,clear,C,5,130,Low
5,2,clear,A,9,150,Low
5,2,clear,B,2,120,Low
5,2,clear,C,6,130,Low
5,3,clear,A,11,150,Low
5,3,clear,B,3,120,Low
5,3,clear,C,5,130,Low
5,4,clear,A,8,150,Low
5,4,clear,B,3,120,Low
5,4,clear,C,5,130,Low
5,5,clear,A,10,150,Low
5,5,clear,B,3,120,Low
5,5,clear,C,7,130,Low
5,6,clear,A,31,150,Low
5,6,clear,B,14,120,Low
5,6,clear,C,23,130,Low
5,7,clear,A,37,150,Low
5,7,clear,B,15,120,Low
5,7,clear,C,28,130,Low
5,8,clear,A,83,150,Moderate
5,8,clear,B,26,120,Low
5,8,clear,C,43,130,Low
5,9,clear,A,66,150,Moderate
5,9,clear,B,18,120,Low
5,9,clear,C,52,130,Moderate
5,10,clear,A,65,150,Moderate
5,10,clear,B,27,120,Low
5,10,clear,C,48,130,Moderate
5,11,clear,A,56,150,Moderate
5,11,clear,B,21,120,Low
5,11,clear,C,54,130,Moderate
5,12,clear,A,40,150,Low
5,12,clear,B,12,120,Low
5,12,clear,C,24,130,Low
5,13,clear,A,44,150,Low
5,13,clear,B,15,120,Low
5,13,clear,C,19,130,Low
5,14,clear,A,47,150,Low
5,14,clear,B,16,120,Low
5,14,clear,C,23,130,Low
5,15,clear,A,31,150,Low
5,15,clear,B,16,120,Low
5,15,clear,C,26,130,Low
5,16,clear,A,30,150,Low
5,16,clear,B,13,120,Low
5,16,clear,C,35,130,Low
5,17,clear,A,77,150,Moderate
5,17,clear,B,24,120,Low
5,17,clear,C,41,130,Low
5,18,clear,A,97,150,Moderate
5,18,clear,B,31,120,Low
5,18,clear,C,59,130,Moderate
5,19,clear,A,79,150,Moderate
5,19,clear,B,33,120,Low
5,19,clear,C,42,130,Low
5,20,clear,A,78,150,Moderate
5,20,clear,B,29,120,Low
5,20,clear,C,59,130,Moderate
5,21,clear,A,40,150,Low
5,21,clear,B,12,120,Low
5,21,clear,C,24,130,Low
5,22,clear,A,28,150,Low
5,22,clear,B,9,120,Low
5,22,clear,C,27,130,Low
5,23,clear,A,36,150,Low
5,23,clear,B,13,120,Low
5,23,clear,C,27,130,Low
6,0,rain,A,12,150,Low
6,0,rain,B,5,120,Low
6,0,rain,C,7,130,Low
6,1,rain,A,12,150,Low
6,1,rain,B,4,120,Low
6,1,rain,C,5,130,Low
6,2,rain,A,13,150,Low
6,2,rain,B,2,120,Low
6,2,rain,C,6,130,Low
6,3,rain,A,11,150,Low
6,3,rain,B,3,120,Low
6,3,rain,C,6,130,Low
6,4,rain,A,14,150,Low
6,4,rain,B,4,120,Low
6,4,rain,C,6,130,Low
6,5,rain,A,10,150,Low
6,5,rain,B,3,120,Low
6,5,rain,C,8,130,Low
6,6,rain,A,44,150,Low
6,6,rain,B,11,120,Low
6,6,rain,C,29,130,Low
6,7,rain,A,49,150,Low
6,7,rain,B,19,120,Low
6,7,rain,C,29,130,Low
6,8,rain,A,78,150,Moderate
6,8,rain,B,39,120,Low
6,8,rain,C,52,130,Moderate
6,9,rain,A,92,150,Moderate
6,9,rain,B,27,120,Low
6,9,rain,C,58,130,Moderate
6,10,rain,A,65,150,Moderate
6,10,rain,B,28,120,Low
6,10,rain,C,43,130,Low
6,11,rain,A,75,150,Moderate
6,11,rain,B,35,120,Low
6,11,rain,C,48,130,Moderate
6,12,rain,A,51,150,Low
6,12,rain,B,20,120,Low
6,12,rain,C,29,130,Low
6,13,rain,A,53,150,Moderate
6,13,rain,B,18,120,Low
6,13,rain,C,29,130,Low
6,14,rain,A,51,150,Low
6,14,rain,B,21,120,Low
6,14,rain,C,26,130,Low
6,15,rain,A,39,150,Low
6,15,rain,B,14,120,Low
6,15,rain,C,33,130,Low
6,16,rain,A,54,150,Moderate
6,16,rain,B,15,120,Low
6,16,rain,C,19,130,Low
6,17,rain,A,83,150,Moderate
6,17,rain,B,36,120,Low
6,17,rain,C,58,130,Moderate
6,18,rain,A,94,150,Moderate
6,18,rain,B,30,120,Low
6,18,rain,C,67,130,Moderate
6,19,rain,A,97,150,Moderate
6,19,rain,B,36,120,Low
6,19,rain,C,60,130,Moderate
6,20,rain,A,99,150,High
6,20,rain,B,35,120,Low
6,20,rain,C,50,130,Moderate
6,21,rain,A,48,150,Low
6,21,rain,B,18,120,Low
6,21,rain,C,34,130,Low
6,22,rain,A,49,150,Low
6,22,rain,B,14,120,Low
6,22,rain,C,25,130,Low
6,23,rain,A,43,150,Low
6,23,rain,B,17,120,Low
6,23,rain,C,28,130,Low
0,0,clear,A,11,150,Low
0,0,clear,B,3,120,Low
0,0,clear,C,4,130,Low
0,1,clear,A,13,150,Low
0,1,clear,B,6,120,Low
0,1,clear,C,11,130,Low
0,2,clear,A,11,150,Low
0,2,clear,B,5,120,Low
0,2,clear,C,6,130,Low
0,3,clear,A,11,150,Low
0,3,clear,B,4,120,Low
0,3,clear,C,8,130,Low
0,4,clear,A,13,150,Low
0,4,clear,B,5,120,Low
0,4,clear,C,9,130,Low
0,5,clear,A,13,150,Low
0,5,clear,B,5,120,Low
0,5,clear,C,7,130,Low
0,6,clear,A,43,150,Low
0,6,clear,B,15,120,Low
0,6,clear,C,38,130,Low
0,7,clear,A,52,150,Low
0,7,clear,B,14,120,Low
0,7,clear,C,34,130,Low
0,8,clear,A,80,150,Moderate
0,8,clear,B,44,120,Moderate
0,8,clear,C,57,130,Moderate
0,9,clear,A,109,150,High
0,9,clear,B,41,120,Low
0,9,clear,C,53,130,Moderate
0,10,clear,A,100,150,High
0,10,clear,B,38,120,Low
0,10,clear,C,64,130,Moderate
0,11,clear,A,104,150,High
0,11,clear,B,28,120,Low
0,11,clear,C,68,130,Moderate
0,12,clear,A,50,150,Low
0,12,clear,B,21,120,Low
0,12,clear,C,39,130,Low
0,13,clear,A,60,150,Moderate
0,13,clear,B,21,120,Low
0,13,clear,C,38,130,Low
0,14,clear,A,60,150,Moderate
0,14,clear,B,24,120,Low
0,14,clear,C,34,130,Low
0,15,clear,A,56,150,Moderate
0,15,clear,B,22,120,Low
0,15,clear,C,32,130,Low
0,16,clear,A,43,150,Low
0,16,clear,B,21,120,Low
0,16,clear,C,33,130,Low
0,17,clear,A,90,150,Moderate
0,17,clear,B,43,120,Moderate
0,17,clear,C,85,130,High
0,18,clear,A,83,150,Moderate
0,18,clear,B,46,120,Moderate
0,18,clear,C,43,130,Low
0,19,clear,A,103,150,High
0,19,clear,B,51,120,Moderate
0,19,clear,C,66,130,Moderate
0,20,clear,A,111,150,High
0,20,clear,B,44,120,Moderate
0,20,clear,C,51,130,Moderate
0,21,clear,A,55,150,Moderate
0,21,clear,B,20,120,Low
0,21,clear,C,44,130,Low
0,22,clear,A,44,150,Low
0,22,clear,B,18,120,Low
0,22,clear,C,30,130,Low
0,23,clear,A,46,150,Low
0,23,clear,B,23,120,Low
0,23,clear,C,35,130,Low
1,0,fog,A,13,150,Low
1,0,fog,B,5,120,Low
1,0,fog,C,8,130,Low
1,1,fog,A,12,150,Low
1,1,fog,B,5,120,Low
1,1,fog,C,9,130,Low
1,2,fog,A,13,150,Low
1,2,fog,B,5,120,Low
1,2,fog,C,9,130,Low
1,3,fog,A,13,150,Low
1,3,fog,B,5,120,Low
1,3,fog,C,12,130,Low
1,4,fog,A,19,150,Low
1,4,fog,B,4,120,Low
1,4,fog,C,8,130,Low
1,5,fog,A,12,150,Low
1,5,fog,B,6,120,Low
1,5,fog,C,9,130,Low
1,6,fog,A,62,150,Moderate
1,6,fog,B,28,120,Low
1,6,fog,C,38,130,Low
1,7,fog,A,66,150,Moderate
1,7,fog,B,23,120,Low
1,7,fog,C,35,130,Low
1,8,fog,A,126,150,High
1,8,fog,B,34,120,Low
1,8,fog,C,83,130,Moderate
1,9,fog,A,99,150,High
1,9,fog,B,36,120,Low
1,9,fog,C,57,130,Moderate
1,10,fog,A,93,150,Moderate
1,10,fog,B,37,120,Low
1,10,fog,C,44,130,Low
1,11,fog,A,105,150,High
1,11,fog,B,36,120,Low
1,11,fog,C,77,130,Moderate
1,12,fog,A,64,150,Moderate
1,12,fog,B,19,120,Low
1,12,fog,C,35,130,Low
1,13,fog,A,58,150,Moderate
1,13,fog,B,26,120,Low
1,13,fog,C,33,130,Low
1,14,fog,A,53,150,Moderate
1,14,fog,B,18,120,Low
1,14,fog,C,29,130,Low
1,15,fog,A,63,150,Moderate
1,15,fog,B,22,120,Low
1,15,fog,C,45,130,Low
1,16,fog,A,69,150,Moderate
1,16,fog,B,29,120,Low
1,16,fog,C,38,130,Low
1,17,fog,A,116,150,High
1,17,fog,B,35,120,Low
1,17,fog,C,85,130,High
1,18,fog,A,123,150,High
1,18,fog,B,48,120,Moderate
1,18,fog,C,63,130,Moderate
1,19,fog,A,127,150,High
1,19,fog,B,45,120,Moderate
1,19,fog,C,78,130,Moderate
1,20,fog,A,108,150,High
1,20,fog,B,51,120,Moderate
1,20,fog,C,100,130,High
1,21,fog,A,50,150,Low
1,21,fog,B,24,120,Low
1,21,fog,C,21,130,Low
1,22,fog,A,66,150,Moderate
1,22,fog,B,15,120,Low
1,22,fog,C,35,130,Low
1,23,fog,A,48,150,Low
1,23,fog,B,21,120,Low
1,23,fog,C,43,130,Low
2,0,fog,A,14,150,Low
2,0,fog,B,5,120,Low
2,0,fog,C,11,130,Low
2,1,fog,A,16,150,Low
2,1,fog,B,4,120,Low
2,1,fog,C,8,130,Low
2,2,fog,A,18,150,Low
2,2,fog,B,6,120,Low
2,2,fog,C,8,130,Low
2,3,fog,A,14,150,Low
2,3,fog,B,5,120,Low
2,3,fog,C,8,130,Low
2,4,fog,A,11,150,Low
2,4,fog,B,4,120,Low
2,4,fog,C,11,130,Low
2,5,fog,A,14,150,Low
2,5,fog,B,5,120,Low
2,5,fog,C,9,130,Low
2,6,fog,A,80,150,Moderate
2,6,fog,B,22,120,Low
2,6,fog,C,44,130,Low
2,7,fog,A,55,150,Moderate
2,7,fog,B,21,120,Low
2,7,fog,C,38,130,Low
2,8,fog,A,96,150,Moderate
2,8,fog,B,38,120,Low
2,8,fog,C,78,130,Moderate
2,9,fog,A,95,150,Moderate
2,9,fog,B,39,120,Low
2,9,fog,C,76,130,Moderate
2,10,fog,A,95,150,Moderate
2,10,fog,B,46,120,Moderate
2,10,fog,C,70,130,Moderate
2,11,fog,A,106,150,High
2,11,fog,B,27,120,Low
2,11,fog,C,65,130,Moderate
2,12,fog,A,63,150,Moderate
2,12,fog,B,27,120,Low
2,12,fog,C,41,130,Low
2,13,fog,A,70,150,Moderate
2,13,fog,B,18,120,Low
2,13,fog,C,37,130,Low
2,14,fog,A,71,150,Moderate
2,14,fog,B,19,120,Low
2,14,fog,C,44,130,Low
2,15,fog,A,67,150,Moderate
2,15,fog,B,22,120,Low
2,15,fog,C,36,130,Low
2,16,fog,A,51,150,Low
2,16,fog,B,27,120,Low
2,16,fog,C,42,130,Low
2,17,fog,A,127,150,High
2,17,fog,B,41,120,Low
2,17,fog,C,77,130,Moderate
2,18,fog,A,123,150,High
2,18,fog,B,46,120,Moderate
2,18,fog,C,85,130,High
2,19,fog,A,106,150,High
2,19,fog,B,34,120,Low
2,19,fog,C,77,130,Moderate
2,20,fog,A,89,150,Moderate
2,20,fog,B,41,120,Low
2,20,fog,C,71,130,Moderate
2,21,fog,A,64,150,Moderate
2,21,fog,B,28,120,Low
2,21,fog,C,27,130,Low
2,22,fog,A,81,150,Moderate
2,22,fog,B,21,120,Low
2,22,fog,C,40,130,Low
2,23,fog,A,47,150,Low
2,23,fog,B,25,120,Low
2,23,fog,C,38,130,Low
3,0,clear,A,9,150,Low
3,0,clear,B,5,120,Low
3,0,clear,C,9,130,Low
3,1,clear,A,13,150,Low
3,1,clear,B,5,120,Low
3,1,clear,C,10,130,Low
3,2,clear,A,12,150,Low
3,2,clear,B,6,120,Low
3,2,clear,C,8,130,Low
3,3,clear,A,13,150,Low
3,3,clear,B,5,120,Low
3,3,clear,C,8,130,Low
3,4,clear,A,8,150,Low
3,4,clear,B,4,120,Low
3,4,clear,C,6,130,Low
3,5,clear,A,17,150,Low
3,5,clear,B,6,120,Low
3,5,clear,C,9,130,Low
3,6,clear,A,53,150,Moderate
3,6,clear,B,16,120,Low
3,6,clear,C,31,130,Low
3,7,clear,A,71,150,Moderate
3,7,clear,B,17,120,Low
3,7,clear,C,22,130,Low
3,8,clear,A,114,150,High
3,8,clear,B,44,120,Moderate
3,8,clear,C,78,130,Moderate
3,9,clear,A,114,150,High
3,9,clear,B,42,120,Moderate
3,9,clear,C,63,130,Moderate
3,10,clear,A,68,150,Moderate
3,10,clear,B,36,120,Low
3,10,clear,C,68,130,Moderate
3,11,clear,A,96,150,Moderate
3,11,clear,B,35,120,Low
3,11,clear,C,53,130,Moderate
3,12,clear,A,46,150,Low
3,12,clear,B,25,120,Low
3,12,clear,C,44,130,Low
3,13,clear,A,54,150,Moderate
3,13,clear,B,20,120,Low
3,13,clear,C,29,130,Low
3,14,clear,A,60,150,Moderate
3,14,clear,B,25,120,Low
3,14,clear,C,26,130,Low
3,15,clear,A,58,150,Moderate
3,15,clear,B,21,120,Low
3,15,clear,C,37,130,Low
3,16,clear,A,68,150,Moderate
3,16,clear,B,26,120,Low
3,16,clear,C,33,130,Low
3,17,clear,A,121,150,High
3,17,clear,B,40,120,Low
3,17,clear,C,63,130,Moderate
3,18,clear,A,114,150,High
3,18,clear,B,44,120,Moderate
3,18,clear,C,72,130,Moderate
3,19,clear,A,95,150,Moderate
3,19,clear,B,37,120,Low
3,19,clear,C,65,130,Moderate
3,20,clear,A,96,150,Moderate
3,20,clear,B,41,120,Low
3,20,clear,C,74,130,Moderate
3,21,clear,A,63,150,Moderate
3,21,clear,B,17,120,Low
3,21,clear,C,31,130,Low
3,22,clear,A,67,150,Moderate
3,22,clear,B,19,120,Low
3,22,clear,C,35,130,Low
3,23,clear,A,53,150,Moderate
3,23,clear,B,23,120,Low
3,23,clear,C,41,130,Low
4,0,clear,A,13,150,Low
4,0,clear,B,4,120,Low
4,0,clear,C,11,130,Low
4,1,clear,A,15,150,Low
4,1,clear,B,4,120,Low
4,1,clear,C,10,130,Low
4,2,clear,A,12,150,Low
4,2,clear,B,6,120,Low
4,2,clear,C,10,130,Low
4,3,clear,A,11,150,Low
4,3,clear,B,5,120,Low
4,3,clear,C,9,130,Low
4,4,clear,A,19,150,Low
4,4,clear,B,4,120,Low
4,4,clear,C,10,130,Low
4,5,clear,A,13,150,Low
4,5,clear,B,4,120,Low
4,5,clear,C,8,130,Low
4,6,clear,A,55,150,Moderate
4,6,clear,B,16,120,Low
4,6,clear,C,36,130,Low
4,7,clear,A,62,150,Moderate
4,7,clear,B,20,120,Low
4,7,clear,C,32,130,Low
4,8,clear,A,96,150,Moderate
4,8,clear,B,35,120,Low
4,8,clear,C,65,130,Moderate
4,9,clear,A,115,150,High
4,9,clear,B,37,120,Low
4,9,clear,C,49,130,Moderate
4,10,clear,A,90,150,Moderate
4,10,clear,B,36,120,Low
4,10,clear,C,73,130,Moderate
4,11,clear,A,118,150,High
4,11,clear,B,45,120,Moderate
4,11,clear,C,64,130,Moderate
4,12,clear,A,61,150,Moderate
4,12,clear,B,15,120,Low
4,12,clear,C,37,130,Low
4,13,clear,A,46,150,Low
4,13,clear,B,19,120,Low
4,13,clear,C,50,130,Moderate
4,14,clear,A,57,150,Moderate
4,14,clear,B,17,120,Low
4,14,clear,C,37,130,Low
4,15,clear,A,50,150,Low
4,15,clear,B,17,120,Low
4,15,clear,C,46,130,Moderate
4,16,clear,A,63,150,Moderate
4,16,clear,B,21,120,Low
4,16,clear,C,32,130,Low
4,17,clear,A,104,150,High
4,17,clear,B,49,120,Moderate
4,17,clear,C,73,130,Moderate
4,18,clear,A,59,150,Moderate
4,18,clear,B,54,120,Moderate
4,18,clear,C,71,130,Moderate
4,19,clear,A,115,150,High
4,19,clear,B,46,120,Moderate
4,19,clear,C,74,130,Moderate
4,20,clear,A,122,150,High
4,20,clear,B,37,120,Low
4,20,clear,C,57,130,Moderate
4,21,clear,A,57,150,Moderate
4,21,clear,B,24,120,Low
4,21,clear,C,31,130,Low
4,22,clear,A,48,150,Low
4,22,clear,B,23,120,Low
4,22,clear,C,32,130,Low
4,23,clear,A,51,150,Low
4,23,clear,B,18,120,Low
4,23,clear,C,34,130,Low
5,0,clear,A,8,150,Low
5,0,clear,B,3,120,Low
5,0,clear,C,6,130,Low
5,1,clear,A,11,150,Low
5,1,clear,B,4,120,Low
5,1,clear,C,7,130,Low
5,2,clear,A,10,150,Low
5,2,clear,B,3,120,Low
5,2,clear,C,5,130,Low
5,3,clear,A,9,150,Low
5,3,clear,B,3,120,Low
5,3,clear,C,6,130,Low
5,4,clear,A,10,150,Low
5,4,clear,B,3,120,Low
5,4,clear,C,6,130,Low
5,5,clear,A,11,150,Low
5,5,clear,B,3,120,Low
5,5,clear,C,6,130,Low
5,6,clear,A,33,150,Low
5,6,clear,B,12,120,Low
5,6,clear,C,21,130,Low
5,7,clear,A,39,150,Low
5,7,clear,B,15,120,Low
5,7,clear,C,19,130,Low
5,8,clear,A,64,150,Moderate
5,8,clear,B,26,120,Low
5,8,clear,C,38,130,Low
5,9,clear,A,73,150,Moderate
5,9,clear,B,24,120,Low
5,9,clear,C,39,130,Low
5,10,clear,A,69,150,Moderate
5,10,clear,B,26,120,Low
5,10,clear,C,38,130,Low
5,11,clear,A,66,150,Moderate
5,11,clear,B,26,120,Low
5,11,clear,C,39,130,Low
5,12,clear,A,28,150,Low
5,12,clear,B,10,120,Low
5,12,clear,C,22,130,Low
5,13,clear,A,30,150,Low
5,13,clear,B,13,120,Low
5,13,clear,C,30,130,Low
5,14,clear,A,30,150,Low
5,14,clear,B,13,120,Low
5,14,clear,C,32,130,Low
5,15,clear,A,40,150,Low
5,15,clear,B,13,120,Low
5,15,clear,C,23,130,Low
5,16,clear,A,40,150,Low
5,16,clear,B,17,120,Low
5,16,clear,C,22,130,Low
5,17,clear,A,68,150,Moderate
5,17,clear,B,22,120,Low
5,17,clear,C,49,130,Moderate
5,18,clear,A,60,150,Moderate
5,18,clear,B,26,120,Low
5,18,clear,C,42,130,Low
5,19,clear,A,89,150,Moderate
5,19,clear,B,25,120,Low
5,19,clear,C,51,130,Moderate
5,20,clear,A,58,150,Moderate
5,20,clear,B,28,120,Low
5,20,clear,C,40,130,Low
5,21,clear,A,36,150,Low
5,21,clear,B,18,120,Low
5,21,clear,C,27,130,Low
5,22,clear,A,37,150,Low
5,22,clear,B,20,120,Low
5,22,clear,C,21,130,Low
5,23,clear,A,45,150,Low
5,23,clear,B,10,120,Low
5,23,clear,C,23,130,Low
6,0,clear,A,9,150,Low
6,0,clear,B,3,120,Low
6,0,clear,C,5,130,Low
6,1,clear,A,11,150,Low
6,1,clear,B,3,120,Low
6,1,clear,C,6,130,Low
6,2,clear,A,10,150,Low
6,2,clear,B,2,120,Low
6,2,clear,C,5,130,Low
6,3,clear,A,9,150,Low
6,3,clear,B,3,120,Low
6,3,clear,C,7,130,Low
6,4,clear,A,9,150,Low
6,4,clear,B,3,120,Low
6,4,clear,C,5,130,Low
6,5,clear,A,10,150,Low
6,5,clear,B,3,120,Low
6,5,clear,C,5,130,Low
6,6,clear,A,37,150,Low
6,6,clear,B,15,120,Low
6,6,clear,C,22,130,Low
6,7,clear,A,34,150,Low
6,7,clear,B,14,120,Low
6,7,clear,C,13,130,Low
6,8,clear,A,63,150,Moderate
6,8,clear,B,20,120,Low
6,8,clear,C,52,130,Moderate
6,9,clear,A,64,150,Moderate
6,9,clear,B,23,120,Low
6,9,clear,C,43,130,Low
6,10,clear,A,63,150,Moderate
6,10,clear,B,23,120,Low
6,10,clear,C,44,130,Low
6,11,clear,A,64,150,Moderate
6,11,clear,B,23,120,Low
6,11,clear,C,37,130,Low
6,12,clear,A,31,150,Low
6,12,clear,B,14,120,Low
6,12,clear,C,25,130,Low
6,13,clear,A,30,150,Low
6,13,clear,B,15,120,Low
6,13,clear,C,27,130,Low
6,14,clear,A,44,150,Low
6,14,clear,B,14,120,Low
6,14,clear,C,26,130,Low
6,15,clear,A,51,150,Low
6,15,clear,B,13,120,Low
6,15,clear,C,20,130,Low
6,16,clear,A,29,150,Low
6,16,clear,B,17,120,Low
6,16,clear,C,31,130,Low
6,17,clear,A,66,150,Moderate
6,17,clear,B,24,120,Low
6,17,clear,C,46,130,Moderate
6,18,clear,A,91,150,Moderate
6,18,clear,B,22,120,Low
6,18,clear,C,34,130,Low
6,19,clear,A,102,150,High
6,19,clear,B,29,120,Low
6,19,clear,C,52,130,Moderate
6,20,clear,A,74,150,Moderate
6,20,clear,B,29,120,Low
6,20,clear,C,37,130,Low
6,21,clear,A,33,150,Low
6,21,clear,B,14,120,Low
6,21,clear,C,16,130,Low
6,22,clear,A,36,150,Low
6,22,clear,B,13,120,Low
6,22,clear,C,23,130,Low
6,23,clear,A,35,150,Low
6,23,clear,B,11,120,Low
6,23,clear,C,17,130,Low
0,0,rain,A,15,150,Low
0,0,rain,B,4,120,Low
0,0,rain,C,10,130,Low
0,1,rain,A,15,150,Low
0,1,rain,B,5,120,Low
0,1,rain,C,7,130,Low
0,2,rain,A,18,150,Low
0,2,rain,B,4,120,Low
0,2,rain,C,10,130,Low
0,3,rain,A,14,150,Low
0,3,rain,B,5,120,Low
0,3,rain,C,12,130,Low
0,4,rain,A,17,150,Low
0,4,rain,B,7,120,Low
0,4,rain,C,11,130,Low
0,5,rain,A,17,150,Low
0,5,rain,B,4,120,Low
0,5,rain,C,9,130,Low
0,6,rain,A,63,150,Moderate
0,6,rain,B,28,120,Low
0,6,rain,C,38,130,Low
0,7,rain,A,68,150,Moderate
0,7,rain,B,24,120,Low
0,7,rain,C,49,130,Moderate
0,8,rain,A,116,150,High
0,8,rain,B,48,120,Moderate
0,8,rain,C,56,130,Moderate
0,9,rain,A,90,150,Moderate
0,9,rain,B,28,120,Low
0,9,rain,C,84,130,Moderate
0,10,rain,A,130,150,High
0,10,rain,B,49,120,Moderate
0,10,rain,C,67,130,Moderate
0,11,rain,A,108,150,High
0,11,rain,B,42,120,Moderate
0,11,rain,C,91,130,High
0,12,rain,A,82,150,Moderate
0,12,rain,B,26,120,Low
0,12,rain,C,44,130,Low
0,13,rain,A,79,150,Moderate
0,13,rain,B,23,120,Low
0,13,rain,C,39,130,Low
0,14,rain,A,64,150,Moderate
0,14,rain,B,20,120,Low
0,14,rain,C,40,130,Low
0,15,rain,A,54,150,Moderate
0,15,rain,B,27,120,Low
0,15,rain,C,45,130,Low
0,16,rain,A,80,150,Moderate
0,16,rain,B,18,120,Low
0,16,rain,C,53,130,Moderate
0,17,rain,A,100,150,High
0,17,rain,B,39,120,Low
0,17,rain,C,76,130,Moderate
0,18,rain,A,157,150,High
0,18,rain,B,49,120,Moderate
0,18,rain,C,80,130,Moderate
0,19,rain,A,116,150,High
0,19,rain,B,38,120,Low
0,19,rain,C,98,130,High
0,20,rain,A,147,150,High
0,20,rain,B,57,120,Moderate
0,20,rain,C,88,130,High
0,21,rain,A,39,150,Low
0,21,rain,B,19,120,Low
0,21,rain,C,44,130,Low
0,22,rain,A,62,150,Moderate
0,22,rain,B,21,120,Low
0,22,rain,C,35,130,Low
0,23,rain,A,75,150,Moderate
0,23,rain,B,25,120,Low
0,23,rain,C,45,130,Low
1,0,clear,A,14,150,Low
1,0,clear,B,3,120,Low
1,0,clear,C,8,130,Low
1,1,clear,A,8,150,Low
1,1,clear,B,3,120,Low
1,1,clear,C,8,130,Low
1,2,clear,A,18,150,Low
1,2,clear,B,3,120,Low
1,2,clear,C,7,130,Low
1,3,clear,A,14,150,Low
1,3,clear,B,6,120,Low
1,3,clear,C,9,130,Low
1,4,clear,A,15,150,Low
1,4,clear,B,4,120,Low
1,4,clear,C,8,130,Low
1,5,clear,A,13,150,Low
1,5,clear,B,4,120,Low
1,5,clear,C,9,130,Low
1,6,clear,A,41,150,Low
1,6,clear,B,22,120,Low
1,6,clear,C,35,130,Low
1,7,clear,A,53,150,Moderate
1,7,clear,B,15,120,Low
1,7,clear,C,29,130,Low
1,8,clear,A,116,150,High
1,8,clear,B,34,120,Low
1,8,clear,C,65,130,Moderate
1,9,clear,A,85,150,Moderate
1,9,clear,B,35,120,Low
1,9,clear,C,50,130,Moderate
1,10,clear,A,100,150,High
1,10,clear,B,38,120,Low
1,10,clear,C,66,130,Moderate
1,11,clear,A,85,150,Moderate
1,11,clear,B,34,120,Low
1,11,clear,C,68,130,Moderate
1,12,clear,A,53,150,Moderate
1,12,clear,B,19,120,Low
1,12,clear,C,44,130,Low
1,13,clear,A,47,150,Low
1,13,clear,B,23,120,Low
1,13,clear,C,28,130,Low
1,14,clear,A,60,150,Moderate
1,14,clear,B,22,120,Low
1,14,clear,C,32,130,Low
1,15,clear,A,44,150,Low
1,15,clear,B,14,120,Low
1,15,clear,C,31,130,Low
1,16,clear,A,59,150,Moderate
1,16,clear,B,16,120,Low
1,16,clear,C,35,130,Low
1,17,clear,A,85,150,Moderate
1,17,clear,B,38,120,Low
1,17,clear,C,57,130,Moderate
1,18,clear,A,108,150,High
1,18,clear,B,36,120,Low
1,18,clear,C,57,130,Moderate
1,19,clear,A,99,150,High
1,19,clear,B,34,120,Low
1,19,clear,C,56,130,Moderate
1,20,clear,A,127,150,High
1,20,clear,B,37,120,Low
1,20,clear,C,46,130,Moderate
1,21,clear,A,49,150,Low
1,21,clear,B,22,120,Low
1,21,clear,C,31,130,Low
1,22,clear,A,67,150,Moderate
1,22,clear,B,17,120,Low
1,22,clear,C,37,130,Low
1,23,clear,A,63,150,Moderate
1,23,clear,B,21,120,Low
1,23,clear,C,27,130,Low
2,0,clear,A,16,150,Low
2,0,clear,B,4,120,Low
2,0,clear,C,10,130,Low
2,1,clear,A,12,150,Low
2,1,clear,B,5,120,Low
2,1,clear,C,6,130,Low
2,2,clear,A,12,150,Low
2,2,clear,B,4,120,Low
2,2,clear,C,9,130,Low
2,3,clear,A,13,150,Low
2,3,clear,B,5,120,Low
2,3,clear,C,8,130,Low
2,4,clear,A,11,150,Low
2,4,clear,B,5,120,Low
2,4,clear,C,7,130,Low
2,5,clear,A,15,150,Low
2,5,clear,B,4,120,Low
2,5,clear,C,8,130,Low
2,6,clear,A,58,150,Moderate
2,6,clear,B,19,120,Low
2,6,clear,C,26,130,Low
2,7,clear,A,46,150,Low
2,7,clear,B,23,120,Low
2,7,clear,C,35,130,Low
2,8,clear,A,74,150,Moderate
2,8,clear,B,37,120,Low
2,8,clear,C,57,130,Moderate
2,9,clear,A,86,150,Moderate
2,9,clear,B,29,120,Low
2,9,clear,C,72,130,Moderate
2,10,clear,A,69,150,Moderate
2,10,clear,B,31,120,Low
2,10,clear,C,64,130,Moderate
2,11,clear,A,122,150,High
2,11,clear,B,38,120,Low
2,11,clear,C,55,130,Moderate
2,12,clear,A,67,150,Moderate
2,12,clear,B,15,120,Low
2,12,clear,C,36,130,Low
2,13,clear,A,59,150,Moderate
2,13,clear,B,17,120,Low
2,13,clear,C,38,130,Low
2,14,clear,A,50,150,Low
2,14,clear,B,22,120,Low
2,14,clear,C,25,130,Low
2,15,clear,A,57,150,Moderate
2,15,clear,B,18,120,Low
2,15,clear,C,41,130,Low
2,16,clear,A,54,150,Moderate
2,16,clear,B,23,120,Low
2,16,clear,C,37,130,Low
2,17,clear,A,107,150,High
2,17,clear,B,44,120,Moderate
2,17,clear,C,78,130,Moderate
2,18,clear,A,117,150,High
2,18,clear,B,26,120,Low
2,18,clear,C,59,130,Moderate
2,19,clear,A,132,150,High
2,19,clear,B,32,120,Low
2,19,clear,C,79,130,Moderate
2,20,clear,A,121,150,High
2,20,clear,B,35,120,Low
2,20,clear,C,49,130,Moderate
2,21,clear,A,50,150,Low
2,21,clear,B,26,120,Low
2,21,clear,C,30,130,Low
2,22,clear,A,48,150,Low
2,22,clear,B,17,120,Low
2,22,clear,C,41,130,Low
2,23,clear,A,52,150,Low
2,23,clear,B,18,120,Low
2,23,clear,C,42,130,Low
3,0,clear,A,11,150,Low
3,0,clear,B,4,120,Low
3,0,clear,C,10,130,Low
3,1,clear,A,13,150,Low
3,1,clear,B,3,120,Low
3,1,clear,C,6,130,Low
3,2,clear,A,11,150,Low
3,2,clear,B,4,120,Low
3,2,clear,C,6,130,Low
3,3,clear,A,11,150,Low
3,3,clear,B,4,120,Low
3,3,clear,C,8,130,Low
3,4,clear,A,17,150,Low
3,4,clear,B,4,120,Low
3,4,clear,C,8,130,Low
3,5,clear,A,14,150,Low
3,5,clear,B,4,120,Low
3,5,clear,C,9,130,Low
3,6,clear,A,57,150,Moderate
3,6,clear,B,20,120,Low
3,6,clear,C,49,130,Moderate
3,7,clear,A,62,150,Moderate
3,7,clear,B,16,120,Low
3,7,clear,C,36,130,Low
3,8,clear,A,87,150,Moderate
3,8,clear,B,38,120,Low
3,8,clear,C,50,130,Moderate
3,9,clear,A,82,150,Moderate
3,9,clear,B,37,120,Low
3,9,clear,C,72,130,Moderate
3,10,clear,A,106,150,High
3,10,clear,B,40,120,Low
3,10,clear,C,66,130,Moderate
3,11,clear,A,101,150,High
3,11,clear,B,33,120,Low
3,11,clear,C,70,130,Moderate
3,12,clear,A,63,150,Moderate
3,12,clear,B,19,120,Low
3,12,clear,C,34,130,Low
3,13,clear,A,68,150,Moderate
3,13,clear,B,19,120,Low
3,13,clear,C,35,130,Low
3,14,clear,A,58,150,Moderate
3,14,clear,B,19,120,Low
3,14,clear,C,30,130,Low
3,15,clear,A,58,150,Moderate
3,15,clear,B,19,120,Low
3,15,clear,C,44,130,Low
3,16,clear,A,61,150,Moderate
3,16,clear,B,18,120,Low
3,16,clear,C,38,130,Low
3,17,clear,A,115,150,High
3,17,clear,B,47,120,Moderate
3,17,clear,C,64,130,Moderate
3,18,clear,A,113,150,High
3,18,clear,B,39,120,Low
3,18,clear,C,70,130,Moderate
3,19,clear,A,95,150,Moderate
3,19,clear,B,43,120,Moderate
3,19,clear,C,74,130,Moderate
3,20,clear,A,131,150,High
3,20,clear,B,39,120,Low
3,20,clear,C,65,130,Moderate
3,21,clear,A,61,150,Moderate
3,21,clear,B,17,120,Low
3,21,clear,C,40,130,Low
3,22,clear,A,63,150,Moderate
3,22,clear,B,23,120,Low
3,22,clear,C,36,130,Low
3,23,clear,A,50,150,Low
3,23,clear,B,20,120,Low
3,23,clear,C,36,130,Low
4,0,clear,A,16,150,Low
4,0,clear,B,5,120,Low
4,0,clear,C,7,130,Low
4,1,clear,A,17,150,Low
4,1,clear,B,5,120,Low
4,1,clear,C,7,130,Low
4,2,clear,A,12,150,Low
4,2,clear,B,6,120,Low
4,2,clear,C,11,130,Low
4,3,clear,A,15,150,Low
4,3,clear,B,5,120,Low
4,3,clear,C,10,130,Low
4,4,clear,A,14,150,Low
4,4,clear,B,5,120,Low
4,4,clear,C,9,130,Low
4,5,clear,A,15,150,Low
4,5,clear,B,4,120,Low
4,5,clear,C,9,130,Low
4,6,clear,A,67,150,Moderate
4,6,clear,B,19,120,Low
4,6,clear,C,33,130,Low
4,7,clear,A,58,150,Moderate
4,7,clear,B,18,120,Low
4,7,clear,C,28,130,Low
4,8,clear,A,116,150,High
4,8,clear,B,33,120,Low
4,8,clear,C,63,130,Moderate
4,9,clear,A,89,150,Moderate
4,9,clear,B,42,120,Moderate
4,9,clear,C,71,130,Moderate
4,10,clear,A,95,150,Moderate
4,10,clear,B,29,120,Low
4,10,clear,C,59,130,Moderate
4,11,clear,A,107,150,High
4,11,clear,B,37,120,Low
4,11,clear,C,64,130,Moderate
4,12,clear,A,56,150,Moderate
4,12,clear,B,22,120,Low
4,12,clear,C,34,130,Low
4,13,clear,A,58,150,Moderate
4,13,clear,B,17,120,Low
4,13,clear,C,48,130,Moderate
4,14,clear,A,52,150,Low
4,14,clear,B,20,120,Low
4,14,clear,C,37,130,Low
4,15,clear,A,51,150,Low
4,15,clear,B,20,120,Low
4,15,clear,C,34,130,Low
4,16,clear,A,47,150,Low
4,16,clear,B,21,120,Low
4,16,clear,C,26,130,Low
4,17,clear,A,138,150,High
4,17,clear,B,44,120,Moderate
4,17,clear,C,76,130,Moderate
4,18,clear,A,81,150,Moderate
4,18,clear,B,35,120,Low
4,18,clear,C,84,130,Moderate
4,19,clear,A,178,150,High
4,19,clear,B,47,120,Moderate
4,19,clear,C,80,130,Moderate
4,20,clear,A,118,150,High
4,20,clear,B,34,120,Low
4,20,clear,C,80,130,Moderate
4,21,clear,A,45,150,Low
4,21,clear,B,16,120,Low
4,21,clear,C,28,130,Low
4,22,clear,A,63,150,Moderate
4,22,clear,B,19,120,Low
4,22,clear,C,35,130,Low
4,23,clear,A,54,150,Moderate
4,23,clear,B,16,120,Low
4,23,clear,C,31,130,Low
5,0,clear,A,7,150,Low
5,0,clear,B,3,120,Low
5,0,clear,C,5,130,Low
5,1,clear,A,10,150,Low
5,1,clear,B,3,120,Low
5,1,clear,C,4,130,Low
5,2,clear,A,9,150,Low
5,2,clear,B,4,120,Low
5,2,clear,C,5,130,Low
5,3,clear,A,10,150,Low
5,3,clear,B,3,120,Low
5,3,clear,C,7,130,Low
5,4,clear,A,10,150,Low
5,4,clear,B,3,120,Low
5,4,clear,C,6,130,Low
5,5,clear,A,9,150,Low
5,5,clear,B,3,120,Low
5,5,clear,C,4,130,Low
5,6,clear,A,45,150,Low
5,6,clear,B,16,120,Low
5,6,clear,C,20,130,Low
5,7,clear,A,36,150,Low
5,7,clear,B,13,120,Low
5,7,clear,C,20,130,Low
5,8,clear,A,49,150,Low
5,8,clear,B,22,120,Low
5,8,clear,C,41,130,Low
5,9,clear,A,54,150,Moderate
5,9,clear,B,25,120,Low
5,9,clear,C,51,130,Moderate
5,10,clear,A,78,150,Moderate
5,10,clear,B,24,120,Low
5,10,clear,C,31,130,Low
5,11,clear,A,76,150,Moderate
5,11,clear,B,25,120,Low
5,11,clear,C,46,130,Moderate
5,12,clear,A,49,150,Low
5,12,clear,B,12,120,Low
5,12,clear,C,13,130,Low
5,13,clear,A,32,150,Low
5,13,clear,B,15,120,Low
5,13,clear,C,24,130,Low
5,14,clear,A,31,150,Low
5,14,clear,B,11,120,Low
5,14,clear,C,23,130,Low
5,15,clear,A,31,150,Low
5,15,clear,B,15,120,Low
5,15,clear,C,22,130,Low
5,16,clear,A,34,150,Low
5,16,clear,B,12,120,Low
5,16,clear,C,25,130,Low
5,17,clear,A,77,150,Moderate
5,17,clear,B,28,120,Low
5,17,clear,C,50,130,Moderate
5,18,clear,A,76,150,Moderate
5,18,clear,B,23,120,Low
5,18,clear,C,43,130,Low
5,19,clear,A,72,150,Moderate
5,19,clear,B,36,120,Low
5,19,clear,C,39,130,Low
5,20,clear,A,72,150,Moderate
5,20,clear,B,28,120,Low
5,20,clear,C,46,130,Moderate
5,21,clear,A,44,150,Low
5,21,clear,B,13,120,Low
5,21,clear,C,23,130,Low
5,22,clear,A,43,150,Low
5,22,clear,B,17,120,Low
5,22,clear,C,29,130,Low
5,23,clear,A,37,150,Low
5,23,clear,B,13,120,Low
5,23,clear,C,24,130,Low
6,0,rain,A,10,150,Low
6,0,rain,B,4,120,Low
6,0,rain,C,7,130,Low
6,1,rain,A,11,150,Low
6,1,rain,B,3,120,Low
6,1,rain,C,7,130,Low
6,2,rain,A,8,150,Low
6,2,rain,B,3,120,Low
6,2,rain,C,6,130,Low
6,3,rain,A,12,150,Low
6,3,rain,B,5,120,Low
6,3,rain,C,7,130,Low
6,4,rain,A,14,150,Low
6,4,rain,B,4,120,Low
6,4,rain,C,8,130,Low
6,5,rain,A,14,150,Low
6,5,rain,B,3,120,Low
6,5,rain,C,6,130,Low
6,6,rain,A,50,150,Low
6,6,rain,B,16,120,Low
6,6,rain,C,30,130,Low
6,7,rain,A,44,150,Low
6,7,rain,B,15,120,Low
6,7,rain,C,36,130,Low
6,8,rain,A,69,150,Moderate
6,8,rain,B,33,120,Low
6,8,rain,C,57,130,Moderate
6,9,rain,A,63,150,Moderate
6,9,rain,B,26,120,Low
6,9,rain,C,47,130,Moderate
6,10,rain,A,90,150,Moderate
6,10,rain,B,28,120,Low
6,10,rain,C,52,130,Moderate
6,11,rain,A,64,150,Moderate
6,11,rain,B,40,120,Low
6,11,rain,C,53,130,Moderate
6,12,rain,A,49,150,Low
6,12,rain,B,15,120,Low
6,12,rain,C,26,130,Low
6,13,rain,A,59,150,Moderate
6,13,rain,B,11,120,Low
6,13,rain,C,30,130,Low
6,14,rain,A,37,150,Low
6,14,rain,B,15,120,Low
6,14,rain,C,26,130,Low
6,15,rain,A,39,150,Low
6,15,rain,B,16,120,Low
6,15,rain,C,18,130,Low
6,16,rain,A,44,150,Low
6,16,rain,B,16,120,Low
6,16,rain,C,23,130,Low
6,17,rain,A,113,150,High
6,17,rain,B,30,120,Low
6,17,rain,C,56,130,Moderate
6,18,rain,A,84,150,Moderate
6,18,rain,B,33,120,Low
6,18,rain,C,70,130,Moderate
6,19,rain,A,126,150,High
6,19,rain,B,37,120,Low
6,19,rain,C,68,130,Moderate
6,20,rain,A,116,150,High
6,20,rain,B,34,120,Low
6,20,rain,C,72,130,Moderate
6,21,rain,A,51,150,Low
6,21,rain,B,17,120,Low
6,21,rain,C,30,130,Low
6,22,rain,A,33,150,Low
6,22,rain,B,17,120,Low
6,22,rain,C,22,130,Low
6,23,rain,A,34,150,Low
6,23,rain,B,17,120,Low
6,23,rain,C,24,130,Low
0,0,clear,A,14,150,Low
0,0,clear,B,5,120,Low
0,0,clear,C,7,130,Low
0,1,clear,A,15,150,Low
0,1,clear,B,4,120,Low
0,1,clear,C,9,130,Low
0,2,clear,A,11,150,Low
0,2,clear,B,4,120,Low
0,2,clear,C,10,130,Low
0,3,clear,A,15,150,Low
0,3,clear,B,4,120,Low
0,3,clear,C,8,130,Low
0,4,clear,A,11,150,Low
0,4,clear,B,4,120,Low
0,4,clear,C,6,130,Low
0,5,clear,A,13,150,Low
0,5,clear,B,5,120,Low
0,5,clear,C,7,130,Low
0,6,clear,A,54,150,Moderate
0,6,clear,B,19,120,Low
0,6,clear,C,40,130,Low
0,7,clear,A,49,150,Low
0,7,clear,B,18,120,Low
0,7,clear,C,30,130,Low
0,8,clear,A,82,150,Moderate
0,8,clear,B,38,120,Low
0,8,clear,C,61,130,Moderate
0,9,clear,A,99,150,High
0,9,clear,B,42,120,Moderate
0,9,clear,C,75,130,Moderate
0,10,clear,A,74,150,Moderate
0,10,clear,B,39,120,Low
0,10,clear,C,65,130,Moderate
0,11,clear,A,92,150,Moderate
0,11,clear,B,37,120,Low
0,11,clear,C,46,130,Moderate
0,12,clear,A,67,150,Moderate
0,12,clear,B,21,120,Low
0,12,clear,C,30,130,Low
0,13,clear,A,50,150,Low
0,13,clear,B,14,120,Low
0,13,clear,C,33,130,Low
0,14,clear,A,51,150,Low
0,14,clear,B,16,120,Low
0,14,clear,C,39,130,Low
0,15,clear,A,65,150,Moderate
0,15,clear,B,19,120,Low
0,15,clear,C,33,130,Low
0,16,clear,A,58,150,Moderate
0,16,clear,B,19,120,Low
0,16,clear,C,29,130,Low
0,17,clear,A,99,150,High
0,17,clear,B,38,120,Low
0,17,clear,C,72,130,Moderate
0,18,clear,A,110,150,High
0,18,clear,B,41,120,Low
0,18,clear,C,53,130,Moderate
0,19,clear,A,120,150,High
0,19,clear,B,40,120,Low
0,19,clear,C,96,130,High
0,20,clear,A,103,150,High
0,20,clear,B,41,120,Low
0,20,clear,C,99,130,High
0,21,clear,A,56,150,Moderate
0,21,clear,B,19,120,Low
0,21,clear,C,29,130,Low
0,22,clear,A,67,150,Moderate
0,22,clear,B,16,120,Low
0,22,clear,C,37,130,Low
0,23,clear,A,51,150,Low
0,23,clear,B,19,120,Low
0,23,clear,C,27,130,Low
1,0,clear,A,13,150,Low
1,0,clear,B,4,120,Low
1,0,clear,C,10,130,Low
1,1,clear,A,12,150,Low
1,1,clear,B,5,120,Low
1,1,clear,C,9,130,Low
1,2,clear,A,14,150,Low
1,2,clear,B,3,120,Low
1,2,clear,C,9,130,Low
1,3,clear,A,13,150,Low
1,3,clear,B,4,120,Low
1,3,clear,C,8,130,Low
1,4,clear,A,10,150,Low
1,4,clear,B,5,120,Low
1,4,clear,C,6,130,Low
1,5,clear,A,13,150,Low
1,5,clear,B,5,120,Low
1,5,clear,C,10,130,Low
1,6,clear,A,48,150,Low
1,6,clear,B,24,120,Low
1,6,clear,C,39,130,Low
1,7,clear,A,51,150,Low
1,7,clear,B,16,120,Low
1,7,clear,C,27,130,Low
1,8,clear,A,103,150,High
1,8,clear,B,32,120,Low
1,8,clear,C,74,130,Moderate
1,9,clear,A,88,150,Moderate
1,9,clear,B,31,120,Low
1,9,clear,C,65,130,Moderate
1,10,clear,A,88,150,Moderate
1,10,clear,B,36,120,Low
1,10,clear,C,72,130,Moderate
1,11,clear,A,100,150,High
1,11,clear,B,36,120,Low
1,11,clear,C,64,130,Moderate
1,12,clear,A,41,150,Low
1,12,clear,B,21,120,Low
1,12,clear,C,35,130,Low
1,13,clear,A,62,150,Moderate
1,13,clear,B,21,120,Low
1,13,clear,C,33,130,Low
1,14,clear,A,63,150,Moderate
1,14,clear,B,19,120,Low
1,14,clear,C,36,130,Low
1,15,clear,A,52,150,Low
1,15,clear,B,21,120,Low
1,15,clear,C,33,130,Low
1,16,clear,A,68,150,Moderate
1,16,clear,B,26,120,Low
1,16,clear,C,39,130,Low
1,17,clear,A,135,150,High
1,17,clear,B,30,120,Low
1,17,clear,C,55,130,Moderate
1,18,clear,A,104,150,High
1,18,clear,B,40,120,Low
1,18,clear,C,67,130,Moderate
1,19,clear,A,82,150,Moderate
1,19,clear,B,46,120,Moderate
1,19,clear,C,92,130,High
1,20,clear,A,131,150,High
1,20,clear,B,46,120,Moderate
1,20,clear,C,72,130,Moderate
1,21,clear,A,48,150,Low
1,21,clear,B,20,120,Low
1,21,clear,C,46,130,Moderate
1,22,clear,A,52,150,Low
1,22,clear,B,18,120,Low
1,22,clear,C,40,130,Low
1,23,clear,A,64,150,Moderate
1,23,clear,B,17,120,Low
1,23,clear,C,33,130,Low
2,0,clear,A,13,150,Low
2,0,clear,B,5,120,Low
2,0,clear,C,7,130,Low
2,1,clear,A,15,150,Low
2,1,clear,B,5,120,Low
2,1,clear,C,11,130,Low
2,2,clear,A,14,150,Low
2,2,clear,B,4,120,Low
2,2,clear,C,9,130,Low
2,3,clear,A,13,150,Low
2,3,clear,B,3,120,Low
2,3,clear,C,8,130,Low
2,4,clear,A,13,150,Low
2,4,clear,B,3,120,Low
2,4,clear,C,8,130,Low
2,5,clear,A,9,150,Low
2,5,clear,B,4,120,Low
2,5,clear,C,9,130,Low
2,6,clear,A,55,150,Moderate
2,6,clear,B,18,120,Low
2,6,clear,C,34,130,Low
2,7,clear,A,48,150,Low
2,7,clear,B,20,120,Low
2,7,clear,C,35,130,Low
2,8,clear,A,85,150,Moderate
2,8,clear,B,37,120,Low
2,8,clear,C,65,130,Moderate
2,9,clear,A,96,150,Moderate
2,9,clear,B,49,120,Moderate
2,9,clear,C,61,130,Moderate
2,10,clear,A,94,150,Moderate
2,10,clear,B,33,120,Low
2,10,clear,C,53,130,Moderate
2,11,clear,A,109,150,High
2,11,clear,B,32,120,Low
2,11,clear,C,57,130,Moderate
2,12,clear,A,50,150,Low
2,12,clear,B,17,120,Low
2,12,clear,C,25,130,Low
2,13,clear,A,51,150,Low
2,13,clear,B,22,120,Low
2,13,clear,C,36,130,Low
2,14,clear,A,67,150,Moderate
2,14,clear,B,22,120,Low
2,14,clear,C,37,130,Low
2,15,clear,A,70,150,Moderate
2,15,clear,B,19,120,Low
2,15,clear,C,35,130,Low
2,16,clear,A,54,150,Moderate
2,16,clear,B,24,120,Low
2,16,clear,C,35,130,Low
2,17,clear,A,99,150,High
2,17,clear,B,43,120,Moderate
2,17,clear,C,61,130,Moderate
2,18,clear,A,118,150,High
2,18,clear,B,42,120,Moderate
2,18,clear,C,68,130,Moderate
2,19,clear,A,119,150,High
2,19,clear,B,31,120,Low
2,19,clear,C,71,130,Moderate
2,20,clear,A,102,150,High
2,20,clear,B,57,120,Moderate
2,20,clear,C,71,130,Moderate
2,21,clear,A,50,150,Low
2,21,clear,B,15,120,Low
2,21,clear,C,41,130,Low
2,22,clear,A,52,150,Low
2,22,clear,B,17,120,Low
2,22,clear,C,36,130,Low
2,23,clear,A,60,150,Moderate
2,23,clear,B,21,120,Low
2,23,clear,C,35,130,Low
3,0,rain,A,17,150,Low
3,0,rain,B,6,120,Low
3,0,rain,C,11,130,Low
3,1,rain,A,19,150,Low
3,1,rain,B,6,120,Low
3,1,rain,C,9,130,Low
3,2,rain,A,16,150,Low
3,2,rain,B,6,120,Low
3,2,rain,C,7,130,Low
3,3,rain,A,12,150,Low
3,3,rain,B,6,120,Low
3,3,rain,C,12,130,Low
3,4,rain,A,13,150,Low
3,4,rain,B,6,120,Low
3,4,rain,C,9,130,Low
3,5,rain,A,15,150,Low
3,5,rain,B,6,120,Low
3,5,rain,C,8,130,Low
3,6,rain,A,55,150,Moderate
3,6,rain,B,22,120,Low
3,6,rain,C,41,130,Low
3,7,rain,A,54,150,Moderate
3,7,rain,B,26,120,Low
3,7,rain,C,39,130,Low
3,8,rain,A,111,150,High
3,8,rain,B,45,120,Moderate
3,8,rain,C,74,130,Moderate
3,9,rain,A,133,150,High
3,9,rain,B,37,120,Low
3,9,rain,C,59,130,Moderate
3,10,rain,A,113,150,High
3,10,rain,B,43,120,Moderate
3,10,rain,C,61,130,Moderate
3,11,rain,A,94,150,Moderate
3,11,rain,B,44,120,Moderate
3,11,rain,C,67,130,Moderate
3,12,rain,A,51,150,Low
3,12,rain,B,27,120,Low
3,12,rain,C,38,130,Low
3,13,rain,A,77,150,Moderate
3,13,rain,B,24,120,Low
3,13,rain,C,43,130,Low
3,14,rain,A,63,150,Moderate
3,14,rain,B,14,120,Low
3,14,rain,C,34,130,Low
3,15,rain,A,64,150,Moderate
3,15,rain,B,25,120,Low
3,15,rain,C,30,130,Low
3,16,rain,A,65,150,Moderate
3,16,rain,B,19,120,Low
3,16,rain,C,43,130,Low
3,17,rain,A,131,150,High
3,17,rain,B,53,120,Moderate
3,17,rain,C,97,130,High
3,18,rain,A,141,150,High
3,18,rain,B,54,120,Moderate
3,18,rain,C,79,130,Moderate
3,19,rain,A,180,150,High
3,19,rain,B,39,120,Low
3,19,rain,C,77,130,Moderate
3,20,rain,A,149,150,High
3,20,rain,B,53,120,Moderate
3,20,rain,C,90,130,High
3,21,rain,A,72,150,Moderate
3,21,rain,B,16,120,Low
3,21,rain,C,52,130,Moderate
3,22,rain,A,63,150,Moderate
3,22,rain,B,28,120,Low
3,22,rain,C,29,130,Low
3,23,rain,A,68,150,Moderate
3,23,rain,B,21,120,Low
3,23,rain,C,45,130,Low
4,0,clear,A,14,150,Low
4,0,clear,B,4,120,Low
4,0,clear,C,8,130,Low
4,1,clear,A,13,150,Low
4,1,clear,B,5,120,Low
4,1,clear,C,10,130,Low
4,2,clear,A,14,150,Low
4,2,clear,B,4,120,Low
4,2,clear,C,8,130,Low
4,3,clear,A,19,150,Low
4,3,clear,B,6,120,Low
4,3,clear,C,4,130,Low
4,4,clear,A,13,150,Low
4,4,clear,B,5,120,Low
4,4,clear,C,8,130,Low
4,5,clear,A,12,150,Low
4,5,clear,B,4,120,Low
4,5,clear,C,9,130,Low
4,6,clear,A,45,150,Low
4,6,clear,B,23,120,Low
4,6,clear,C,34,130,Low
4,7,clear,A,47,150,Low
4,7,clear,B,23,120,Low
4,7,clear,C,26,130,Low
4,8,clear,A,90,150,Moderate
4,8,clear,B,32,120,Low
4,8,clear,C,83,130,Moderate
4,9,clear,A,88,150,Moderate
4,9,clear,B,24,120,Low
4,9,clear,C,57,130,Moderate
4,10,clear,A,105,150,High
4,10,clear,B,40,120,Low
4,10,clear,C,84,130,Moderate
4,11,clear,A,119,150,High
4,11,clear,B,37,120,Low
4,11,clear,C,54,130,Moderate
4,12,clear,A,68,150,Moderate
4,12,clear,B,18,120,Low
4,12,clear,C,31,130,Low
4,13,clear,A,51,150,Low
4,13,clear,B,16,120,Low
4,13,clear,C,32,130,Low
4,14,clear,A,53,150,Moderate
4,14,clear,B,22,120,Low
4,14,clear,C,32,130,Low
4,15,clear,A,44,150,Low
4,15,clear,B,15,120,Low
4,15,clear,C,36,130,Low
4,16,clear,A,55,150,Moderate
4,16,clear,B,18,120,Low
4,16,clear,C,32,130,Low
4,17,clear,A,116,150,High
4,17,clear,B,48,120,Moderate
4,17,clear,C,61,130,Moderate
4,18,clear,A,111,150,High
4,18,clear,B,45,120,Moderate
4,18,clear,C,61,130,Moderate
4,19,clear,A,109,150,High
4,19,clear,B,39,120,Low
4,19,clear,C,56,130,Moderate
4,20,clear,A,112,150,High
4,20,clear,B,40,120,Low
4,20,clear,C,75,130,Moderate
4,21,clear,A,45,150,Low
4,21,clear,B,20,120,Low
4,21,clear,C,42,130,Low
4,22,clear,A,72,150,Moderate
4,22,clear,B,23,120,Low
4,22,clear,C,28,130,Low
4,23,clear,A,58,150,Moderate
4,23,clear,B,18,120,Low
4,23,clear,C,36,130,Low
5,0,fog,A,7,150,Low
5,0,fog,B,3,120,Low
5,0,fog,C,7,130,Low
5,1,fog,A,11,150,Low
5,1,fog,B,4,120,Low
5,1,fog,C,6,130,Low
5,2,fog,A,11,150,Low
5,2,fog,B,4,120,Low
5,2,fog,C,6,130,Low
5,3,fog,A,10,150,Low
5,3,fog,B,4,120,Low
5,3,fog,C,6,130,Low
5,4,fog,A,10,150,Low
5,4,fog,B,3,120,Low
5,4,fog,C,6,130,Low
5,5,fog,A,9,150,Low
5,5,fog,B,3,120,Low
5,5,fog,C,6,130,Low
5,6,fog,A,41,150,Low
5,6,fog,B,13,120,Low
5,6,fog,C,27,130,Low
5,7,fog,A,46,150,Low
5,7,fog,B,14,120,Low
5,7,fog,C,18,130,Low
5,8,fog,A,82,150,Moderate
5,8,fog,B,28,120,Low
5,8,fog,C,41,130,Low
5,9,fog,A,85,150,Moderate
5,9,fog,B,21,120,Low
5,9,fog,C,56,130,Moderate
5,10,fog,A,75,150,Moderate
5,10,fog,B,18,120,Low
5,10,fog,C,49,130,Moderate
5,11,fog,A,71,150,Moderate
5,11,fog,B,25,120,Low
5,11,fog,C,43,130,Low
5,12,fog,A,41,150,Low
5,12,fog,B,14,120,Low
5,12,fog,C,19,130,Low
5,13,fog,A,50,150,Low
5,13,fog,B,14,120,Low
5,13,fog,C,23,130,Low
5,14,fog,A,35,150,Low
5,14,fog,B,17,120,Low
5,14,fog,C,21,130,Low
5,15,fog,A,43,150,Low
5,15,fog,B,14,120,Low
5,15,fog,C,24,130,Low
5,16,fog,A,35,150,Low
5,16,fog,B,13,120,Low
5,16,fog,C,26,130,Low
5,17,fog,A,87,150,Moderate
5,17,fog,B,27,120,Low
5,17,fog,C,53,130,Moderate
5,18,fog,A,95,150,Moderate
5,18,fog,B,23,120,Low
5,18,fog,C,53,130,Moderate
5,19,fog,A,72,150,Moderate
5,19,fog,B,25,120,Low
5,19,fog,C,56,130,Moderate
5,20,fog,A,77,150,Moderate
5,20,fog,B,25,120,Low
5,20,fog,C,64,130,Moderate
5,21,fog,A,48,150,Low
5,21,fog,B,10,120,Low
5,21,fog,C,20,130,Low
5,22,fog,A,46,150,Low
5,22,fog,B,14,120,Low
5,22,fog,C,33,130,Low
5,23,fog,A,46,150,Low
5,23,fog,B,16,120,Low
5,23,fog,C,22,130,Low
6,0,fog,A,8,150,Low
6,0,fog,B,4,120,Low
6,0,fog,C,7,130,Low
6,1,fog,A,9,150,Low
6,1,fog,B,4,120,Low
6,1,fog,C,9,130,Low
6,2,fog,A,10,150,Low
6,2,fog,B,4,120,Low
6,2,fog,C,6,130,Low
6,3,fog,A,10,150,Low
6,3,fog,B,2,120,Low
6,3,fog,C,6,130,Low
6,4,fog,A,10,150,Low
6,4,fog,B,4,120,Low
6,4,fog,C,4,130,Low
6,5,fog,A,10,150,Low
6,5,fog,B,4,120,Low
6,5,fog,C,6,130,Low
6,6,fog,A,41,150,Low
6,6,fog,B,13,120,Low
6,6,fog,C,23,130,Low
6,7,fog,A,30,150,Low
6,7,fog,B,13,120,Low
6,7,fog,C,22,130,Low
6,8,fog,A,77,150,Moderate
6,8,fog,B,24,120,Low
6,8,fog,C,45,130,Low
6,9,fog,A,71,150,Moderate
6,9,fog,B,27,120,Low
6,9,fog,C,44,130,Low
6,10,fog,A,64,150,Moderate
6,10,fog,B,28,120,Low
6,10,fog,C,56,130,Moderate
6,11,fog,A,77,150,Moderate
6,11,fog,B,25,120,Low
6,11,fog,C,47,130,Moderate
6,12,fog,A,29,150,Low
6,12,fog,B,15,120,Low
6,12,fog,C,25,130,Low
6,13,fog,A,36,150,Low
6,13,fog,B,13,120,Low
6,13,fog,C,25,130,Low
6,14,fog,A,48,150,Low
6,14,fog,B,17,120,Low
6,14,fog,C,23,130,Low
6,15,fog,A,39,150,Low
6,15,fog,B,14,120,Low
6,15,fog,C,30,130,Low
6,16,fog,A,43,150,Low
6,16,fog,B,15,120,Low
6,16,fog,C,29,130,Low
6,17,fog,A,77,150,Moderate
6,17,fog,B,37,120,Low
6,17,fog,C,53,130,Moderate
6,18,fog,A,73,150,Moderate
6,18,fog,B,29,120,Low
6,18,fog,C,63,130,Moderate
6,19,fog,A,79,150,Moderate
6,19,fog,B,35,120,Low
6,19,fog,C,48,130,Moderate
6,20,fog,A,74,150,Moderate
6,20,fog,B,33,120,Low
6,20,fog,C,46,130,Moderate
6,21,fog,A,47,150,Low
6,21,fog,B,16,120,Low
6,21,fog,C,23,130,Low
6,22,fog,A,41,150,Low
6,22,fog,B,14,120,Low
6,22,fog,C,28,130,Low
6,23,fog,A,54,150,Moderate
6,23,fog,B,14,120,Low
6,23,fog,C,29,130,Low
0,0,clear,A,13,150,Low
0,0,clear,B,4,120,Low
0,0,clear,C,7,130,Low
0,1,clear,A,14,150,Low
0,1,clear,B,4,120,Low
0,1,clear,C,7,130,Low
0,2,clear,A,15,150,Low
0,2,clear,B,5,120,Low
0,2,clear,C,8,130,Low
0,3,clear,A,16,150,Low
0,3,clear,B,3,120,Low
0,3,clear,C,10,130,Low
0,4,clear,A,11,150,Low
0,4,clear,B,5,120,Low
0,4,clear,C,7,130,Low
0,5,clear,A,11,150,Low
0,5,clear,B,5,120,Low
0,5,clear,C,11,130,Low
0,6,clear,A,53,150,Moderate
0,6,clear,B,21,120,Low
0,6,clear,C,35,130,Low
0,7,clear,A,69,150,Moderate
0,7,clear,B,13,120,Low
0,7,clear,C,36,130,Low
0,8,clear,A,88,150,Moderate
0,8,clear,B,23,120,Low
0,8,clear,C,59,130,Moderate
0,9,clear,A,126,150,High
0,9,clear,B,32,120,Low
0,9,clear,C,70,130,Moderate
0,10,clear,A,116,150,High
0,10,clear,B,35,120,Low
0,10,clear,C,64,130,Moderate
0,11,clear,A,73,150,Moderate
0,11,clear,B,32,120,Low
0,11,clear,C,71,130,Moderate
0,12,clear,A,55,150,Moderate
0,12,clear,B,21,120,Low
0,12,clear,C,35,130,Low
0,13,clear,A,73,150,Moderate
0,13,clear,B,18,120,Low
0,13,clear,C,43,130,Low
0,14,clear,A,56,150,Moderate
0,14,clear,B,25,120,Low
0,14,clear,C,28,130,Low
0,15,clear,A,56,150,Moderate
0,15,clear,B,18,120,Low
0,15,clear,C,35,130,Low
0,16,clear,A,65,150,Moderate
0,16,clear,B,21,120,Low
0,16,clear,C,41,130,Low
0,17,clear,A,98,150,High
0,17,clear,B,35,120,Low
0,17,clear,C,70,130,Moderate
0,18,clear,A,109,150,High
0,18,clear,B,38,120,Low
0,18,clear,C,59,130,Moderate
0,19,clear,A,129,150,High
0,19,clear,B,37,120,Low
0,19,clear,C,84,130,Moderate
0,20,clear,A,110,150,High
0,20,clear,B,43,120,Moderate
0,20,clear,C,75,130,Moderate
0,21,clear,A,48,150,Low
0,21,clear,B,21,120,Low
0,21,clear,C,45,130,Low
0,22,clear,A,57,150,Moderate
0,22,clear,B,22,120,Low
0,22,clear,C,38,130,Low
0,23,clear,A,57,150,Moderate
0,23,clear,B,20,120,Low
0,23,clear,C,37,130,Low
1,0,fog,A,12,150,Low
1,0,fog,B,5,120,Low
1,0,fog,C,9,130,Low
1,1,fog,A,14,150,Low
1,1,fog,B,6,120,Low
1,1,fog,C,8,130,Low
1,2,fog,A,11,150,Low
1,2,fog,B,6,120,Low
1,2,fog,C,7,130,Low
1,3,fog,A,10,150,Low
1,3,fog,B,6,120,Low
1,3,fog,C,9,130,Low
1,4,fog,A,16,150,Low
1,4,fog,B,5,120,Low
1,4,fog,C,7,130,Low
1,5,fog,A,12,150,Low
1,5,fog,B,5,120,Low
1,5,fog,C,7,130,Low
1,6,fog,A,63,150,Moderate
1,6,fog,B,20,120,Low
1,6,fog,C,39,130,Low
1,7,fog,A,61,150,Moderate
1,7,fog,B,23,120,Low
1,7,fog,C,41,130,Low
1,8,fog,A,103,150,High
1,8,fog,B,40,120,Low
1,8,fog,C,71,130,Moderate
1,9,fog,A,69,150,Moderate
1,9,fog,B,43,120,Moderate
1,9,fog,C,70,130,Moderate
1,10,fog,A,118,150,High
1,10,fog,B,31,120,Low
1,10,fog,C,66,130,Moderate
1,11,fog,A,91,150,Moderate
1,11,fog,B,44,120,Moderate
1,11,fog,C,54,130,Moderate
1,12,fog,A,52,150,Low
1,12,fog,B,23,120,Low
1,12,fog,C,34,130,Low
1,13,fog,A,52,150,Low
1,13,fog,B,24,120,Low
1,13,fog,C,43,130,Low
1,14,fog,A,67,150,Moderate
1,14,fog,B,24,120,Low
1,14,fog,C,37,130,Low
1,15,fog,A,58,150,Moderate
1,15,fog,B,19,120,Low
1,15,fog,C,39,130,Low
1,16,fog,A,55,150,Moderate
1,16,fog,B,20,120,Low
1,16,fog,C,41,130,Low
1,17,fog,A,142,150,High
1,17,fog,B,46,120,Moderate
1,17,fog,C,97,130,High
1,18,fog,A,108,150,High
1,18,fog,B,31,120,Low
1,18,fog,C,85,130,High
1,19,fog,A,106,150,High
1,19,fog,B,42,120,Moderate
1,19,fog,C,56,130,Moderate
1,20,fog,A,104,150,High
1,20,fog,B,34,120,Low
1,20,fog,C,71,130,Moderate
1,21,fog,A,56,150,Moderate
1,21,fog,B,22,120,Low
1,21,fog,C,45,130,Low
1,22,fog,A,66,150,Moderate
1,22,fog,B,16,120,Low
1,22,fog,C,42,130,Low
1,23,fog,A,61,150,Moderate
1,23,fog,B,21,120,Low
1,23,fog,C,38,130,Low
2,0,rain,A,14,150,Low
2,0,rain,B,5,120,Low
2,0,rain,C,12,130,Low
2,1,rain,A,14,150,Low
2,1,rain,B,5,120,Low
2,1,rain,C,10,130,Low
2,2,rain,A,13,150,Low
2,2,rain,B,4,120,Low
2,2,rain,C,9,130,Low
2,3,rain,A,20,150,Low
2,3,rain,B,5,120,Low
2,3,rain,C,10,130,Low
2,4,rain,A,11,150,Low
2,4,rain,B,6,120,Low
2,4,rain,C,10,130,Low
2,5,rain,A,14,150,Low
2,5,rain,B,6,120,Low
2,5,rain,C,10,130,Low
2,6,rain,A,55,150,Moderate
2,6,rain,B,25,120,Low
2,6,rain,C,49,130,Moderate
2,7,rain,A,63,150,Moderate
2,7,rain,B,20,120,Low
2,7,rain,C,40,130,Low
2,8,rain,A,134,150,High
2,8,rain,B,35,120,Low
2,8,rain,C,82,130,Moderate
2,9,rain,A,106,150,High
2,9,rain,B,44,120,Moderate
2,9,rain,C,69,130,Moderate
2,10,rain,A,108,150,High
2,10,rain,B,53,120,Moderate
2,10,rain,C,59,130,Moderate
2,11,rain,A,127,150,High
2,11,rain,B,54,120,Moderate
2,11,rain,C,83,130,Moderate
2,12,rain,A,52,150,Low
2,12,rain,B,19,120,Low
2,12,rain,C,37,130,Low
2,13,rain,A,67,150,Moderate
2,13,rain,B,24,120,Low
2,13,rain,C,33,130,Low
2,14,rain,A,57,150,Moderate
2,14,rain,B,21,120,Low
2,14,rain,C,40,130,Low
2,15,rain,A,85,150,Moderate
2,15,rain,B,20,120,Low
2,15,rain,C,35,130,Low
2,16,rain,A,54,150,Moderate
2,16,rain,B,26,120,Low
2,16,rain,C,41,130,Low
2,17,rain,A,114,150,High
2,17,rain,B,45,120,Moderate
2,17,rain,C,74,130,Moderate
2,18,rain,A,137,150,High
2,18,rain,B,67,120,Moderate
2,18,rain,C,90,130,High
2,19,rain,A,130,150,High
2,19,rain,B,43,120,Moderate
2,19,rain,C,67,130,Moderate
2,20,rain,A,146,150,High
2,20,rain,B,52,120,Moderate
2,20,rain,C,78,130,Moderate
2,21,rain,A,78,150,Moderate
2,21,rain,B,24,120,Low
2,21,rain,C,46,130,Moderate
2,22,rain,A,68,150,Moderate
2,22,rain,B,23,120,Low
2,22,rain,C,35,130,Low
2,23,rain,A,64,150,Moderate
2,23,rain,B,27,120,Low
2,23,rain,C,38,130,Low
3,0,clear,A,11,150,Low
3,0,clear,B,5,120,Low
3,0,clear,C,9,130,Low
3,1,clear,A,11,150,Low
3,1,clear,B,4,120,Low
3,1,clear,C,9,130,Low
3,2,clear,A,11,150,Low
3,2,clear,B,4,120,Low
3,2,clear,C,8,130,Low
3,3,clear,A,18,150,Low
3,3,clear,B,4,120,Low
3,3,clear,C,9,130,Low
3,4,clear,A,14,150,Low
3,4,clear,B,4,120,Low
3,4,clear,C,8,130,Low
3,5,clear,A,12,150,Low
3,5,clear,B,4,120,Low
3,5,clear,C,6,130,Low
3,6,clear,A,54,150,Moderate
3,6,clear,B,22,120,Low
3,6,clear,C,35,130,Low
3,7,clear,A,63,150,Moderate
3,7,clear,B,21,120,Low
3,7,clear,C,34,130,Low
3,8,clear,A,89,150,Moderate
3,8,clear,B,33,120,Low
3,8,clear,C,49,130,Moderate
3,9,clear,A,95,150,Moderate
3,9,clear,B,36,120,Low
3,9,clear,C,79,130,Moderate
3,10,clear,A,106,150,High
3,10,clear,B,31,120,Low
3,10,clear,C,49,130,Moderate
3,11,clear,A,95,150,Moderate
3,11,clear,B,40,120,Low
3,11,clear,C,60,130,Moderate
3,12,clear,A,59,150,Moderate
3,12,clear,B,19,120,Low
3,12,clear,C,38,130,Low
3,13,clear,A,41,150,Low
3,13,clear,B,24,120,Low
3,13,clear,C,29,130,Low
3,14,clear,A,61,150,Moderate
3,14,clear,B,19,120,Low
3,14,clear,C,34,130,Low
3,15,clear,A,53,150,Moderate
3,15,clear,B,20,120,Low
3,15,clear,C,37,130,Low
3,16,clear,A,63,150,Moderate
3,16,clear,B,24,120,Low
3,16,clear,C,36,130,Low
3,17,clear,A,138,150,High
3,17,clear,B,40,120,Low
3,17,clear,C,81,130,Moderate
3,18,clear,A,117,150,High
3,18,clear,B,36,120,Low
3,18,clear,C,71,130,Moderate
3,19,clear,A,118,150,High
3,19,clear,B,39,120,Low
3,19,clear,C,74,130,Moderate
3,20,clear,A,124,150,High
3,20,clear,B,39,120,Low
3,20,clear,C,39,130,Low
3,21,clear,A,68,150,Moderate
3,21,clear,B,19,120,Low
3,21,clear,C,30,130,Low
3,22,clear,A,45,150,Low
3,22,clear,B,18,120,Low
3,22,clear,C,32,130,Low
3,23,clear,A,48,150,Low
3,23,clear,B,17,120,Low
3,23,clear,C,37,130,Low
4,0,clear,A,15,150,Low
4,0,clear,B,5,120,Low
4,0,clear,C,8,130,Low
4,1,clear,A,13,150,Low
4,1,clear,B,5,120,Low
4,1,clear,C,7,130,Low
4,2,clear,A,12,150,Low
4,2,clear,B,5,120,Low
4,2,clear,C,10,130,Low
4,3,clear,A,13,150,Low
4,3,clear,B,4,120,Low
4,3,clear,C,8,130,Low
4,4,clear,A,10,150,Low
4,4,clear,B,5,120,Low
4,4,clear,C,9,130,Low
4,5,clear,A,13,150,Low
4,5,clear,B,5,120,Low
4,5,clear,C,9,130,Low
4,6,clear,A,57,150,Moderate
4,6,clear,B,16,120,Low
4,6,clear,C,33,130,Low
4,7,clear,A,58,150,Moderate
4,7,clear,B,24,120,Low
4,7,clear,C,33,130,Low
4,8,clear,A,107,150,High
4,8,clear,B,40,120,Low
4,8,clear,C,61,130,Moderate
4,9,clear,A,116,150,High
4,9,clear,B,42,120,Moderate
4,9,clear,C,76,130,Moderate
4,10,clear,A,105,150,High
4,10,clear,B,48,120,Moderate
4,10,clear,C,57,130,Moderate
4,11,clear,A,130,150,High
4,11,clear,B,40,120,Low
4,11,clear,C,75,130,Moderate
4,12,clear,A,52,150,Low
4,12,clear,B,22,120,Low
4,12,clear,C,42,130,Low
4,13,clear,A,46,150,Low
4,13,clear,B,19,120,Low
4,13,clear,C,23,130,Low
4,14,clear,A,53,150,Moderate
4,14,clear,B,17,120,Low
4,14,clear,C,33,130,Low
4,15,clear,A,79,150,Moderate
4,15,clear,B,25,120,Low
4,15,clear,C,27,130,Low
4,16,clear,A,59,150,Moderate
4,16,clear,B,22,120,Low
4,16,clear,C,33,130,Low
4,17,clear,A,112,150,High
4,17,clear,B,41,120,Low
4,17,clear,C,55,130,Moderate
4,18,clear,A,92,150,Moderate
4,18,clear,B,41,120,Low
4,18,clear,C,71,130,Moderate
4,19,clear,A,98,150,High
4,19,clear,B,35,120,Low
4,19,clear,C,69,130,Moderate
4,20,clear,A,124,150,High
4,20,clear,B,39,120,Low
4,20,clear,C,87,130,High
4,21,clear,A,49,150,Low
4,21,clear,B,20,120,Low
4,21,clear,C,33,130,Low
4,22,clear,A,59,150,Moderate
4,22,clear,B,17,120,Low
4,22,clear,C,45,130,Low
4,23,clear,A,41,150,Low
4,23,clear,B,25,120,Low
4,23,clear,C,35,130,Low
5,0,clear,A,11,150,Low
5,0,clear,B,3,120,Low
5,0,clear,C,5,130,Low
5,1,clear,A,10,150,Low
5,1,clear,B,4,120,Low
5,1,clear,C,5,130,Low
5,2,clear,A,12,150,Low
5,2,clear,B,3,120,Low
5,2,clear,C,5,130,Low
5,3,clear,A,8,150,Low
5,3,clear,B,3,120,Low
5,3,clear,C,4,130,Low
5,4,clear,A,9,150,Low
5,4,clear,B,3,120,Low
5,4,clear,C,5,130,Low
5,5,clear,A,10,150,Low
5,5,clear,B,3,120,Low
5,5,clear,C,5,130,Low
5,6,clear,A,36,150,Low
5,6,clear,B,14,120,Low
5,6,clear,C,24,130,Low
5,7,clear,A,34,150,Low
5,7,clear,B,14,120,Low
5,7,clear,C,24,130,Low
5,8,clear,A,57,150,Moderate
5,8,clear,B,24,120,Low
5,8,clear,C,47,130,Moderate
5,9,clear,A,75,150,Moderate
5,9,clear,B,24,120,Low
5,9,clear,C,48,130,Moderate
5,10,clear,A,59,150,Moderate
5,10,clear,B,21,120,Low
5,10,clear,C,42,130,Low
5,11,clear,A,84,150,Moderate
5,11,clear,B,25,120,Low
5,11,clear,C,42,130,Low
5,12,clear,A,47,150,Low
5,12,clear,B,13,120,Low
5,12,clear,C,32,130,Low
5,13,clear,A,35,150,Low
5,13,clear,B,11,120,Low
5,13,clear,C,23,130,Low
5,14,clear,A,37,150,Low
5,14,clear,B,12,120,Low
5,14,clear,C,34,130,Low
5,15,clear,A,40,150,Low
5,15,clear,B,14,120,Low
5,15,clear,C,22,130,Low
5,16,clear,A,35,150,Low
5,16,clear,B,16,120,Low
5,16,clear,C,18,130,Low
5,17,clear,A,63,150,Moderate
5,17,clear,B,26,120,Low
5,17,clear,C,58,130,Moderate
5,18,clear,A,72,150,Moderate
5,18,clear,B,29,120,Low
5,18,clear,C,49,130,Moderate
5,19,clear,A,91,150,Moderate
5,19,clear,B,21,120,Low
5,19,clear,C,54,130,Moderate
5,20,clear,A,74,150,Moderate
5,20,clear,B,31,120,Low
5,20,clear,C,42,130,Low
5,21,clear,A,38,150,Low
5,21,clear,B,13,120,Low
5,21,clear,C,20,130,Low
5,22,clear,A,31,150,Low
5,22,clear,B,12,120,Low
5,22,clear,C,24,130,Low
5,23,clear,A,34,150,Low
5,23,clear,B,13,120,Low
5,23,clear,C,17,130,Low
6,0,clear,A,11,150,Low
6,0,clear,B,3,120,Low
6,0,clear,C,6,130,Low
6,1,clear,A,9,150,Low
6,1,clear,B,3,120,Low
6,1,clear,C,7,130,Low
6,2,clear,A,12,150,Low
6,2,clear,B,3,120,Low
6,2,clear,C,8,130,Low
6,3,clear,A,8,150,Low
6,3,clear,B,2,120,Low
6,3,clear,C,5,130,Low
6,4,clear,A,9,150,Low
6,4,clear,B,4,120,Low
6,4,clear,C,5,130,Low
6,5,clear,A,8,150,Low
6,5,clear,B,3,120,Low
6,5,clear,C,7,130,Low
6,6,clear,A,44,150,Low
6,6,clear,B,12,120,Low
6,6,clear,C,17,130,Low
6,7,clear,A,31,150,Low
6,7,clear,B,17,120,Low
6,7,clear,C,27,130,Low
6,8,clear,A,69,150,Moderate
6,8,clear,B,32,120,Low
6,8,clear,C,57,130,Moderate
6,9,clear,A,68,150,Moderate
6,9,clear,B,25,120,Low
6,9,clear,C,40,130,Low
6,10,clear,A,66,150,Moderate
6,10,clear,B,19,120,Low
6,10,clear,C,34,130,Low
6,11,clear,A,51,150,Low
6,11,clear,B,29,120,Low
6,11,clear,C,33,130,Low
6,12,clear,A,49,150,Low
6,12,clear,B,12,120,Low
6,12,clear,C,30,130,Low
6,13,clear,A,36,150,Low
6,13,clear,B,10,120,Low
6,13,clear,C,29,130,Low
6,14,clear,A,46,150,Low
6,14,clear,B,12,120,Low
6,14,clear,C,23,130,Low
6,15,clear,A,33,150,Low
6,15,clear,B,13,120,Low
6,15,clear,C,24,130,Low
6,16,clear,A,36,150,Low
6,16,clear,B,10,120,Low
6,16,clear,C,22,130,Low
6,17,clear,A,85,150,Moderate
6,17,clear,B,27,120,Low
6,17,clear,C,46,130,Moderate
6,18,clear,A,66,150,Moderate
6,18,clear,B,25,120,Low
6,18,clear,C,59,130,Moderate
6,19,clear,A,63,150,Moderate
6,19,clear,B,31,120,Low
6,19,clear,C,49,130,Moderate
6,20,clear,A,79,150,Moderate
6,20,clear,B,24,120,Low
6,20,clear,C,46,130,Moderate
6,21,clear,A,38,150,Low
6,21,clear,B,12,120,Low
6,21,clear,C,25,130,Low
6,22,clear,A,41,150,Low
6,22,clear,B,18,120,Low
6,22,clear,C,25,130,Low
6,23,clear,A,27,150,Low
6,23,clear,B,16,120,Low
6,23,clear,C,23,130,Low
0,0,clear,A,16,150,Low
0,0,clear,B,4,120,Low
0,0,clear,C,9,130,Low
0,1,clear,A,12,150,Low
0,1,clear,B,5,120,Low
0,1,clear,C,9,130,Low
0,2,clear,A,16,150,Low
0,2,clear,B,5,120,Low
0,2,clear,C,8,130,Low
0,3,clear,A,18,150,Low
0,3,clear,B,4,120,Low
0,3,clear,C,6,130,Low
0,4,clear,A,10,150,Low
0,4,clear,B,6,120,Low
0,4,clear,C,8,130,Low
0,5,clear,A,14,150,Low
0,5,clear,B,4,120,Low
0,5,clear,C,8,130,Low
0,6,clear,A,48,150,Low
0,6,clear,B,21,120,Low
0,6,clear,C,34,130,Low
0,7,clear,A,58,150,Moderate
0,7,clear,B,21,120,Low
0,7,clear,C,32,130,Low
0,8,clear,A,77,150,Moderate
0,8,clear,B,27,120,Low
0,8,clear,C,91,130,High
0,9,clear,A,120,150,High
0,9,clear,B,43,120,Moderate
0,9,clear,C,56,130,Moderate
0,10,clear,A,99,150,High
0,10,clear,B,31,120,Low
0,10,clear,C,50,130,Moderate
0,11,clear,A,90,150,Moderate
0,11,clear,B,43,120,Moderate
0,11,clear,C,70,130,Moderate
0,12,clear,A,46,150,Low
0,12,clear,B,19,120,Low
0,12,clear,C,38,130,Low
0,13,clear,A,50,150,Low
0,13,clear,B,20,120,Low
0,13,clear,C,37,130,Low
0,14,clear,A,58,150,Moderate
0,14,clear,B,20,120,Low
0,14,clear,C,31,130,Low
0,15,clear,A,50,150,Low
0,15,clear,B,16,120,Low
0,15,clear,C,26,130,Low
0,16,clear,A,54,150,Moderate
0,16,clear,B,22,120,Low
0,16,clear,C,27,130,Low
0,17,clear,A,114,150,High
0,17,clear,B,44,120,Moderate
0,17,clear,C,50,130,Moderate
0,18,clear,A,105,150,High
0,18,clear,B,49,120,Moderate
0,18,clear,C,75,130,Moderate
0,19,clear,A,79,150,Moderate
0,19,clear,B,43,120,Moderate
0,19,clear,C,62,130,Moderate
0,20,clear,A,121,150,High
0,20,clear,B,35,120,Low
0,20,clear,C,69,130,Moderate
0,21,clear,A,50,150,Low
0,21,clear,B,20,120,Low
0,21,clear,C,32,130,Low
0,22,clear,A,53,150,Moderate
0,22,clear,B,16,120,Low
0,22,clear,C,37,130,Low
0,23,clear,A,56,150,Moderate
0,23,clear,B,15,120,Low
0,23,clear,C,40,130,Low
1,0,rain,A,16,150,Low
1,0,rain,B,6,120,Low
1,0,rain,C,11,130,Low
1,1,rain,A,19,150,Low
1,1,rain,B,5,120,Low
1,1,rain,C,12,130,Low
1,2,rain,A,16,150,Low
1,2,rain,B,6,120,Low
1,2,rain,C,11,130,Low
1,3,rain,A,19,150,Low
1,3,rain,B,6,120,Low
1,3,rain,C,9,130,Low
1,4,rain,A,14,150,Low
1,4,rain,B,5,120,Low
1,4,rain,C,9,130,Low
1,5,rain,A,13,150,Low
1,5,rain,B,4,120,Low
1,5,rain,C,8,130,Low
1,6,rain,A,85,150,Moderate
1,6,rain,B,21,120,Low
1,6,rain,C,53,130,Moderate
1,7,rain,A,69,150,Moderate
1,7,rain,B,23,120,Low
1,7,rain,C,32,130,Low
1,8,rain,A,118,150,High
1,8,rain,B,55,120,Moderate
1,8,rain,C,93,130,High
1,9,rain,A,123,150,High
1,9,rain,B,35,120,Low
1,9,rain,C,64,130,Moderate
1,10,rain,A,103,150,High
1,10,rain,B,51,120,Moderate
1,10,rain,C,94,130,High
1,11,rain,A,122,150,High
1,11,rain,B,41,120,Low
1,11,rain,C,93,130,High
1,12,rain,A,56,150,Moderate
1,12,rain,B,24,120,Low
1,12,rain,C,44,130,Low
1,13,rain,A,57,150,Moderate
1,13,rain,B,21,120,Low
1,13,rain,C,37,130,Low
1,14,rain,A,80,150,Moderate
1,14,rain,B,30,120,Low
1,14,rain,C,42,130,Low
1,15,rain,A,63,150,Moderate
1,15,rain,B,21,120,Low
1,15,rain,C,42,130,Low
1,16,rain,A,60,150,Moderate
1,16,rain,B,23,120,Low
1,16,rain,C,44,130,Low
1,17,rain,A,123,150,High
1,17,rain,B,46,120,Moderate
1,17,rain,C,81,130,Moderate
1,18,rain,A,125,150,High
1,18,rain,B,44,120,Moderate
1,18,rain,C,93,130,High
1,19,rain,A,96,150,Moderate
1,19,rain,B,59,120,Moderate
1,19,rain,C,85,130,High
1,20,rain,A,144,150,High
1,20,rain,B,53,120,Moderate
1,20,rain,C,75,130,Moderate
1,21,rain,A,56,150,Moderate
1,21,rain,B,20,120,Low
1,21,rain,C,40,130,Low
1,22,rain,A,72,150,Moderate
1,22,rain,B,21,120,Low
1,22,rain,C,45,130,Low
1,23,rain,A,42,150,Low
1,23,rain,B,22,120,Low
1,23,rain,C,49,130,Moderate
2,0,clear,A,12,150,Low
2,0,clear,B,4,120,Low
2,0,clear,C,4,130,Low
2,1,clear,A,11,150,Low
2,1,clear,B,5,120,Low
2,1,clear,C,7,130,Low
2,2,clear,A,12,150,Low
2,2,clear,B,3,120,Low
2,2,clear,C,6,130,Low
2,3,clear,A,16,150,Low
2,3,clear,B,5,120,Low
2,3,clear,C,7,130,Low
2,4,clear,A,12,150,Low
2,4,clear,B,4,120,Low
2,4,clear,C,7,130,Low
2,5,clear,A,9,150,Low
2,5,clear,B,4,120,Low
2,5,clear,C,9,130,Low
2,6,clear,A,59,150,Moderate
2,6,clear,B,22,120,Low
2,6,clear,C,26,130,Low
2,7,clear,A,55,150,Moderate
2,7,clear,B,19,120,Low
2,7,clear,C,34,130,Low
2,8,clear,A,95,150,Moderate
2,8,clear,B,32,120,Low
2,8,clear,C,34,130,Low
2,9,clear,A,116,150,High
2,9,clear,B,37,120,Low
2,9,clear,C,48,130,Moderate
2,10,clear,A,106,150,High
2,10,clear,B,33,120,Low
2,10,clear,C,59,130,Moderate
2,11,clear,A,87,150,Moderate
2,11,clear,B,38,120,Low
2,11,clear,C,55,130,Moderate
2,12,clear,A,45,150,Low
2,12,clear,B,23,120,Low
2,12,clear,C,34,130,Low
2,13,clear,A,53,150,Moderate
2,13,clear,B,22,120,Low
2,13,clear,C,31,130,Low
2,14,clear,A,51,150,Low
2,14,clear,B,20,120,Low
2,14,clear,C,26,130,Low
2,15,clear,A,56,150,Moderate
2,15,clear,B,17,120,Low
2,15,clear,C,39,130,Low
2,16,clear,A,59,150,Moderate
2,16,clear,B,21,120,Low
2,16,clear,C,26,130,Low
2,17,clear,A,108,150,High
2,17,clear,B,32,120,Low
2,17,clear,C,69,130,Moderate
2,18,clear,A,71,150,Moderate
2,18,clear,B,30,120,Low
2,18,clear,C,82,130,Moderate
2,19,clear,A,116,150,High
2,19,clear,B,37,120,Low
2,19,clear,C,60,130,Moderate
2,20,clear,A,92,150,Moderate
2,20,clear,B,41,120,Low
2,20,clear,C,66,130,Moderate
2,21,clear,A,67,150,Moderate
2,21,clear,B,19,120,Low
2,21,clear,C,35,130,Low
2,22,clear,A,43,150,Low
2,22,clear,B,18,120,Low
2,22,clear,C,35,130,Low
2,23,clear,A,51,150,Low
2,23,clear,B,18,120,Low
2,23,clear,C,36,130,Low
3,0,fog,A,15,150,Low
3,0,fog,B,6,120,Low
3,0,fog,C,10,130,Low
3,1,fog,A,17,150,Low
3,1,fog,B,4,120,Low
3,1,fog,C,9,130,Low
3,2,fog,A,14,150,Low
3,2,fog,B,5,120,Low
3,2,fog,C,10,130,Low
3,3,fog,A,15,150,Low
3,3,fog,B,6,120,Low
3,3,fog,C,8,130,Low
3,4,fog,A,17,150,Low
3,4,fog,B,6,120,Low
3,4,fog,C,10,130,Low
3,5,fog,A,15,150,Low
3,5,fog,B,6,120,Low
3,5,fog,C,8,130,Low
3,6,fog,A,62,150,Moderate
3,6,fog,B,22,120,Low
3,6,fog,C,30,130,Low
3,7,fog,A,64,150,Moderate
3,7,fog,B,17,120,Low
3,7,fog,C,36,130,Low
3,8,fog,A,109,150,High
3,8,fog,B,35,120,Low
3,8,fog,C,70,130,Moderate
3,9,fog,A,109,150,High
3,9,fog,B,34,120,Low
3,9,fog,C,75,130,Moderate
3,10,fog,A,96,150,Moderate
3,10,fog,B,53,120,Moderate
3,10,fog,C,68,130,Moderate
3,11,fog,A,89,150,Moderate
3,11,fog,B,33,120,Low
3,11,fog,C,81,130,Moderate
3,12,fog,A,56,150,Moderate
3,12,fog,B,17,120,Low
3,12,fog,C,43,130,Low
3,13,fog,A,56,150,Moderate
3,13,fog,B,24,120,Low
3,13,fog,C,43,130,Low
3,14,fog,A,62,150,Moderate
3,14,fog,B,29,120,Low
3,14,fog,C,28,130,Low
3,15,fog,A,53,150,Moderate
3,15,fog,B,21,120,Low
3,15,fog,C,51,130,Moderate
3,16,fog,A,76,150,Moderate
3,16,fog,B,26,120,Low
3,16,fog,C,33,130,Low
3,17,fog,A,108,150,High
3,17,fog,B,38,120,Low
3,17,fog,C,67,130,Moderate
3,18,fog,A,148,150,High
3,18,fog,B,42,120,Moderate
3,18,fog,C,75,130,Moderate
3,19,fog,A,135,150,High
3,19,fog,B,33,120,Low
3,19,fog,C,77,130,Moderate
3,20,fog,A,101,150,High
3,20,fog,B,42,120,Moderate
3,20,fog,C,70,130,Moderate
3,21,fog,A,54,150,Moderate
3,21,fog,B,22,120,Low
3,21,fog,C,39,130,Low
3,22,fog,A,58,150,Moderate
3,22,fog,B,23,120,Low
3,22,fog,C,33,130,Low
3,23,fog,A,66,150,Moderate
3,23,fog,B,21,120,Low
3,23,fog,C,35,130,Low
4,0,clear,A,13,150,Low
4,0,clear,B,6,120,Low
4,0,clear,C,8,130,Low
4,1,clear,A,11,150,Low
4,1,clear,B,5,120,Low
4,1,clear,C,8,130,Low
4,2,clear,A,14,150,Low
4,2,clear,B,4,120,Low
4,2,clear,C,10,130,Low
4,3,clear,A,12,150,Low
4,3,clear,B,6,120,Low
4,3,clear,C,7,130,Low
4,4,clear,A,13,150,Low
4,4,clear,B,6,120,Low
4,4,clear,C,8,130,Low
4,5,clear,A,18,150,Low
4,5,clear,B,4,120,Low
4,5,clear,C,9,130,Low
4,6,clear,A,70,150,Moderate
4,6,clear,B,15,120,Low
4,6,clear,C,26,130,Low
4,7,clear,A,48,150,Low
4,7,clear,B,22,120,Low
4,7,clear,C,26,130,Low
4,8,clear,A,107,150,High
4,8,clear,B,38,120,Low
4,8,clear,C,82,130,Moderate
4,9,clear,A,114,150,High
4,9,clear,B,37,120,Low
4,9,clear,C,75,130,Moderate
4,10,clear,A,107,150,High
4,10,clear,B,33,120,Low
4,10,clear,C,52,130,Moderate
4,11,clear,A,90,150,Moderate
4,11,clear,B,35,120,Low
4,11,clear,C,64,130,Moderate
4,12,clear,A,37,150,Low
4,12,clear,B,19,120,Low
4,12,clear,C,35,130,Low
4,13,clear,A,59,150,Moderate
4,13,clear,B,24,120,Low
4,13,clear,C,35,130,Low
4,14,clear,A,47,150,Low
4,14,clear,B,14,120,Low
4,14,clear,C,38,130,Low
4,15,clear,A,47,150,Low
4,15,clear,B,22,120,Low
4,15,clear,C,42,130,Low
4,16,clear,A,42,150,Low
4,16,clear,B,21,120,Low
4,16,clear,C,41,130,Low
4,17,clear,A,126,150,High
4,17,clear,B,27,120,Low
4,17,clear,C,61,130,Moderate
4,18,clear,A,88,150,Moderate
4,18,clear,B,43,120,Moderate
4,18,clear,C,74,130,Moderate
4,19,clear,A,65,150,Moderate
4,19,clear,B,38,120,Low
4,19,clear,C,78,130,Moderate
4,20,clear,A,112,150,High
4,20,clear,B,40,120,Low
4,20,clear,C,66,130,Moderate
4,21,clear,A,46,150,Low
4,21,clear,B,19,120,Low
4,21,clear,C,35,130,Low
4,22,clear,A,60,150,Moderate
4,22,clear,B,22,120,Low
4,22,clear,C,35,130,Low
4,23,clear,A,64,150,Moderate
4,23,clear,B,18,120,Low
4,23,clear,C,27,130,Low
5,0,clear,A,9,150,Low
5,0,clear,B,3,120,Low
5,0,clear,C,4,130,Low
5,1,clear,A,12,150,Low
5,1,clear,B,3,120,Low
5,1,clear,C,5,130,Low
5,2,clear,A,8,150,Low
5,2,clear,B,4,120,Low
5,2,clear,C,5,130,Low
5,3,clear,A,12,150,Low
5,3,clear,B,3,120,Low
5,3,clear,C,7,130,Low
5,4,clear,A,9,150,Low
5,4,clear,B,4,120,Low
5,4,clear,C,5,130,Low
5,5,clear,A,9,150,Low
5,5,clear,B,3,120,Low
5,5,clear,C,6,130,Low
5,6,clear,A,44,150,Low
5,6,clear,B,12,120,Low
5,6,clear,C,24,130,Low
5,7,clear,A,45,150,Low
5,7,clear,B,12,120,Low
5,7,clear,C,26,130,Low
5,8,clear,A,67,150,Moderate
5,8,clear,B,25,120,Low
5,8,clear,C,44,130,Low
5,9,clear,A,61,150,Moderate
5,9,clear,B,24,120,Low
5,9,clear,C,45,130,Low
5,10,clear,A,68,150,Moderate
5,10,clear,B,31,120,Low
5,10,clear,C,50,130,Moderate
5,11,clear,A,72,150,Moderate
5,11,clear,B,22,120,Low
5,11,clear,C,38,130,Low
5,12,clear,A,49,150,Low
5,12,clear,B,11,120,Low
5,12,clear,C,24,130,Low
5,13,clear,A,40,150,Low
5,13,clear,B,13,120,Low
5,13,clear,C,20,130,Low
5,14,clear,A,33,150,Low
5,14,clear,B,12,120,Low
5,14,clear,C,21,130,Low
5,15,clear,A,46,150,Low
5,15,clear,B,13,120,Low
5,15,clear,C,22,130,Low
5,16,clear,A,39,150,Low
5,16,clear,B,15,120,Low
5,16,clear,C,23,130,Low
5,17,clear,A,87,150,Moderate
5,17,clear,B,22,120,Low
5,17,clear,C,57,130,Moderate
5,18,clear,A,76,150,Moderate
5,18,clear,B,27,120,Low
5,18,clear,C,43,130,Low
5,19,clear,A,62,150,Moderate
5,19,clear,B,20,120,Low
5,19,clear,C,43,130,Low
5,20,clear,A,83,150,Moderate
5,20,clear,B,23,120,Low
5,20,clear,C,37,130,Low
5,21,clear,A,33,150,Low
5,21,clear,B,13,120,Low
5,21,clear,C,23,130,Low
5,22,clear,A,37,150,Low
5,22,clear,B,16,120,Low
5,22,clear,C,29,130,Low
5,23,clear,A,50,150,Low
5,23,clear,B,10,120,Low
5,23,clear,C,21,130,Low
6,0,rain,A,10,150,Low
6,0,rain,B,4,120,Low
6,0,rain,C,7,130,Low
6,1,rain,A,14,150,Low
6,1,rain,B,4,120,Low
6,1,rain,C,8,130,Low
6,2,rain,A,10,150,Low
6,2,rain,B,4,120,Low
6,2,rain,C,7,130,Low
6,3,rain,A,8,150,Low
6,3,rain,B,5,120,Low
6,3,rain,C,8,130,Low
6,4,rain,A,10,150,Low
6,4,rain,B,5,120,Low
6,4,rain,C,6,130,Low
6,5,rain,A,8,150,Low
6,5,rain,B,4,120,Low
6,5,rain,C,5,130,Low
6,6,rain,A,44,150,Low
6,6,rain,B,17,120,Low
6,6,rain,C,31,130,Low
6,7,rain,A,52,150,Low
6,7,rain,B,18,120,Low
6,7,rain,C,31,130,Low
6,8,rain,A,73,150,Moderate
6,8,rain,B,31,120,Low
6,8,rain,C,40,130,Low
6,9,rain,A,102,150,High
6,9,rain,B,23,120,Low
6,9,rain,C,50,130,Moderate
6,10,rain,A,66,150,Moderate
6,10,rain,B,26,120,Low
6,10,rain,C,53,130,Moderate
6,11,rain,A,76,150,Moderate
6,11,rain,B,35,120,Low
6,11,rain,C,54,130,Moderate
6,12,rain,A,42,150,Low
6,12,rain,B,16,120,Low
6,12,rain,C,34,130,Low
6,13,rain,A,52,150,Low
6,13,rain,B,13,120,Low
6,13,rain,C,26,130,Low
6,14,rain,A,49,150,Low
6,14,rain,B,17,120,Low
6,14,rain,C,24,130,Low
6,15,rain,A,51,150,Low
6,15,rain,B,14,120,Low
6,15,rain,C,35,130,Low
6,16,rain,A,49,150,Low
6,16,rain,B,13,120,Low
6,16,rain,C,27,130,Low
6,17,rain,A,84,150,Moderate
6,17,rain,B,34,120,Low
6,17,rain,C,57,130,Moderate
6,18,rain,A,76,150,Moderate
6,18,rain,B,26,120,Low
6,18,rain,C,63,130,Moderate
6,19,rain,A,96,150,Moderate
6,19,rain,B,34,120,Low
6,19,rain,C,61,130,Moderate
6,20,rain,A,83,150,Moderate
6,20,rain,B,34,120,Low
6,20,rain,C,81,130,Moderate
6,21,rain,A,54,150,Moderate
6,21,rain,B,16,120,Low
6,21,rain,C,27,130,Low
6,22,rain,A,26,150,Low
6,22,rain,B,19,120,Low
6,22,rain,C,32,130,Low
6,23,rain,A,42,150,Low
6,23,rain,B,13,120,Low
6,23,rain,C,24,130,Low
0,0,clear,A,13,150,Low
0,0,clear,B,5,120,Low
0,0,clear,C,8,130,Low
0,1,clear,A,15,150,Low
0,1,clear,B,5,120,Low
0,1,clear,C,9,130,Low
0,2,clear,A,9,150,Low
0,2,clear,B,4,120,Low
0,2,clear,C,8,130,Low
0,3,clear,A,15,150,Low
0,3,clear,B,6,120,Low
0,3,clear,C,8,130,Low
0,4,clear,A,12,150,Low
0,4,clear,B,3,120,Low
0,4,clear,C,9,130,Low
0,5,clear,A,12,150,Low
0,5,clear,B,7,120,Low
0,5,clear,C,7,130,Low
0,6,clear,A,72,150,Moderate
0,6,clear,B,22,120,Low
0,6,clear,C,29,130,Low
0,7,clear,A,56,150,Moderate
0,7,clear,B,22,120,Low
0,7,clear,C,33,130,Low
0,8,clear,A,111,150,High
0,8,clear,B,40,120,Low
0,8,clear,C,68,130,Moderate
0,9,clear,A,98,150,High
0,9,clear,B,29,120,Low
0,9,clear,C,62,130,Moderate
0,10,clear,A,101,150,High
0,10,clear,B,25,120,Low
0,10,clear,C,64,130,Moderate
0,11,clear,A,97,150,Moderate
0,11,clear,B,28,120,Low
0,11,clear,C,59,130,Moderate
0,12,clear,A,52,150,Low
0,12,clear,B,25,120,Low
0,12,clear,C,36,130,Low
0,13,clear,A,63,150,Moderate
0,13,clear,B,19,120,Low
0,13,clear,C,25,130,Low
0,14,clear,A,60,150,Moderate
0,14,clear,B,18,120,Low
0,14,clear,C,33,130,Low
0,15,clear,A,46,150,Low
0,15,clear,B,20,120,Low
0,15,clear,C,40,130,Low
0,16,clear,A,62,150,Moderate
0,16,clear,B,24,120,Low
0,16,clear,C,44,130,Low
0,17,clear,A,76,150,Moderate
0,17,clear,B,32,120,Low
0,17,clear,C,51,130,Moderate
0,18,clear,A,120,150,High
0,18,clear,B,35,120,Low
0,18,clear,C,64,130,Moderate
0,19,clear,A,106,150,High
0,19,clear,B,42,120,Moderate
0,19,clear,C,54,130,Moderate
0,20,clear,A,89,150,Moderate
0,20,clear,B,40,120,Low
0,20,clear,C,82,130,Moderate
0,21,clear,A,54,150,Moderate
0,21,clear,B,17,120,Low
0,21,clear,C,23,130,Low
0,22,clear,A,62,150,Moderate
0,22,clear,B,17,120,Low
0,22,clear,C,28,130,Low
0,23,clear,A,40,150,Low
0,23,clear,B,15,120,Low
0,23,clear,C,29,130,Low
1,0,clear,A,11,150,Low
1,0,clear,B,5,120,Low
1,0,clear,C,8,130,Low
1,1,clear,A,18,150,Low
1,1,clear,B,3,120,Low
1,1,clear,C,8,130,Low
1,2,clear,A,14,150,Low
1,2,clear,B,4,120,Low
1,2,clear,C,8,130,Low
1,3,clear,A,15,150,Low
1,3,clear,B,5,120,Low
1,3,clear,C,10,130,Low
1,4,clear,A,9,150,Low
1,4,clear,B,4,120,Low
1,4,clear,C,10,130,Low
1,5,clear,A,15,150,Low
1,5,clear,B,5,120,Low
1,5,clear,C,10,130,Low
1,6,clear,A,39,150,Low
1,6,clear,B,22,120,Low
1,6,clear,C,40,130,Low
1,7,clear,A,49,150,Low
1,7,clear,B,27,120,Low
1,7,clear,C,36,130,Low
1,8,clear,A,66,150,Moderate
1,8,clear,B,38,120,Low
1,8,clear,C,56,130,Moderate
1,9,clear,A,116,150,High
1,9,clear,B,38,120,Low
1,9,clear,C,57,130,Moderate
1,10,clear,A,121,150,High
1,10,clear,B,41,120,Low
1,10,clear,C,55,130,Moderate
1,11,clear,A,96,150,Moderate
1,11,clear,B,38,120,Low
1,11,clear,C,59,130,Moderate
1,12,clear,A,52,150,Low
1,12,clear,B,20,120,Low
1,12,clear,C,29,130,Low
1,13,clear,A,36,150,Low
1,13,clear,B,20,120,Low
1,13,clear,C,24,130,Low
1,14,clear,A,46,150,Low
1,14,clear,B,14,120,Low
1,14,clear,C,26,130,Low
1,15,clear,A,58,150,Moderate
1,15,clear,B,19,120,Low
1,15,clear,C,33,130,Low
1,16,clear,A,44,150,Low
1,16,clear,B,18,120,Low
1,16,clear,C,36,130,Low
1,17,clear,A,109,150,High
1,17,clear,B,44,120,Moderate
1,17,clear,C,80,130,Moderate
1,18,clear,A,105,150,High
1,18,clear,B,28,120,Low
1,18,clear,C,62,130,Moderate
1,19,clear,A,108,150,High
1,19,clear,B,35,120,Low
1,19,clear,C,58,130,Moderate
1,20,clear,A,111,150,High
1,20,clear,B,54,120,Moderate
1,20,clear,C,64,130,Moderate
1,21,clear,A,54,150,Moderate
1,21,clear,B,16,120,Low
1,21,clear,C,41,130,Low
1,22,clear,A,62,150,Moderate
1,22,clear,B,22,120,Low
1,22,clear,C,42,130,Low
1,23,clear,A,51,150,Low
1,23,clear,B,19,120,Low
1,23,clear,C,43,130,Low
2,0,clear,A,9,150,Low
2,0,clear,B,5,120,Low
2,0,clear,C,7,130,Low
2,1,clear,A,15,150,Low
2,1,clear,B,5,120,Low
2,1,clear,C,6,130,Low
2,2,clear,A,14,150,Low
2,2,clear,B,5,120,Low
2,2,clear,C,9,130,Low
2,3,clear,A,14,150,Low
2,3,clear,B,6,120,Low
2,3,clear,C,9,130,Low
2,4,clear,A,13,150,Low
2,4,clear,B,5,120,Low
2,4,clear,C,11,130,Low
2,5,clear,A,15,150,Low
2,5,clear,B,5,120,Low
2,5,clear,C,9,130,Low
2,6,clear,A,57,150,Moderate
2,6,clear,B,20,120,Low
2,6,clear,C,46,130,Moderate
2,7,clear,A,48,150,Low
2,7,clear,B,23,120,Low
2,7,clear,C,34,130,Low
2,8,clear,A,77,150,Moderate
2,8,clear,B,34,120,Low
2,8,clear,C,57,130,Moderate
2,9,clear,A,107,150,High
2,9,clear,B,36,120,Low
2,9,clear,C,53,130,Moderate
2,10,clear,A,120,150,High
2,10,clear,B,41,120,Low
2,10,clear,C,77,130,Moderate
2,11,clear,A,102,150,High
2,11,clear,B,35,120,Low
2,11,clear,C,69,130,Moderate
2,12,clear,A,50,150,Low
2,12,clear,B,20,120,Low
2,12,clear,C,34,130,Low
2,13,clear,A,42,150,Low
2,13,clear,B,20,120,Low
2,13,clear,C,32,130,Low
2,14,clear,A,52,150,Low
2,14,clear,B,21,120,Low
2,14,clear,C,41,130,Low
2,15,clear,A,47,150,Low
2,15,clear,B,18,120,Low
2,15,clear,C,30,130,Low
2,16,clear,A,48,150,Low
2,16,clear,B,18,120,Low
2,16,clear,C,33,130,Low
2,17,clear,A,119,150,High
2,17,clear,B,41,120,Low
2,17,clear,C,58,130,Moderate
2,18,clear,A,131,150,High
2,18,clear,B,45,120,Moderate
2,18,clear,C,60,130,Moderate
2,19,clear,A,130,150,High
2,19,clear,B,41,120,Low
2,19,clear,C,68,130,Moderate
2,20,clear,A,115,150,High
2,20,clear,B,39,120,Low
2,20,clear,C,75,130,Moderate
2,21,clear,A,56,150,Moderate
2,21,clear,B,18,120,Low
2,21,clear,C,24,130,Low
2,22,clear,A,59,150,Moderate
2,22,clear,B,18,120,Low
2,22,clear,C,39,130,Low
2,23,clear,A,58,150,Moderate
2,23,clear,B,18,120,Low
2,23,clear,C,40,130,Low
3,0,clear,A,14,150,Low
3,0,clear,B,4,120,Low
3,0,clear,C,10,130,Low
3,1,clear,A,12,150,Low
3,1,clear,B,4,120,Low
3,1,clear,C,7,130,Low
3,2,clear,A,15,150,Low
3,2,clear,B,4,120,Low
3,2,clear,C,8,130,Low
3,3,clear,A,12,150,Low
3,3,clear,B,5,120,Low
3,3,clear,C,7,130,Low
3,4,clear,A,9,150,Low
3,4,clear,B,5,120,Low
3,4,clear,C,5,130,Low
3,5,clear,A,15,150,Low
3,5,clear,B,6,120,Low
3,5,clear,C,8,130,Low
3,6,clear,A,65,150,Moderate
3,6,clear,B,19,120,Low
3,6,clear,C,43,130,Low
3,7,clear,A,51,150,Low
3,7,clear,B,12,120,Low
3,7,clear,C,34,130,Low
3,8,clear,A,124,150,High
3,8,clear,B,38,120,Low
3,8,clear,C,58,130,Moderate
3,9,clear,A,103,150,High
3,9,clear,B,41,120,Low
3,9,clear,C,62,130,Moderate
3,10,clear,A,138,150,High
3,10,clear,B,33,120,Low
3,10,clear,C,72,130,Moderate
3,11,clear,A,110,150,High
3,11,clear,B,32,120,Low
3,11,clear,C,58,130,Moderate
3,12,clear,A,63,150,Moderate
3,12,clear,B,20,120,Low
3,12,clear,C,36,130,Low
3,13,clear,A,41,150,Low
3,13,clear,B,21,120,Low
3,13,clear,C,36,130,Low
3,14,clear,A,54,150,Moderate
3,14,clear,B,21,120,Low
3,14,clear,C,32,130,Low
3,15,clear,A,50,150,Low
3,15,clear,B,19,120,Low
3,15,clear,C,32,130,Low
3,16,clear,A,72,150,Moderate
3,16,clear,B,22,120,Low
3,16,clear,C,29,130,Low
3,17,clear,A,143,150,High
3,17,clear,B,37,120,Low
3,17,clear,C,70,130,Moderate
3,18,clear,A,124,150,High
3,18,clear,B,28,120,Low
3,18,clear,C,67,130,Moderate
3,19,clear,A,100,150,High
3,19,clear,B,41,120,Low
3,19,clear,C,73,130,Moderate
3,20,clear,A,108,150,High
3,20,clear,B,39,120,Low
3,20,clear,C,81,130,Moderate
3,21,clear,A,57,150,Moderate
3,21,clear,B,20,120,Low
3,21,clear,C,35,130,Low
3,22,clear,A,70,150,Moderate
3,22,clear,B,20,120,Low
3,22,clear,C,32,130,Low
3,23,clear,A,39,150,Low
3,23,clear,B,15,120,Low
3,23,clear,C,32,130,Low
4,0,clear,A,12,150,Low
4,0,clear,B,5,120,Low
4,0,clear,C,8,130,Low
4,1,clear,A,11,150,Low
4,1,clear,B,5,120,Low
4,1,clear,C,10,130,Low
4,2,clear,A,11,150,Low
4,2,clear,B,5,120,Low
4,2,clear,C,6,130,Low
4,3,clear,A,10,150,Low
4,3,clear,B,4,120,Low
4,3,clear,C,10,130,Low
4,4,clear,A,12,150,Low
4,4,clear,B,4,120,Low
4,4,clear,C,8,130,Low
4,5,clear,A,13,150,Low
4,5,clear,B,4,120,Low
4,5,clear,C,11,130,Low
4,6,clear,A,52,150,Low
4,6,clear,B,20,120,Low
4,6,clear,C,32,130,Low
4,7,clear,A,58,150,Moderate
4,7,clear,B,23,120,Low
4,7,clear,C,43,130,Low
4,8,clear,A,87,150,Moderate
4,8,clear,B,41,120,Low
4,8,clear,C,68,130,Moderate
4,9,clear,A,113,150,High
4,9,clear,B,35,120,Low
4,9,clear,C,61,130,Moderate
4,10,clear,A,112,150,High
4,10,clear,B,41,120,Low
4,10,clear,C,77,130,Moderate
4,11,clear,A,101,150,High
4,11,clear,B,35,120,Low
4,11,clear,C,39,130,Low
4,12,clear,A,41,150,Low
4,12,clear,B,18,120,Low
4,12,clear,C,29,130,Low
4,13,clear,A,61,150,Moderate
4,13,clear,B,16,120,Low
4,13,clear,C,32,130,Low
4,14,clear,A,51,150,Low
4,14,clear,B,23,120,Low
4,14,clear,C,31,130,Low
4,15,clear,A,58,150,Moderate
4,15,clear,B,20,120,Low
4,15,clear,C,39,130,Low
4,16,clear,A,62,150,Moderate
4,16,clear,B,19,120,Low
4,16,clear,C,26,130,Low
4,17,clear,A,106,150,High
4,17,clear,B,39,120,Low
4,17,clear,C,73,130,Moderate
4,18,clear,A,97,150,Moderate
4,18,clear,B,46,120,Moderate
4,18,clear,C,70,130,Moderate
4,19,clear,A,94,150,Moderate
4,19,clear,B,37,120,Low
4,19,clear,C,90,130,High
4,20,clear,A,120,150,High
4,20,clear,B,46,120,Moderate
4,20,clear,C,59,130,Moderate
4,21,clear,A,49,150,Low
4,21,clear,B,17,120,Low
4,21,clear,C,35,130,Low
4,22,clear,A,53,150,Moderate
4,22,clear,B,18,120,Low
4,22,clear,C,33,130,Low
4,23,clear,A,48,150,Low
4,23,clear,B,19,120,Low
4,23,clear,C,40,130,Low
5,0,fog,A,11,150,Low
5,0,fog,B,4,120,Low
5,0,fog,C,6,130,Low
5,1,fog,A,9,150,Low
5,1,fog,B,4,120,Low
5,1,fog,C,5,130,Low
5,2,fog,A,10,150,Low
5,2,fog,B,3,120,Low
5,2,fog,C,4,130,Low
5,3,fog,A,10,150,Low
5,3,fog,B,3,120,Low
5,3,fog,C,6,130,Low
5,4,fog,A,12,150,Low
5,4,fog,B,4,120,Low
5,4,fog,C,6,130,Low
5,5,fog,A,12,150,Low
5,5,fog,B,4,120,Low
5,5,fog,C,6,130,Low
5,6,fog,A,30,150,Low
5,6,fog,B,19,120,Low
5,6,fog,C,22,130,Low
5,7,fog,A,51,150,Low
5,7,fog,B,16,120,Low
5,7,fog,C,23,130,Low
5,8,fog,A,79,150,Moderate
5,8,fog,B,36,120,Low
5,8,fog,C,59,130,Moderate
5,9,fog,A,70,150,Moderate
5,9,fog,B,24,120,Low
5,9,fog,C,49,130,Moderate
5,10,fog,A,74,150,Moderate
5,10,fog,B,32,120,Low
5,10,fog,C,53,130,Moderate
5,11,fog,A,56,150,Moderate
5,11,fog,B,29,120,Low
5,11,fog,C,47,130,Moderate
5,12,fog,A,42,150,Low
5,12,fog,B,15,120,Low
5,12,fog,C,31,130,Low
5,13,fog,A,48,150,Low
5,13,fog,B,13,120,Low
5,13,fog,C,26,130,Low
5,14,fog,A,39,150,Low
5,14,fog,B,11,120,Low
5,14,fog,C,26,130,Low
5,15,fog,A,54,150,Moderate
5,15,fog,B,11,120,Low
5,15,fog,C,26,130,Low
5,16,fog,A,41,150,Low
5,16,fog,B,16,120,Low
5,16,fog,C,23,130,Low
5,17,fog,A,66,150,Moderate
5,17,fog,B,24,120,Low
5,17,fog,C,64,130,Moderate
5,18,fog,A,72,150,Moderate
5,18,fog,B,28,120,Low
5,18,fog,C,70,130,Moderate
5,19,fog,A,75,150,Moderate
5,19,fog,B,32,120,Low
5,19,fog,C,62,130,Moderate
5,20,fog,A,97,150,Moderate
5,20,fog,B,24,120,Low
5,20,fog,C,48,130,Moderate
5,21,fog,A,44,150,Low
5,21,fog,B,19,120,Low
5,21,fog,C,23,130,Low
5,22,fog,A,39,150,Low
5,22,fog,B,16,120,Low
5,22,fog,C,29,130,Low
5,23,fog,A,46,150,Low
5,23,fog,B,13,120,Low
5,23,fog,C,24,130,Low
6,0,clear,A,11,150,Low
6,0,clear,B,3,120,Low
6,0,clear,C,6,130,Low
6,1,clear,A,8,150,Low
6,1,clear,B,4,120,Low
6,1,clear,C,6,130,Low
6,2,clear,A,11,150,Low
6,2,clear,B,3,120,Low
6,2,clear,C,6,130,Low
6,3,clear,A,7,150,Low
6,3,clear,B,2,120,Low
6,3,clear,C,7,130,Low
6,4,clear,A,9,150,Low
6,4,clear,B,3,120,Low
6,4,clear,C,4,130,Low
6,5,clear,A,8,150,Low
6,5,clear,B,4,120,Low
6,5,clear,C,7,130,Low
6,6,clear,A,34,150,Low
6,6,clear,B,15,120,Low
6,6,clear,C,25,130,Low
6,7,clear,A,37,150,Low
6,7,clear,B,17,120,Low
6,7,clear,C,22,130,Low
6,8,clear,A,82,150,Moderate
6,8,clear,B,26,120,Low
6,8,clear,C,43,130,Low
6,9,clear,A,83,150,Moderate
6,9,clear,B,26,120,Low
6,9,clear,C,43,130,Low
6,10,clear,A,83,150,Moderate
6,10,clear,B,29,120,Low
6,10,clear,C,52,130,Moderate
6,11,clear,A,28,150,Low
6,11,clear,B,26,120,Low
6,11,clear,C,45,130,Low
6,12,clear,A,38,150,Low
6,12,clear,B,15,120,Low
6,12,clear,C,25,130,Low
6,13,clear,A,42,150,Low
6,13,clear,B,13,120,Low
6,13,clear,C,30,130,Low
6,14,clear,A,42,150,Low
6,14,clear,B,15,120,Low
6,14,clear,C,26,130,Low
6,15,clear,A,45,150,Low
6,15,clear,B,16,120,Low
6,15,clear,C,24,130,Low
6,16,clear,A,44,150,Low
6,16,clear,B,14,120,Low
6,16,clear,C,31,130,Low
6,17,clear,A,89,150,Moderate
6,17,clear,B,25,120,Low
6,17,clear,C,66,130,Moderate
6,18,clear,A,52,150,Low
6,18,clear,B,30,120,Low
6,18,clear,C,43,130,Low
6,19,clear,A,98,150,High
6,19,clear,B,29,120,Low
6,19,clear,C,43,130,Low
6,20,clear,A,73,150,Moderate
6,20,clear,B,25,120,Low
6,20,clear,C,46,130,Moderate
6,21,clear,A,36,150,Low
6,21,clear,B,12,120,Low
6,21,clear,C,25,130,Low
6,22,clear,A,40,150,Low
6,22,clear,B,11,120,Low
6,22,clear,C,18,130,Low
6,23,clear,A,40,150,Low
6,23,clear,B,15,120,Low
6,23,clear,C,27,130,Low
0,0,fog,A,18,150,Low
0,0,fog,B,6,120,Low
0,0,fog,C,13,130,Low
0,1,fog,A,22,150,Low
0,1,fog,B,4,120,Low
0,1,fog,C,6,130,Low
0,2,fog,A,15,150,Low
0,2,fog,B,5,120,Low
0,2,fog,C,9,130,Low
0,3,fog,A,16,150,Low
0,3,fog,B,5,120,Low
0,3,fog,C,8,130,Low
0,4,fog,A,13,150,Low
0,4,fog,B,5,120,Low
0,4,fog,C,10,130,Low
0,5,fog,A,14,150,Low
0,5,fog,B,5,120,Low
0,5,fog,C,10,130,Low
0,6,fog,A,58,150,Moderate
0,6,fog,B,25,120,Low
0,6,fog,C,33,130,Low
0,7,fog,A,50,150,Low
0,7,fog,B,23,120,Low
0,7,fog,C,40,130,Low
0,8,fog,A,94,150,Moderate
0,8,fog,B,47,120,Moderate
0,8,fog,C,89,130,High
0,9,fog,A,98,150,High
0,9,fog,B,48,120,Moderate
0,9,fog,C,44,130,Low
0,10,fog,A,126,150,High
0,10,fog,B,34,120,Low
0,10,fog,C,79,130,Moderate
0,11,fog,A,93,150,Moderate
0,11,fog,B,39,120,Low
0,11,fog,C,60,130,Moderate
0,12,fog,A,58,150,Moderate
0,12,fog,B,28,120,Low
0,12,fog,C,37,130,Low
0,13,fog,A,79,150,Moderate
0,13,fog,B,20,120,Low
0,13,fog,C,47,130,Moderate
0,14,fog,A,45,150,Low
0,14,fog,B,21,120,Low
0,14,fog,C,35,130,Low
0,15,fog,A,74,150,Moderate
0,15,fog,B,22,120,Low
0,15,fog,C,26,130,Low
0,16,fog,A,48,150,Low
0,16,fog,B,18,120,Low
0,16,fog,C,43,130,Low
0,17,fog,A,135,150,High
0,17,fog,B,42,120,Moderate
0,17,fog,C,70,130,Moderate
0,18,fog,A,134,150,High
0,18,fog,B,36,120,Low
0,18,fog,C,82,130,Moderate
0,19,fog,A,127,150,High
0,19,fog,B,42,120,Moderate
0,19,fog,C,81,130,Moderate
0,20,fog,A,122,150,High
0,20,fog,B,47,120,Moderate
0,20,fog,C,61,130,Moderate
0,21,fog,A,66,150,Moderate
0,21,fog,B,25,120,Low
0,21,fog,C,40,130,Low
0,22,fog,A,65,150,Moderate
0,22,fog,B,21,120,Low
0,22,fog,C,43,130,Low
0,23,fog,A,61,150,Moderate
0,23,fog,B,18,120,Low
0,23,fog,C,43,130,Low
1,0,clear,A,14,150,Low
1,0,clear,B,4,120,Low
1,0,clear,C,8,130,Low
1,1,clear,A,14,150,Low
1,1,clear,B,4,120,Low
1,1,clear,C,9,130,Low
1,2,clear,A,13,150,Low
1,2,clear,B,4,120,Low
1,2,clear,C,10,130,Low
1,3,clear,A,14,150,Low
1,3,clear,B,5,120,Low
1,3,clear,C,10,130,Low
1,4,clear,A,16,150,Low
1,4,clear,B,5,120,Low
1,4,clear,C,8,130,Low
1,5,clear,A,10,150,Low
1,5,clear,B,5,120,Low
1,5,clear,C,10,130,Low
1,6,clear,A,57,150,Moderate
1,6,clear,B,9,120,Low
1,6,clear,C,39,130,Low
1,7,clear,A,62,150,Moderate
1,7,clear,B,19,120,Low
1,7,clear,C,40,130,Low
1,8,clear,A,108,150,High
1,8,clear,B,32,120,Low
1,8,clear,C,75,130,Moderate
1,9,clear,A,80,150,Moderate
1,9,clear,B,35,120,Low
1,9,clear,C,61,130,Moderate
1,10,clear,A,86,150,Moderate
1,10,clear,B,37,120,Low
1,10,clear,C,75,130,Moderate
1,11,clear,A,117,150,High
1,11,clear,B,39,120,Low
1,11,clear,C,46,130,Moderate
1,12,clear,A,43,150,Low
1,12,clear,B,20,120,Low
1,12,clear,C,34,130,Low
1,13,clear,A,50,150,Low
1,13,clear,B,25,120,Low
1,13,clear,C,35,130,Low
1,14,clear,A,59,150,Moderate
1,14,clear,B,22,120,Low
1,14,clear,C,35,130,Low
1,15,clear,A,76,150,Moderate
1,15,clear,B,17,120,Low
1,15,clear,C,31,130,Low
1,16,clear,A,47,150,Low
1,16,clear,B,24,120,Low
1,16,clear,C,39,130,Low
1,17,clear,A,101,150,High
1,17,clear,B,34,120,Low
1,17,clear,C,84,130,Moderate
1,18,clear,A,115,150,High
1,18,clear,B,48,120,Moderate
1,18,clear,C,69,130,Moderate
1,19,clear,A,118,150,High
1,19,clear,B,41,120,Low
1,19,clear,C,63,130,Moderate
1,20,clear,A,107,150,High
1,20,clear,B,32,120,Low
1,20,clear,C,75,130,Moderate
1,21,clear,A,61,150,Moderate
1,21,clear,B,22,120,Low
1,21,clear,C,38,130,Low
1,22,clear,A,53,150,Moderate
1,22,clear,B,24,120,Low
1,22,clear,C,39,130,Low
1,23,clear,A,66,150,Moderate
1,23,clear,B,24,120,Low
1,23,clear,C,34,130,Low
2,0,clear,A,15,150,Low
2,0,clear,B,4,120,Low
2,0,clear,C,7,130,Low
2,1,clear,A,11,150,Low
2,1,clear,B,4,120,Low
2,1,clear,C,8,130,Low
2,2,clear,A,10,150,Low
2,2,clear,B,5,120,Low
2,2,clear,C,8,130,Low
2,3,clear,A,16,150,Low
2,3,clear,B,6,120,Low
2,3,clear,C,9,130,Low
2,4,clear,A,12,150,Low
2,4,clear,B,5,120,Low
2,4,clear,C,8,130,Low
2,5,clear,A,13,150,Low
2,5,clear,B,4,120,Low
2,5,clear,C,8,130,Low
2,6,clear,A,53,150,Moderate
2,6,clear,B,22,120,Low
2,6,clear,C,37,130,Low
2,7,clear,A,70,150,Moderate
2,7,clear,B,22,120,Low
2,7,clear,C,37,130,Low
2,8,clear,A,94,150,Moderate
2,8,clear,B,30,120,Low
2,8,clear,C,57,130,Moderate
2,9,clear,A,88,150,Moderate
2,9,clear,B,22,120,Low
2,9,clear,C,53,130,Moderate
2,10,clear,A,122,150,High
2,10,clear,B,37,120,Low
2,10,clear,C,59,130,Moderate
2,11,clear,A,104,150,High
2,11,clear,B,25,120,Low
2,11,clear,C,65,130,Moderate
2,12,clear,A,65,150,Moderate
2,12,clear,B,19,120,Low
2,12,clear,C,25,130,Low
2,13,clear,A,51,150,Low
2,13,clear,B,23,120,Low
2,13,clear,C,36,130,Low
2,14,clear,A,43,150,Low
2,14,clear,B,27,120,Low
2,14,clear,C,28,130,Low
2,15,clear,A,52,150,Low
2,15,clear,B,16,120,Low
2,15,clear,C,29,130,Low
2,16,clear,A,51,150,Low
2,16,clear,B,21,120,Low
2,16,clear,C,41,130,Low
2,17,clear,A,103,150,High
2,17,clear,B,33,120,Low
2,17,clear,C,75,130,Moderate
2,18,clear,A,118,150,High
2,18,clear,B,41,120,Low
2,18,clear,C,72,130,Moderate
2,19,clear,A,108,150,High
2,19,clear,B,40,120,Low
2,19,clear,C,68,130,Moderate
2,20,clear,A,127,150,High
2,20,clear,B,53,120,Moderate
2,20,clear,C,71,130,Moderate
2,21,clear,A,54,150,Moderate
2,21,clear,B,20,120,Low
2,21,clear,C,31,130,Low
2,22,clear,A,61,150,Moderate
2,22,clear,B,21,120,Low
2,22,clear,C,32,130,Low
2,23,clear,A,62,150,Moderate
2,23,clear,B,20,120,Low
2,23,clear,C,29,130,Low
3,0,clear,A,14,150,Low
3,0,clear,B,5,120,Low
3,0,clear,C,9,130,Low
3,1,clear,A,13,150,Low
3,1,clear,B,4,120,Low
3,1,clear,C,8,130,Low
3,2,clear,A,14,150,Low
3,2,clear,B,5,120,Low
3,2,clear,C,9,130,Low
3,3,clear,A,13,150,Low
3,3,clear,B,5,120,Low
3,3,clear,C,7,130,Low
3,4,clear,A,18,150,Low
3,4,clear,B,5,120,Low
3,4,clear,C,7,130,Low
3,5,clear,A,14,150,Low
3,5,clear,B,5,120,Low
3,5,clear,C,8,130,Low
3,6,clear,A,42,150,Low
3,6,clear,B,16,120,Low
3,6,clear,C,37,130,Low
3,7,clear,A,40,150,Low
3,7,clear,B,15,120,Low
3,7,clear,C,37,130,Low
3,8,clear,A,95,150,Moderate
3,8,clear,B,32,120,Low
3,8,clear,C,58,130,Moderate
3,9,clear,A,77,150,Moderate
3,9,clear,B,38,120,Low
3,9,clear,C,55,130,Moderate
3,10,clear,A,91,150,Moderate
3,10,clear,B,37,120,Low
3,10,clear,C,60,130,Moderate
3,11,clear,A,88,150,Moderate
3,11,clear,B,25,120,Low
3,11,clear,C,66,130,Moderate
3,12,clear,A,55,150,Moderate
3,12,clear,B,18,120,Low
3,12,clear,C,29,130,Low
3,13,clear,A,55,150,Moderate
3,13,clear,B,21,120,Low
3,13,clear,C,35,130,Low
3,14,clear,A,68,150,Moderate
3,14,clear,B,22,120,Low
3,14,clear,C,34,130,Low
3,15,clear,A,61,150,Moderate
3,15,clear,B,20,120,Low
3,15,clear,C,35,130,Low
3,16,clear,A,65,150,Moderate
3,16,clear,B,17,120,Low
3,16,clear,C,35,130,Low
3,17,clear,A,129,150,High
3,17,clear,B,41,120,Low
3,17,clear,C,66,130,Moderate
3,18,clear,A,81,150,Moderate
3,18,clear,B,26,120,Low
3,18,clear,C,91,130,High
3,19,clear,A,115,150,High
3,19,clear,B,36,120,Low
3,19,clear,C,73,130,Moderate
3,20,clear,A,94,150,Moderate
3,20,clear,B,38,120,Low
3,20,clear,C,60,130,Moderate
3,21,clear,A,43,150,Low
3,21,clear,B,13,120,Low
3,21,clear,C,26,130,Low
3,22,clear,A,63,150,Moderate
3,22,clear,B,17,120,Low
3,22,clear,C,37,130,Low
3,23,clear,A,62,150,Moderate
3,23,clear,B,20,120,Low
3,23,clear,C,33,130,Low
4,0,rain,A,15,150,Low
4,0,rain,B,7,120,Low
4,0,rain,C,13,130,Low
4,1,rain,A,20,150,Low
4,1,rain,B,4,120,Low
4,1,rain,C,9,130,Low
4,2,rain,A,16,150,Low
4,2,rain,B,6,120,Low
4,2,rain,C,7,130,Low
4,3,rain,A,12,150,Low
4,3,rain,B,7,120,Low
4,3,rain,C,9,130,Low
4,4,rain,A,12,150,Low
4,4,rain,B,5,120,Low
4,4,rain,C,11,130,Low
4,5,rain,A,14,150,Low
4,5,rain,B,6,120,Low
4,5,rain,C,8,130,Low
4,6,rain,A,48,150,Low
4,6,rain,B,29,120,Low
4,6,rain,C,44,130,Low
4,7,rain,A,62,150,Moderate
4,7,rain,B,22,120,Low
4,7,rain,C,51,130,Moderate
4,8,rain,A,129,150,High
4,8,rain,B,50,120,Moderate
4,8,rain,C,68,130,Moderate
4,9,rain,A,119,150,High
4,9,rain,B,45,120,Moderate
4,9,rain,C,69,130,Moderate
4,10,rain,A,117,150,High
4,10,rain,B,39,120,Low
4,10,rain,C,80,130,Moderate
4,11,rain,A,95,150,Moderate
4,11,rain,B,46,120,Moderate
4,11,rain,C,79,130,Moderate
4,12,rain,A,63,150,Moderate
4,12,rain,B,25,120,Low
4,12,rain,C,39,130,Low
4,13,rain,A,59,150,Moderate
4,13,rain,B,25,120,Low
4,13,rain,C,45,130,Low
4,14,rain,A,60,150,Moderate
4,14,rain,B,21,120,Low
4,14,rain,C,40,130,Low
4,15,rain,A,60,150,Moderate
4,15,rain,B,29,120,Low
4,15,rain,C,43,130,Low
4,16,rain,A,66,150,Moderate
4,16,rain,B,20,120,Low
4,16,rain,C,46,130,Moderate
4,17,rain,A,119,150,High
4,17,rain,B,43,120,Moderate
4,17,rain,C,93,130,High
4,18,rain,A,139,150,High
4,18,rain,B,29,120,Low
4,18,rain,C,82,130,Moderate
4,19,rain,A,134,150,High
4,19,rain,B,45,120,Moderate
4,19,rain,C,86,130,High
4,20,rain,A,96,150,Moderate
4,20,rain,B,27,120,Low
4,20,rain,C,71,130,Moderate
4,21,rain,A,68,150,Moderate
4,21,rain,B,12,120,Low
4,21,rain,C,36,130,Low
4,22,rain,A,46,150,Low
4,22,rain,B,23,120,Low
4,22,rain,C,54,130,Moderate
4,23,rain,A,63,150,Moderate
4,23,rain,B,23,120,Low
4,23,rain,C,47,130,Moderate
5,0,clear,A,9,150,Low
5,0,clear,B,3,120,Low
5,0,clear,C,6,130,Low
5,1,clear,A,10,150,Low
5,1,clear,B,3,120,Low
5,1,clear,C,5,130,Low
5,2,clear,A,10,150,Low
5,2,clear,B,3,120,Low
5,2,clear,C,7,130,Low
5,3,clear,A,8,150,Low
5,3,clear,B,4,120,Low
5,3,clear,C,6,130,Low
5,4,clear,A,8,150,Low
5,4,clear,B,3,120,Low
5,4,clear,C,5,130,Low
5,5,clear,A,9,150,Low
5,5,clear,B,3,120,Low
5,5,clear,C,6,130,Low
5,6,clear,A,43,150,Low
5,6,clear,B,15,120,Low
5,6,clear,C,20,130,Low
5,7,clear,A,32,150,Low
5,7,clear,B,14,120,Low
5,7,clear,C,25,130,Low
5,8,clear,A,62,150,Moderate
5,8,clear,B,31,120,Low
5,8,clear,C,49,130,Moderate
5,9,clear,A,62,150,Moderate
5,9,clear,B,22,120,Low
5,9,clear,C,42,130,Low
5,10,clear,A,65,150,Moderate
5,10,clear,B,29,120,Low
5,10,clear,C,50,130,Moderate
5,11,clear,A,69,150,Moderate
5,11,clear,B,27,120,Low
5,11,clear,C,49,130,Moderate
5,12,clear,A,38,150,Low
5,12,clear,B,14,120,Low
5,12,clear,C,26,130,Low
5,13,clear,A,41,150,Low
5,13,clear,B,12,120,Low
5,13,clear,C,22,130,Low
5,14,clear,A,36,150,Low
5,14,clear,B,12,120,Low
5,14,clear,C,19,130,Low
5,15,clear,A,42,150,Low
5,15,clear,B,14,120,Low
5,15,clear,C,19,130,Low
5,16,clear,A,37,150,Low
5,16,clear,B,13,120,Low
5,16,clear,C,25,130,Low
5,17,clear,A,64,150,Moderate
5,17,clear,B,22,120,Low
5,17,clear,C,52,130,Moderate
5,18,clear,A,59,150,Moderate
5,18,clear,B,27,120,Low
5,18,clear,C,46,130,Moderate
5,19,clear,A,75,150,Moderate
5,19,clear,B,29,120,Low
5,19,clear,C,60,130,Moderate
5,20,clear,A,58,150,Moderate
5,20,clear,B,31,120,Low
5,20,clear,C,30,130,Low
5,21,clear,A,46,150,Low
5,21,clear,B,9,120,Low
5,21,clear,C,33,130,Low
5,22,clear,A,36,150,Low
5,22,clear,B,16,120,Low
5,22,clear,C,28,130,Low
5,23,clear,A,35,150,Low
5,23,clear,B,13,120,Low
5,23,clear,C,21,130,Low
6,0,clear,A,9,150,Low
6,0,clear,B,3,120,Low
6,0,clear,C,6,130,Low
6,1,clear,A,8,150,Low
6,1,clear,B,3,120,Low
6,1,clear,C,6,130,Low
6,2,clear,A,8,150,Low
6,2,clear,B,3,120,Low
6,2,clear,C,7,130,Low
6,3,clear,A,9,150,Low
6,3,clear,B,3,120,Low
6,3,clear,C,5,130,Low
6,4,clear,A,10,150,Low
6,4,clear,B,2,120,Low
6,4,clear,C,6,130,Low
6,5,clear,A,9,150,Low
6,5,clear,B,2,120,Low
6,5,clear,C,7,130,Low
6,6,clear,A,46,150,Low
6,6,clear,B,12,120,Low
6,6,clear,C,20,130,Low
6,7,clear,A,39,150,Low
6,7,clear,B,11,120,Low
6,7,clear,C,29,130,Low
6,8,clear,A,64,150,Moderate
6,8,clear,B,31,120,Low
6,8,clear,C,38,130,Low
6,9,clear,A,68,150,Moderate
6,9,clear,B,29,120,Low
6,9,clear,C,41,130,Low
6,10,clear,A,72,150,Moderate
6,10,clear,B,29,120,Low
6,10,clear,C,40,130,Low
6,11,clear,A,56,150,Moderate
6,11,clear,B,19,120,Low
6,11,clear,C,47,130,Moderate
6,12,clear,A,40,150,Low
6,12,clear,B,16,120,Low
6,12,clear,C,23,130,Low
6,13,clear,A,30,150,Low
6,13,clear,B,9,120,Low
6,13,clear,C,35,130,Low
6,14,clear,A,41,150,Low
6,14,clear,B,14,120,Low
6,14,clear,C,25,130,Low
6,15,clear,A,30,150,Low
6,15,clear,B,12,120,Low
6,15,clear,C,30,130,Low
6,16,clear,A,42,150,Low
6,16,clear,B,12,120,Low
6,16,clear,C,19,130,Low
6,17,clear,A,71,150,Moderate
6,17,clear,B,26,120,Low
6,17,clear,C,64,130,Moderate
6,18,clear,A,74,150,Moderate
6,18,clear,B,23,120,Low
6,18,clear,C,48,130,Moderate
6,19,clear,A,80,150,Moderate
6,19,clear,B,22,120,Low
6,19,clear,C,51,130,Moderate
6,20,clear,A,90,150,Moderate
6,20,clear,B,28,120,Low
6,20,clear,C,43,130,Low
6,21,clear,A,35,150,Low
6,21,clear,B,10,120,Low
6,21,clear,C,24,130,Low
6,22,clear,A,40,150,Low
6,22,clear,B,12,120,Low
6,22,clear,C,31,130,Low
6,23,clear,A,43,150,Low
6,23,clear,B,10,120,Low
6,23,clear,C,17,130,Low
0,0,clear,A,16,150,Low
0,0,clear,B,5,120,Low
0,0,clear,C,10,130,Low
0,1,clear,A,13,150,Low
0,1,clear,B,4,120,Low
0,1,clear,C,7,130,Low
0,2,clear,A,14,150,Low
0,2,clear,B,4,120,Low
0,2,clear,C,8,130,Low
0,3,clear,A,17,150,Low
0,3,clear,B,4,120,Low
0,3,clear,C,10,130,Low
0,4,clear,A,10,150,Low
0,4,clear,B,7,120,Low
0,4,clear,C,8,130,Low
0,5,clear,A,15,150,Low
0,5,clear,B,5,120,Low
0,5,clear,C,8,130,Low
0,6,clear,A,61,150,Moderate
0,6,clear,B,22,120,Low
0,6,clear,C,31,130,Low
0,7,clear,A,49,150,Low
0,7,clear,B,20,120,Low
0,7,clear,C,34,130,Low
0,8,clear,A,119,150,High
0,8,clear,B,39,120,Low
0,8,clear,C,62,130,Moderate
0,9,clear,A,108,150,High
0,9,clear,B,24,120,Low
0,9,clear,C,57,130,Moderate
0,10,clear,A,103,150,High
0,10,clear,B,42,120,Moderate
0,10,clear,C,64,130,Moderate
0,11,clear,A,120,150,High
0,11,clear,B,40,120,Low
0,11,clear,C,58,130,Moderate
0,12,clear,A,53,150,Moderate
0,12,clear,B,21,120,Low
0,12,clear,C,32,130,Low
0,13,clear,A,67,150,Moderate
0,13,clear,B,16,120,Low
0,13,clear,C,36,130,Low
0,14,clear,A,61,150,Moderate
0,14,clear,B,19,120,Low
0,14,clear,C,32,130,Low
0,15,clear,A,54,150,Moderate
0,15,clear,B,22,120,Low
0,15,clear,C,32,130,Low
0,16,clear,A,46,150,Low
0,16,clear,B,23,120,Low
0,16,clear,C,37,130,Low
0,17,clear,A,126,150,High
0,17,clear,B,44,120,Moderate
0,17,clear,C,92,130,High
0,18,clear,A,128,150,High
0,18,clear,B,35,120,Low
0,18,clear,C,74,130,Moderate
0,19,clear,A,100,150,High
0,19,clear,B,37,120,Low
0,19,clear,C,55,130,Moderate
0,20,clear,A,105,150,High
0,20,clear,B,43,120,Moderate
0,20,clear,C,69,130,Moderate
0,21,clear,A,45,150,Low
0,21,clear,B,15,120,Low
0,21,clear,C,46,130,Moderate
0,22,clear,A,57,150,Moderate
0,22,clear,B,17,120,Low
0,22,clear,C,37,130,Low
0,23,clear,A,73,150,Moderate
0,23,clear,B,21,120,Low
0,23,clear,C,20,130,Low
1,0,clear,A,9,150,Low
1,0,clear,B,4,120,Low
1,0,clear,C,7,130,Low
1,1,clear,A,12,150,Low
1,1,clear,B,5,120,Low
1,1,clear,C,6,130,Low
1,2,clear,A,13,150,Low
1,2,clear,B,5,120,Low
1,2,clear,C,7,130,Low
1,3,clear,A,10,150,Low
1,3,clear,B,4,120,Low
1,3,clear,C,8,130,Low
1,4,clear,A,12,150,Low
1,4,clear,B,4,120,Low
1,4,clear,C,9,130,Low
1,5,clear,A,14,150,Low
1,5,clear,B,4,120,Low
1,5,clear,C,7,130,Low
1,6,clear,A,56,150,Moderate
1,6,clear,B,17,120,Low
1,6,clear,C,35,130,Low
1,7,clear,A,67,150,Moderate
1,7,clear,B,19,120,Low
1,7,clear,C,28,130,Low
1,8,clear,A,104,150,High
1,8,clear,B,35,120,Low
1,8,clear,C,61,130,Moderate
1,9,clear,A,106,150,High
1,9,clear,B,39,120,Low
1,9,clear,C,63,130,Moderate
1,10,clear,A,98,150,High
1,10,clear,B,47,120,Moderate
1,10,clear,C,74,130,Moderate
1,11,clear,A,111,150,High
1,11,clear,B,36,120,Low
1,11,clear,C,53,130,Moderate
1,12,clear,A,64,150,Moderate
1,12,clear,B,20,120,Low
1,12,clear,C,31,130,Low
1,13,clear,A,52,150,Low
1,13,clear,B,17,120,Low
1,13,clear,C,40,130,Low
1,14,clear,A,60,150,Moderate
1,14,clear,B,20,120,Low
1,14,clear,C,34,130,Low
1,15,clear,A,49,150,Low
1,15,clear,B,13,120,Low
1,15,clear,C,27,130,Low
1,16,clear,A,48,150,Low
1,16,clear,B,17,120,Low
1,16,clear,C,36,130,Low
1,17,clear,A,123,150,High
1,17,clear,B,39,120,Low
1,17,clear,C,84,130,Moderate
1,18,clear,A,97,150,Moderate
1,18,clear,B,39,120,Low
1,18,clear,C,69,130,Moderate
1,19,clear,A,128,150,High
1,19,clear,B,40,120,Low
1,19,clear,C,71,130,Moderate
1,20,clear,A,82,150,Moderate
1,20,clear,B,34,120,Low
1,20,clear,C,81,130,Moderate
1,21,clear,A,37,150,Low
1,21,clear,B,24,120,Low
1,21,clear,C,37,130,Low
1,22,clear,A,48,150,Low
1,22,clear,B,17,120,Low
1,22,clear,C,44,130,Low
1,23,clear,A,66,150,Moderate
1,23,clear,B,19,120,Low
1,23,clear,C,35,130,Low
2,0,clear,A,14,150,Low
2,0,clear,B,4,120,Low
2,0,clear,C,8,130,Low
2,1,clear,A,17,150,Low
2,1,clear,B,4,120,Low
2,1,clear,C,7,130,Low
2,2,clear,A,10,150,Low
2,2,clear,B,5,120,Low
2,2,clear,C,7,130,Low
2,3,clear,A,14,150,Low
2,3,clear,B,3,120,Low
2,3,clear,C,9,130,Low
2,4,clear,A,11,150,Low
2,4,clear,B,5,120,Low
2,4,clear,C,8,130,Low
2,5,clear,A,17,150,Low
2,5,clear,B,5,120,Low
2,5,clear,C,11,130,Low
2,6,clear,A,59,150,Moderate
2,6,clear,B,24,120,Low
2,6,clear,C,33,130,Low
2,7,clear,A,57,150,Moderate
2,7,clear,B,23,120,Low
2,7,clear,C,39,130,Low
2,8,clear,A,106,150,High
2,8,clear,B,34,120,Low
2,8,clear,C,61,130,Moderate
2,9,clear,A,115,150,High
2,9,clear,B,43,120,Moderate
2,9,clear,C,57,130,Moderate
2,10,clear,A,87,150,Moderate
2,10,clear,B,31,120,Low
2,10,clear,C,70,130,Moderate
2,11,clear,A,85,150,Moderate
2,11,clear,B,40,120,Low
2,11,clear,C,68,130,Moderate
2,12,clear,A,50,150,Low
2,12,clear,B,24,120,Low
2,12,clear,C,27,130,Low
2,13,clear,A,68,150,Moderate
2,13,clear,B,20,120,Low
2,13,clear,C,24,130,Low
2,14,clear,A,68,150,Moderate
2,14,clear,B,22,120,Low
2,14,clear,C,32,130,Low
2,15,clear,A,47,150,Low
2,15,clear,B,15,120,Low
2,15,clear,C,47,130,Moderate
2,16,clear,A,47,150,Low
2,16,clear,B,16,120,Low
2,16,clear,C,36,130,Low
2,17,clear,A,82,150,Moderate
2,17,clear,B,34,120,Low
2,17,clear,C,80,130,Moderate
2,18,clear,A,117,150,High
2,18,clear,B,37,120,Low
2,18,clear,C,70,130,Moderate
2,19,clear,A,102,150,High
2,19,clear,B,39,120,Low
2,19,clear,C,62,130,Moderate
2,20,clear,A,100,150,High
2,20,clear,B,36,120,Low
2,20,clear,C,62,130,Moderate
2,21,clear,A,63,150,Moderate
2,21,clear,B,22,120,Low
2,21,clear,C,30,130,Low
2,22,clear,A,45,150,Low
2,22,clear,B,19,120,Low
2,22,clear,C,46,130,Moderate
2,23,clear,A,46,150,Low
2,23,clear,B,19,120,Low
2,23,clear,C,35,130,Low
3,0,rain,A,15,150,Low
3,0,rain,B,7,120,Low
3,0,rain,C,11,130,Low
3,1,rain,A,18,150,Low
3,1,rain,B,6,120,Low
3,1,rain,C,11,130,Low
3,2,rain,A,20,150,Low
3,2,rain,B,7,120,Low
3,2,rain,C,14,130,Low
3,3,rain,A,19,150,Low
3,3,rain,B,5,120,Low
3,3,rain,C,11,130,Low
3,4,rain,A,18,150,Low
3,4,rain,B,7,120,Low
3,4,rain,C,8,130,Low
3,5,rain,A,17,150,Low
3,5,rain,B,5,120,Low
3,5,rain,C,11,130,Low
3,6,rain,A,63,150,Moderate
3,6,rain,B,25,120,Low
3,6,rain,C,33,130,Low
3,7,rain,A,73,150,Moderate
3,7,rain,B,24,120,Low
3,7,rain,C,42,130,Low
3,8,rain,A,153,150,High
3,8,rain,B,40,120,Low
3,8,rain,C,79,130,Moderate
3,9,rain,A,120,150,High
3,9,rain,B,44,120,Moderate
3,9,rain,C,100,130,High
3,10,rain,A,119,150,High
3,10,rain,B,39,120,Low
3,10,rain,C,96,130,High
3,11,rain,A,113,150,High
3,11,rain,B,32,120,Low
3,11,rain,C,67,130,Moderate
3,12,rain,A,53,150,Moderate
3,12,rain,B,17,120,Low
3,12,rain,C,39,130,Low
3,13,rain,A,65,150,Moderate
3,13,rain,B,28,120,Low
3,13,rain,C,45,130,Low
3,14,rain,A,71,150,Moderate
3,14,rain,B,20,120,Low
3,14,rain,C,47,130,Moderate
3,15,rain,A,79,150,Moderate
3,15,rain,B,25,120,Low
3,15,rain,C,44,130,Low
3,16,rain,A,53,150,Moderate
3,16,rain,B,27,120,Low
3,16,rain,C,53,130,Moderate
3,17,rain,A,138,150,High
3,17,rain,B,43,120,Moderate
3,17,rain,C,81,130,Moderate
3,18,rain,A,123,150,High
3,18,rain,B,45,120,Moderate
3,18,rain,C,92,130,High
3,19,rain,A,137,150,High
3,19,rain,B,55,120,Moderate
3,19,rain,C,88,130,High
3,20,rain,A,114,150,High
3,20,rain,B,44,120,Moderate
3,20,rain,C,76,130,Moderate
3,21,rain,A,64,150,Moderate
3,21,rain,B,30,120,Low
3,21,rain,C,54,130,Moderate
3,22,rain,A,74,150,Moderate
3,22,rain,B,24,120,Low
3,22,rain,C,33,130,Low
3,23,rain,A,68,150,Moderate
3,23,rain,B,21,120,Low
3,23,rain,C,52,130,Moderate
4,0,clear,A,14,150,Low
4,0,clear,B,4,120,Low
4,0,clear,C,8,130,Low
4,1,clear,A,15,150,Low
4,1,clear,B,5,120,Low
4,1,clear,C,8,130,Low
4,2,clear,A,15,150,Low
4,2,clear,B,4,120,Low
4,2,clear,C,9,130,Low
4,3,clear,A,15,150,Low
4,3,clear,B,5,120,Low
4,3,clear,C,8,130,Low
4,4,clear,A,13,150,Low
4,4,clear,B,5,120,Low
4,4,clear,C,7,130,Low
4,5,clear,A,11,150,Low
4,5,clear,B,5,120,Low
4,5,clear,C,8,130,Low
4,6,clear,A,43,150,Low
4,6,clear,B,24,120,Low
4,6,clear,C,29,130,Low
4,7,clear,A,53,150,Moderate
4,7,clear,B,18,120,Low
4,7,clear,C,33,130,Low
4,8,clear,A,85,150,Moderate
4,8,clear,B,39,120,Low
4,8,clear,C,64,130,Moderate
4,9,clear,A,113,150,High
4,9,clear,B,32,120,Low
4,9,clear,C,83,130,Moderate
4,10,clear,A,70,150,Moderate
4,10,clear,B,27,120,Low
4,10,clear,C,79,130,Moderate
4,11,clear,A,106,150,High
4,11,clear,B,37,120,Low
4,11,clear,C,67,130,Moderate
4,12,clear,A,59,150,Moderate
4,12,clear,B,20,120,Low
4,12,clear,C,29,130,Low
4,13,clear,A,61,150,Moderate
4,13,clear,B,21,120,Low
4,13,clear,C,42,130,Low
4,14,clear,A,69,150,Moderate
4,14,clear,B,20,120,Low
4,14,clear,C,28,130,Low
4,15,clear,A,69,150,Moderate
4,15,clear,B,16,120,Low
4,15,clear,C,36,130,Low
4,16,clear,A,52,150,Low
4,16,clear,B,18,120,Low
4,16,clear,C,39,130,Low
4,17,clear,A,114,150,High
4,17,clear,B,43,120,Moderate
4,17,clear,C,61,130,Moderate
4,18,clear,A,107,150,High
4,18,clear,B,35,120,Low
4,18,clear,C,67,130,Moderate
4,19,clear,A,108,150,High
4,19,clear,B,51,120,Moderate
4,19,clear,C,67,130,Moderate
4,20,clear,A,74,150,Moderate
4,20,clear,B,48,120,Moderate
4,20,clear,C,74,130,Moderate
4,21,clear,A,53,150,Moderate
4,21,clear,B,18,120,Low
4,21,clear,C,30,130,Low
4,22,clear,A,70,150,Moderate
4,22,clear,B,20,120,Low
4,22,clear,C,25,130,Low
4,23,clear,A,57,150,Moderate
4,23,clear,B,23,120,Low
4,23,clear,C,35,130,Low
5,0,clear,A,8,150,Low
5,0,clear,B,3,120,Low
5,0,clear,C,7,130,Low
5,1,clear,A,9,150,Low
5,1,clear,B,2,120,Low
5,1,clear,C,6,130,Low
5,2,clear,A,9,150,Low
5,2,clear,B,3,120,Low
5,2,clear,C,5,130,Low
5,3,clear,A,8,150,Low
5,3,clear,B,4,120,Low
5,3,clear,C,6,130,Low
5,4,clear,A,10,150,Low
5,4,clear,B,3,120,Low
5,4,clear,C,6,130,Low
5,5,clear,A,8,150,Low
5,5,clear,B,3,120,Low
5,5,clear,C,7,130,Low
5,6,clear,A,46,150,Low
5,6,clear,B,11,120,Low
5,6,clear,C,23,130,Low
5,7,clear,A,43,150,Low
5,7,clear,B,17,120,Low
5,7,clear,C,31,130,Low
5,8,clear,A,61,150,Moderate
5,8,clear,B,30,120,Low
5,8,clear,C,44,130,Low
5,9,clear,A,80,150,Moderate
5,9,clear,B,28,120,Low
5,9,clear,C,35,130,Low
5,10,clear,A,75,150,Moderate
5,10,clear,B,29,120,Low
5,10,clear,C,43,130,Low
5,11,clear,A,66,150,Moderate
5,11,clear,B,19,120,Low
5,11,clear,C,48,130,Moderate
5,12,clear,A,39,150,Low
5,12,clear,B,12,120,Low
5,12,clear,C,23,130,Low
5,13,clear,A,39,150,Low
5,13,clear,B,12,120,Low
5,13,clear,C,24,130,Low
5,14,clear,A,28,150,Low
5,14,clear,B,16,120,Low
5,14,clear,C,24,130,Low
5,15,clear,A,32,150,Low
5,15,clear,B,8,120,Low
5,15,clear,C,28,130,Low
5,16,clear,A,41,150,Low
5,16,clear,B,14,120,Low
5,16,clear,C,27,130,Low
5,17,clear,A,86,150,Moderate
5,17,clear,B,28,120,Low
5,17,clear,C,47,130,Moderate
5,18,clear,A,72,150,Moderate
5,18,clear,B,29,120,Low
5,18,clear,C,59,130,Moderate
5,19,clear,A,75,150,Moderate
5,19,clear,B,34,120,Low
5,19,clear,C,51,130,Moderate
5,20,clear,A,81,150,Moderate
5,20,clear,B,38,120,Low
5,20,clear,C,61,130,Moderate
5,21,clear,A,48,150,Low
5,21,clear,B,12,120,Low
5,21,clear,C,32,130,Low
5,22,clear,A,38,150,Low
5,22,clear,B,13,120,Low
5,22,clear,C,16,130,Low
5,23,clear,A,40,150,Low
5,23,clear,B,11,120,Low
5,23,clear,C,26,130,Low
6,0,clear,A,12,150,Low
6,0,clear,B,3,120,Low
6,0,clear,C,8,130,Low
6,1,clear,A,8,150,Low
6,1,clear,B,4,120,Low
6,1,clear,C,4,130,Low
6,2,clear,A,9,150,Low
6,2,clear,B,3,120,Low
6,2,clear,C,5,130,Low
6,3,clear,A,8,150,Low
6,3,clear,B,3,120,Low
6,3,clear,C,4,130,Low
6,4,clear,A,8,150,Low
6,4,clear,B,3,120,Low
6,4,clear,C,7,130,Low
6,5,clear,A,10,150,Low
6,5,clear,B,4,120,Low
6,5,clear,C,4,130,Low
6,6,clear,A,35,150,Low
6,6,clear,B,15,120,Low
6,6,clear,C,25,130,Low
6,7,clear,A,33,150,Low
6,7,clear,B,15,120,Low
6,7,clear,C,22,130,Low
6,8,clear,A,61,150,Moderate
6,8,clear,B,27,120,Low
6,8,clear,C,44,130,Low
6,9,clear,A,63,150,Moderate
6,9,clear,B,23,120,Low
6,9,clear,C,37,130,Low
6,10,clear,A,65,150,Moderate
6,10,clear,B,29,120,Low
6,10,clear,C,45,130,Low
6,11,clear,A,79,150,Moderate
6,11,clear,B,27,120,Low
6,11,clear,C,40,130,Low
6,12,clear,A,28,150,Low
6,12,clear,B,12,120,Low
6,12,clear,C,22,130,Low
6,13,clear,A,34,150,Low
6,13,clear,B,16,120,Low
6,13,clear,C,28,130,Low
6,14,clear,A,51,150,Low
6,14,clear,B,12,120,Low
6,14,clear,C,30,130,Low
6,15,clear,A,47,150,Low
6,15,clear,B,13,120,Low
6,15,clear,C,26,130,Low
6,16,clear,A,45,150,Low
6,16,clear,B,13,120,Low
6,16,clear,C,23,130,Low
6,17,clear,A,69,150,Moderate
6,17,clear,B,18,120,Low
6,17,clear,C,49,130,Moderate
6,18,clear,A,68,150,Moderate
6,18,clear,B,23,120,Low
6,18,clear,C,52,130,Moderate
6,19,clear,A,60,150,Moderate
6,19,clear,B,31,120,Low
6,19,clear,C,52,130,Moderate
6,20,clear,A,72,150,Moderate
6,20,clear,B,27,120,Low
6,20,clear,C,40,130,Low
6,21,clear,A,42,150,Low
6,21,clear,B,14,120,Low
6,21,clear,C,25,130,Low
6,22,clear,A,41,150,Low
6,22,clear,B,12,120,Low
6,22,clear,C,18,130,Low
6,23,clear,A,44,150,Low
6,23,clear,B,15,120,Low
6,23,clear,C,22,130,Low
0,0,clear,A,16,150,Low
0,0,clear,B,5,120,Low
0,0,clear,C,8,130,Low
0,1,clear,A,10,150,Low
0,1,clear,B,4,120,Low
0,1,clear,C,8,130,Low
0,2,clear,A,16,150,Low
0,2,clear,B,4,120,Low
0,2,clear,C,7,130,Low
0,3,clear,A,12,150,Low
0,3,clear,B,4,120,Low
0,3,clear,C,8,130,Low
0,4,clear,A,11,150,Low
0,4,clear,B,5,120,Low
0,4,clear,C,8,130,Low
0,5,clear,A,18,150,Low
0,5,clear,B,4,120,Low
0,5,clear,C,10,130,Low
0,6,clear,A,66,150,Moderate
0,6,clear,B,18,120,Low
0,6,clear,C,32,130,Low
0,7,clear,A,47,150,Low
0,7,clear,B,17,120,Low
0,7,clear,C,34,130,Low
0,8,clear,A,99,150,High
0,8,clear,B,27,120,Low
0,8,clear,C,84,130,Moderate
0,9,clear,A,95,150,Moderate
0,9,clear,B,36,120,Low
0,9,clear,C,57,130,Moderate
0,10,clear,A,95,150,Moderate
0,10,clear,B,34,120,Low
0,10,clear,C,62,130,Moderate
0,11,clear,A,98,150,High
0,11,clear,B,40,120,Low
0,11,clear,C,65,130,Moderate
0,12,clear,A,60,150,Moderate
0,12,clear,B,19,120,Low
0,12,clear,C,36,130,Low
0,13,clear,A,53,150,Moderate
0,13,clear,B,23,120,Low
0,13,clear,C,36,130,Low
0,14,clear,A,53,150,Moderate
0,14,clear,B,19,120,Low
0,14,clear,C,34,130,Low
0,15,clear,A,55,150,Moderate
0,15,clear,B,19,120,Low
0,15,clear,C,32,130,Low
0,16,clear,A,61,150,Moderate
0,16,clear,B,22,120,Low
0,16,clear,C,44,130,Low
0,17,clear,A,100,150,High
0,17,clear,B,43,120,Moderate
0,17,clear,C,49,130,Moderate
0,18,clear,A,123,150,High
0,18,clear,B,31,120,Low
0,18,clear,C,59,130,Moderate
0,19,clear,A,115,150,High
0,19,clear,B,36,120,Low
0,19,clear,C,62,130,Moderate
0,20,clear,A,102,150,High
0,20,clear,B,44,120,Moderate
0,20,clear,C,60,130,Moderate
0,21,clear,A,54,150,Moderate
0,21,clear,B,18,120,Low
0,21,clear,C,39,130,Low
0,22,clear,A,61,150,Moderate
0,22,clear,B,14,120,Low
0,22,clear,C,40,130,Low
0,23,clear,A,49,150,Low
0,23,clear,B,20,120,Low
0,23,clear,C,30,130,Low
1,0,fog,A,20,150,Low
1,0,fog,B,5,120,Low
1,0,fog,C,8,130,Low
1,1,fog,A,14,150,Low
1,1,fog,B,4,120,Low
1,1,fog,C,11,130,Low
1,2,fog,A,15,150,Low
1,2,fog,B,4,120,Low
1,2,fog,C,8,130,Low
1,3,fog,A,15,150,Low
1,3,fog,B,6,120,Low
1,3,fog,C,7,130,Low
1,4,fog,A,17,150,Low
1,4,fog,B,5,120,Low
1,4,fog,C,8,130,Low
1,5,fog,A,14,150,Low
1,5,fog,B,6,120,Low
1,5,fog,C,7,130,Low
1,6,fog,A,53,150,Moderate
1,6,fog,B,25,120,Low
1,6,fog,C,39,130,Low
1,7,fog,A,53,150,Moderate
1,7,fog,B,25,120,Low
1,7,fog,C,44,130,Low
1,8,fog,A,114,150,High
1,8,fog,B,35,120,Low
1,8,fog,C,64,130,Moderate
1,9,fog,A,113,150,High
1,9,fog,B,31,120,Low
1,9,fog,C,83,130,Moderate
1,10,fog,A,136,150,High
1,10,fog,B,38,120,Low
1,10,fog,C,73,130,Moderate
1,11,fog,A,128,150,High
1,11,fog,B,51,120,Moderate
1,11,fog,C,85,130,High
1,12,fog,A,44,150,Low
1,12,fog,B,20,120,Low
1,12,fog,C,41,130,Low
1,13,fog,A,56,150,Moderate
1,13,fog,B,27,120,Low
1,13,fog,C,47,130,Moderate
1,14,fog,A,53,150,Moderate
1,14,fog,B,21,120,Low
1,14,fog,C,34,130,Low
1,15,fog,A,58,150,Moderate
1,15,fog,B,21,120,Low
1,15,fog,C,44,130,Low
1,16,fog,A,52,150,Low
1,16,fog,B,13,120,Low
1,16,fog,C,29,130,Low
1,17,fog,A,102,150,High
1,17,fog,B,39,120,Low
1,17,fog,C,79,130,Moderate
1,18,fog,A,101,150,High
1,18,fog,B,36,120,Low
1,18,fog,C,66,130,Moderate
1,19,fog,A,100,150,High
1,19,fog,B,40,120,Low
1,19,fog,C,70,130,Moderate
1,20,fog,A,133,150,High
1,20,fog,B,37,120,Low
1,20,fog,C,72,130,Moderate
1,21,fog,A,55,150,Moderate
1,21,fog,B,24,120,Low
1,21,fog,C,37,130,Low
1,22,fog,A,70,150,Moderate
1,22,fog,B,18,120,Low
1,22,fog,C,38,130,Low
1,23,fog,A,55,150,Moderate
1,23,fog,B,17,120,Low
1,23,fog,C,38,130,Low
2,0,clear,A,11,150,Low
2,0,clear,B,4,120,Low
2,0,clear,C,7,130,Low
2,1,clear,A,10,150,Low
2,1,clear,B,4,120,Low
2,1,clear,C,8,130,Low
2,2,clear,A,12,150,Low
2,2,clear,B,4,120,Low
2,2,clear,C,6,130,Low
2,3,clear,A,12,150,Low
2,3,clear,B,5,120,Low
2,3,clear,C,6,130,Low
2,4,clear,A,13,150,Low
2,4,clear,B,5,120,Low
2,4,clear,C,7,130,Low
2,5,clear,A,14,150,Low
2,5,clear,B,3,120,Low
2,5,clear,C,9,130,Low
2,6,clear,A,58,150,Moderate
2,6,clear,B,20,120,Low
2,6,clear,C,40,130,Low
2,7,clear,A,52,150,Low
2,7,clear,B,18,120,Low
2,7,clear,C,42,130,Low
2,8,clear,A,126,150,High
2,8,clear,B,32,120,Low
2,8,clear,C,61,130,Moderate
2,9,clear,A,114,150,High
2,9,clear,B,35,120,Low
2,9,clear,C,68,130,Moderate
2,10,clear,A,110,150,High
2,10,clear,B,32,120,Low
2,10,clear,C,66,130,Moderate
2,11,clear,A,98,150,High
2,11,clear,B,29,120,Low
2,11,clear,C,53,130,Moderate
2,12,clear,A,49,150,Low
2,12,clear,B,22,120,Low
2,12,clear,C,40,130,Low
2,13,clear,A,61,150,Moderate
2,13,clear,B,21,120,Low
2,13,clear,C,37,130,Low
2,14,clear,A,57,150,Moderate
2,14,clear,B,21,120,Low
2,14,clear,C,37,130,Low
2,15,clear,A,43,150,Low
2,15,clear,B,17,120,Low
2,15,clear,C,29,130,Low
2,16,clear,A,64,150,Moderate
2,16,clear,B,24,120,Low
2,16,clear,C,23,130,Low
2,17,clear,A,135,150,High
2,17,clear,B,40,120,Low
2,17,clear,C,80,130,Moderate
2,18,clear,A,118,150,High
2,18,clear,B,48,120,Moderate
2,18,clear,C,72,130,Moderate
2,19,clear,A,87,150,Moderate
2,19,clear,B,39,120,Low
2,19,clear,C,75,130,Moderate
2,20,clear,A,106,150,High
2,20,clear,B,43,120,Moderate
2,20,clear,C,69,130,Moderate
2,21,clear,A,50,150,Low
2,21,clear,B,16,120,Low
2,21,clear,C,32,130,Low
2,22,clear,A,56,150,Moderate
2,22,clear,B,14,120,Low
2,22,clear,C,30,130,Low
2,23,clear,A,38,150,Low
2,23,clear,B,18,120,Low
2,23,clear,C,41,130,Low
3,0,clear,A,15,150,Low
3,0,clear,B,7,120,Low
3,0,clear,C,10,130,Low
3,1,clear,A,14,150,Low
3,1,clear,B,5,120,Low
3,1,clear,C,6,130,Low
3,2,clear,A,10,150,Low
3,2,clear,B,5,120,Low
3,2,clear,C,9,130,Low
3,3,clear,A,16,150,Low
3,3,clear,B,4,120,Low
3,3,clear,C,9,130,Low
3,4,clear,A,14,150,Low
3,4,clear,B,4,120,Low
3,4,clear,C,8,130,Low
3,5,clear,A,11,150,Low
3,5,clear,B,5,120,Low
3,5,clear,C,9,130,Low
3,6,clear,A,51,150,Low
3,6,clear,B,21,120,Low
3,6,clear,C,40,130,Low
3,7,clear,A,60,150,Moderate
3,7,clear,B,16,120,Low
3,7,clear,C,35,130,Low
3,8,clear,A,85,150,Moderate
3,8,clear,B,36,120,Low
3,8,clear,C,54,130,Moderate
3,9,clear,A,117,150,High
3,9,clear,B,40,120,Low
3,9,clear,C,73,130,Moderate
3,10,clear,A,114,150,High
3,10,clear,B,34,120,Low
3,10,clear,C,58,130,Moderate
3,11,clear,A,124,150,High
3,11,clear,B,35,120,Low
3,11,clear,C,50,130,Moderate
3,12,clear,A,63,150,Moderate
3,12,clear,B,20,120,Low
3,12,clear,C,42,130,Low
3,13,clear,A,57,150,Moderate
3,13,clear,B,19,120,Low
3,13,clear,C,43,130,Low
3,14,clear,A,42,150,Low
3,14,clear,B,18,120,Low
3,14,clear,C,30,130,Low
3,15,clear,A,36,150,Low
3,15,clear,B,22,120,Low
3,15,clear,C,32,130,Low
3,16,clear,A,62,150,Moderate
3,16,clear,B,21,120,Low
3,16,clear,C,38,130,Low
3,17,clear,A,102,150,High
3,17,clear,B,35,120,Low
3,17,clear,C,70,130,Moderate
3,18,clear,A,125,150,High
3,18,clear,B,39,120,Low
3,18,clear,C,62,130,Moderate
3,19,clear,A,90,150,Moderate
3,19,clear,B,41,120,Low
3,19,clear,C,64,130,Moderate
3,20,clear,A,108,150,High
3,20,clear,B,38,120,Low
3,20,clear,C,65,130,Moderate
3,21,clear,A,57,150,Moderate
3,21,clear,B,21,120,Low
3,21,clear,C,45,130,Low
3,22,clear,A,61,150,Moderate
3,22,clear,B,24,120,Low
3,22,clear,C,30,130,Low
3,23,clear,A,41,150,Low
3,23,clear,B,19,120,Low
3,23,clear,C,39,130,Low
4,0,rain,A,19,150,Low
4,0,rain,B,3,120,Low
4,0,rain,C,12,130,Low
4,1,rain,A,17,150,Low
4,1,rain,B,4,120,Low
4,1,rain,C,11,130,Low
4,2,rain,A,16,150,Low
4,2,rain,B,6,120,Low
4,2,rain,C,12,130,Low
4,3,rain,A,17,150,Low
4,3,rain,B,4,120,Low
4,3,rain,C,10,130,Low
4,4,rain,A,12,150,Low
4,4,rain,B,6,120,Low
4,4,rain,C,12,130,Low
4,5,rain,A,13,150,Low
4,5,rain,B,5,120,Low
4,5,rain,C,9,130,Low
4,6,rain,A,61,150,Moderate
4,6,rain,B,25,120,Low
4,6,rain,C,39,130,Low
4,7,rain,A,72,150,Moderate
4,7,rain,B,27,120,Low
4,7,rain,C,48,130,Moderate
4,8,rain,A,98,150,High
4,8,rain,B,52,120,Moderate
4,8,rain,C,92,130,High
4,9,rain,A,146,150,High
4,9,rain,B,42,120,Moderate
4,9,rain,C,67,130,Moderate
4,10,rain,A,101,150,High
4,10,rain,B,36,120,Low
4,10,rain,C,75,130,Moderate
4,11,rain,A,133,150,High
4,11,rain,B,51,120,Moderate
4,11,rain,C,70,130,Moderate
4,12,rain,A,65,150,Moderate
4,12,rain,B,23,120,Low
4,12,rain,C,37,130,Low
4,13,rain,A,73,150,Moderate
4,13,rain,B,25,120,Low
4,13,rain,C,42,130,Low
4,14,rain,A,69,150,Moderate
4,14,rain,B,26,120,Low
4,14,rain,C,45,130,Low
4,15,rain,A,57,150,Moderate
4,15,rain,B,27,120,Low
4,15,rain,C,43,130,Low
4,16,rain,A,61,150,Moderate
4,16,rain,B,24,120,Low
4,16,rain,C,44,130,Low
4,17,rain,A,153,150,High
4,17,rain,B,40,120,Low
4,17,rain,C,100,130,High
4,18,rain,A,132,150,High
4,18,rain,B,44,120,Moderate
4,18,rain,C,77,130,Moderate
4,19,rain,A,112,150,High
4,19,rain,B,35,120,Low
4,19,rain,C,92,130,High
4,20,rain,A,171,150,High
4,20,rain,B,36,120,Low
4,20,rain,C,72,130,Moderate
4,21,rain,A,73,150,Moderate
4,21,rain,B,23,120,Low
4,21,rain,C,47,130,Moderate
4,22,rain,A,64,150,Moderate
4,22,rain,B,21,120,Low
4,22,rain,C,40,130,Low
4,23,rain,A,42,150,Low
4,23,rain,B,19,120,Low
4,23,rain,C,47,130,Moderate
5,0,fog,A,12,150,Low
5,0,fog,B,4,120,Low
5,0,fog,C,4,130,Low
5,1,fog,A,9,150,Low
5,1,fog,B,4,120,Low
5,1,fog,C,8,130,Low
5,2,fog,A,12,150,Low
5,2,fog,B,3,120,Low
5,2,fog,C,5,130,Low
5,3,fog,A,10,150,Low
5,3,fog,B,3,120,Low
5,3,fog,C,8,130,Low
5,4,fog,A,10,150,Low
5,4,fog,B,3,120,Low
5,4,fog,C,6,130,Low
5,5,fog,A,11,150,Low
5,5,fog,B,4,120,Low
5,5,fog,C,6,130,Low
5,6,fog,A,35,150,Low
5,6,fog,B,18,120,Low
5,6,fog,C,20,130,Low
5,7,fog,A,52,150,Low
5,7,fog,B,10,120,Low
5,7,fog,C,24,130,Low
5,8,fog,A,87,150,Moderate
5,8,fog,B,27,120,Low
5,8,fog,C,38,130,Low
5,9,fog,A,81,150,Moderate
5,9,fog,B,27,120,Low
5,9,fog,C,46,130,Moderate
5,10,fog,A,69,150,Moderate
5,10,fog,B,27,120,Low
5,10,fog,C,44,130,Low
5,11,fog,A,104,150,High
5,11,fog,B,26,120,Low
5,11,fog,C,45,130,Low
5,12,fog,A,38,150,Low
5,12,fog,B,19,120,Low
5,12,fog,C,20,130,Low
5,13,fog,A,44,150,Low
5,13,fog,B,14,120,Low
5,13,fog,C,21,130,Low
5,14,fog,A,37,150,Low
5,14,fog,B,16,120,Low
5,14,fog,C,23,130,Low
5,15,fog,A,43,150,Low
5,15,fog,B,19,120,Low
5,15,fog,C,27,130,Low
5,16,fog,A,33,150,Low
5,16,fog,B,13,120,Low
5,16,fog,C,25,130,Low
5,17,fog,A,80,150,Moderate
5,17,fog,B,31,120,Low
5,17,fog,C,56,130,Moderate
5,18,fog,A,106,150,High
5,18,fog,B,30,120,Low
5,18,fog,C,44,130,Low
5,19,fog,A,99,150,High
5,19,fog,B,36,120,Low
5,19,fog,C,55,130,Moderate
5,20,fog,A,81,150,Moderate
5,20,fog,B,33,120,Low
5,20,fog,C,52,130,Moderate
5,21,fog,A,29,150,Low
5,21,fog,B,16,120,Low
5,21,fog,C,30,130,Low
5,22,fog,A,51,150,Low
5,22,fog,B,13,120,Low
5,22,fog,C,27,130,Low
5,23,fog,A,43,150,Low
5,23,fog,B,15,120,Low
5,23,fog,C,27,130,Low
6,0,rain,A,11,150,Low
6,0,rain,B,4,120,Low
6,0,rain,C,8,130,Low
6,1,rain,A,10,150,Low
6,1,rain,B,4,120,Low
6,1,rain,C,6,130,Low
6,2,rain,A,10,150,Low
6,2,rain,B,3,120,Low
6,2,rain,C,7,130,Low
6,3,rain,A,12,150,Low
6,3,rain,B,4,120,Low
6,3,rain,C,7,130,Low
6,4,rain,A,12,150,Low
6,4,rain,B,5,120,Low
6,4,rain,C,6,130,Low
6,5,rain,A,9,150,Low
6,5,rain,B,4,120,Low
6,5,rain,C,9,130,Low
6,6,rain,A,38,150,Low
6,6,rain,B,18,120,Low
6,6,rain,C,34,130,Low
6,7,rain,A,29,150,Low
6,7,rain,B,17,120,Low
6,7,rain,C,32,130,Low
6,8,rain,A,79,150,Moderate
6,8,rain,B,27,120,Low
6,8,rain,C,48,130,Moderate
6,9,rain,A,79,150,Moderate
6,9,rain,B,28,120,Low
6,9,rain,C,49,130,Moderate
6,10,rain,A,78,150,Moderate
6,10,rain,B,35,120,Low
6,10,rain,C,43,130,Low
6,11,rain,A,61,150,Moderate
6,11,rain,B,35,120,Low
6,11,rain,C,51,130,Moderate
6,12,rain,A,43,150,Low
6,12,rain,B,16,120,Low
6,12,rain,C,30,130,Low
6,13,rain,A,42,150,Low
6,13,rain,B,18,120,Low
6,13,rain,C,25,130,Low
6,14,rain,A,44,150,Low
6,14,rain,B,11,120,Low
6,14,rain,C,34,130,Low
6,15,rain,A,44,150,Low
6,15,rain,B,18,120,Low
6,15,rain,C,31,130,Low
6,16,rain,A,50,150,Low
6,16,rain,B,16,120,Low
6,16,rain,C,31,130,Low
6,17,rain,A,79,150,Moderate
6,17,rain,B,27,120,Low
6,17,rain,C,57,130,Moderate
6,18,rain,A,82,150,Moderate
6,18,rain,B,40,120,Low
6,18,rain,C,62,130,Moderate
6,19,rain,A,82,150,Moderate
6,19,rain,B,32,120,Low
6,19,rain,C,59,130,Moderate
6,20,rain,A,91,150,Moderate
6,20,rain,B,34,120,Low
6,20,rain,C,59,130,Moderate
6,21,rain,A,36,150,Low
6,21,rain,B,11,120,Low
6,21,rain,C,27,130,Low
6,22,rain,A,50,150,Low
6,22,rain,B,15,120,Low
6,22,rain,C,34,130,Low
6,23,rain,A,45,150,Low
6,23,rain,B,20,120,Low
6,23,rain,C,34,130,Low
0,0,fog,A,12,150,Low
0,0,fog,B,5,120,Low
0,0,fog,C,11,130,Low
0,1,fog,A,15,150,Low
0,1,fog,B,5,120,Low
0,1,fog,C,7,130,Low
0,2,fog,A,19,150,Low
0,2,fog,B,4,120,Low
0,2,fog,C,6,130,Low
0,3,fog,A,14,150,Low
0,3,fog,B,3,120,Low
0,3,fog,C,8,130,Low
0,4,fog,A,20,150,Low
0,4,fog,B,5,120,Low
0,4,fog,C,7,130,Low
0,5,fog,A,15,150,Low
0,5,fog,B,4,120,Low
0,5,fog,C,10,130,Low
0,6,fog,A,52,150,Low
0,6,fog,B,22,120,Low
0,6,fog,C,31,130,Low
0,7,fog,A,84,150,Moderate
0,7,fog,B,23,120,Low
0,7,fog,C,37,130,Low
0,8,fog,A,104,150,High
0,8,fog,B,36,120,Low
0,8,fog,C,61,130,Moderate
0,9,fog,A,96,150,Moderate
0,9,fog,B,49,120,Moderate
0,9,fog,C,63,130,Moderate
0,10,fog,A,74,150,Moderate
0,10,fog,B,32,120,Low
0,10,fog,C,78,130,Moderate
0,11,fog,A,104,150,High
0,11,fog,B,38,120,Low
0,11,fog,C,81,130,Moderate
0,12,fog,A,53,150,Moderate
0,12,fog,B,24,120,Low
0,12,fog,C,34,130,Low
0,13,fog,A,65,150,Moderate
0,13,fog,B,20,120,Low
0,13,fog,C,37,130,Low
0,14,fog,A,67,150,Moderate
0,14,fog,B,24,120,Low
0,14,fog,C,37,130,Low
0,15,fog,A,56,150,Moderate
0,15,fog,B,27,120,Low
0,15,fog,C,41,130,Low
0,16,fog,A,56,150,Moderate
0,16,fog,B,19,120,Low
0,16,fog,C,44,130,Low
0,17,fog,A,123,150,High
0,17,fog,B,42,120,Moderate
0,17,fog,C,78,130,Moderate
0,18,fog,A,127,150,High
0,18,fog,B,43,120,Moderate
0,18,fog,C,90,130,High
0,19,fog,A,143,150,High
0,19,fog,B,47,120,Moderate
0,19,fog,C,92,130,High
0,20,fog,A,121,150,High
0,20,fog,B,48,120,Moderate
0,20,fog,C,88,130,High
0,21,fog,A,69,150,Moderate
0,21,fog,B,25,120,Low
0,21,fog,C,42,130,Low
0,22,fog,A,78,150,Moderate
0,22,fog,B,20,120,Low
0,22,fog,C,37,130,Low
0,23,fog,A,58,150,Moderate
0,23,fog,B,20,120,Low
0,23,fog,C,27,130,Low
1,0,clear,A,11,150,Low
1,0,clear,B,5,120,Low
1,0,clear,C,6,130,Low
1,1,clear,A,15,150,Low
1,1,clear,B,4,120,Low
1,1,clear,C,7,130,Low
1,2,clear,A,14,150,Low
1,2,clear,B,4,120,Low
1,2,clear,C,7,130,Low
1,3,clear,A,14,150,Low
1,3,clear,B,5,120,Low
1,3,clear,C,7,130,Low
1,4,clear,A,11,150,Low
1,4,clear,B,5,120,Low
1,4,clear,C,9,130,Low
1,5,clear,A,16,150,Low
1,5,clear,B,4,120,Low
1,5,clear,C,8,130,Low
1,6,clear,A,64,150,Moderate
1,6,clear,B,25,120,Low
1,6,clear,C,29,130,Low
1,7,clear,A,48,150,Low
1,7,clear,B,21,120,Low
1,7,clear,C,31,130,Low
1,8,clear,A,87,150,Moderate
1,8,clear,B,37,120,Low
1,8,clear,C,77,130,Moderate
1,9,clear,A,79,150,Moderate
1,9,clear,B,44,120,Moderate
1,9,clear,C,57,130,Moderate
1,10,clear,A,104,150,High
1,10,clear,B,44,120,Moderate
1,10,clear,C,66,130,Moderate
1,11,clear,A,94,150,Moderate
1,11,clear,B,39,120,Low
1,11,clear,C,61,130,Moderate
1,12,clear,A,59,150,Moderate
1,12,clear,B,19,120,Low
1,12,clear,C,39,130,Low
1,13,clear,A,43,150,Low
1,13,clear,B,16,120,Low
1,13,clear,C,27,130,Low
1,14,clear,A,54,150,Moderate
1,14,clear,B,15,120,Low
1,14,clear,C,31,130,Low
1,15,clear,A,45,150,Low
1,15,clear,B,24,120,Low
1,15,clear,C,29,130,Low
1,16,clear,A,44,150,Low
1,16,clear,B,20,120,Low
1,16,clear,C,43,130,Low
1,17,clear,A,108,150,High
1,17,clear,B,39,120,Low
1,17,clear,C,83,130,Moderate
1,18,clear,A,124,150,High
1,18,clear,B,42,120,Moderate
1,18,clear,C,63,130,Moderate
1,19,clear,A,117,150,High
1,19,clear,B,31,120,Low
1,19,clear,C,63,130,Moderate
1,20,clear,A,133,150,High
1,20,clear,B,47,120,Moderate
1,20,clear,C,74,130,Moderate
1,21,clear,A,39,150,Low
1,21,clear,B,16,120,Low
1,21,clear,C,31,130,Low
1,22,clear,A,53,150,Moderate
1,22,clear,B,16,120,Low
1,22,clear,C,33,130,Low
1,23,clear,A,69,150,Moderate
1,23,clear,B,21,120,Low
1,23,clear,C,36,130,Low
2,0,clear,A,10,150,Low
2,0,clear,B,4,120,Low
2,0,clear,C,6,130,Low
2,1,clear,A,13,150,Low
2,1,clear,B,5,120,Low
2,1,clear,C,7,130,Low
2,2,clear,A,14,150,Low
2,2,clear,B,6,120,Low
2,2,clear,C,11,130,Low
2,3,clear,A,15,150,Low
2,3,clear,B,4,120,Low
2,3,clear,C,9,130,Low
2,4,clear,A,16,150,Low
2,4,clear,B,3,120,Low
2,4,clear,C,10,130,Low
2,5,clear,A,12,150,Low
2,5,clear,B,4,120,Low
2,5,clear,C,8,130,Low
2,6,clear,A,57,150,Moderate
2,6,clear,B,16,120,Low
2,6,clear,C,33,130,Low
2,7,clear,A,59,150,Moderate
2,7,clear,B,20,120,Low
2,7,clear,C,36,130,Low
2,8,clear,A,94,150,Moderate
2,8,clear,B,39,120,Low
2,8,clear,C,72,130,Moderate
2,9,clear,A,113,150,High
2,9,clear,B,38,120,Low
2,9,clear,C,71,130,Moderate
2,10,clear,A,111,150,High
2,10,clear,B,50,120,Moderate
2,10,clear,C,74,130,Moderate
2,11,clear,A,97,150,Moderate
2,11,clear,B,31,120,Low
2,11,clear,C,60,130,Moderate
2,12,clear,A,52,150,Low
2,12,clear,B,21,120,Low
2,12,clear,C,31,130,Low
2,13,clear,A,64,150,Moderate
2,13,clear,B,15,120,Low
2,13,clear,C,26,130,Low
2,14,clear,A,53,150,Moderate
2,14,clear,B,17,120,Low
2,14,clear,C,28,130,Low
2,15,clear,A,49,150,Low
2,15,clear,B,17,120,Low
2,15,clear,C,35,130,Low
2,16,clear,A,49,150,Low
2,16,clear,B,18,120,Low
2,16,clear,C,34,130,Low
2,17,clear,A,126,150,High
2,17,clear,B,48,120,Moderate
2,17,clear,C,71,130,Moderate
2,18,clear,A,113,150,High
2,18,clear,B,38,120,Low
2,18,clear,C,75,130,Moderate
2,19,clear,A,116,150,High
2,19,clear,B,47,120,Moderate
2,19,clear,C,50,130,Moderate
2,20,clear,A,106,150,High
2,20,clear,B,42,120,Moderate
2,20,clear,C,69,130,Moderate
2,21,clear,A,47,150,Low
2,21,clear,B,16,120,Low
2,21,clear,C,39,130,Low
2,22,clear,A,48,150,Low
2,22,clear,B,14,120,Low
2,22,clear,C,39,130,Low
2,23,clear,A,58,150,Moderate
2,23,clear,B,19,120,Low
2,23,clear,C,30,130,Low
3,0,clear,A,16,150,Low
3,0,clear,B,3,120,Low
3,0,clear,C,6,130,Low
3,1,clear,A,12,150,Low
3,1,clear,B,4,120,Low
3,1,clear,C,8,130,Low
3,2,clear,A,15,150,Low
3,2,clear,B,5,120,Low
3,2,clear,C,9,130,Low
3,3,clear,A,14,150,Low
3,3,clear,B,5,120,Low
3,3,clear,C,8,130,Low
3,4,clear,A,11,150,Low
3,4,clear,B,4,120,Low
3,4,clear,C,6,130,Low
3,5,clear,A,13,150,Low
3,5,clear,B,5,120,Low
3,5,clear,C,6,130,Low
3,6,clear,A,55,150,Moderate
3,6,clear,B,17,120,Low
3,6,clear,C,29,130,Low
3,7,clear,A,49,150,Low
3,7,clear,B,16,120,Low
3,7,clear,C,38,130,Low
3,8,clear,A,96,150,Moderate
3,8,clear,B,40,120,Low
3,8,clear,C,58,130,Moderate
3,9,clear,A,92,150,Moderate
3,9,clear,B,46,120,Moderate
3,9,clear,C,47,130,Moderate
3,10,clear,A,118,150,High
3,10,clear,B,44,120,Moderate
3,10,clear,C,70,130,Moderate
3,11,clear,A,94,150,Moderate
3,11,clear,B,43,120,Moderate
3,11,clear,C,59,130,Moderate
3,12,clear,A,49,150,Low
3,12,clear,B,18,120,Low
3,12,clear,C,32,130,Low
3,13,clear,A,47,150,Low
3,13,clear,B,23,120,Low
3,13,clear,C,30,130,Low
3,14,clear,A,54,150,Moderate
3,14,clear,B,15,120,Low
3,14,clear,C,35,130,Low
3,15,clear,A,45,150,Low
3,15,clear,B,16,120,Low
3,15,clear,C,34,130,Low
3,16,clear,A,63,150,Moderate
3,16,clear,B,21,120,Low
3,16,clear,C,37,130,Low
3,17,clear,A,107,150,High
3,17,clear,B,37,120,Low
3,17,clear,C,78,130,Moderate
3,18,clear,A,100,150,High
3,18,clear,B,45,120,Moderate
3,18,clear,C,82,130,Moderate
3,19,clear,A,96,150,Moderate
3,19,clear,B,35,120,Low
3,19,clear,C,64,130,Moderate
3,20,clear,A,85,150,Moderate
3,20,clear,B,37,120,Low
3,20,clear,C,83,130,Moderate
3,21,clear,A,46,150,Low
3,21,clear,B,23,120,Low
3,21,clear,C,32,130,Low
3,22,clear,A,72,150,Moderate
3,22,clear,B,17,120,Low
3,22,clear,C,34,130,Low
3,23,clear,A,47,150,Low
3,23,clear,B,17,120,Low
3,23,clear,C,42,130,Low
4,0,clear,A,15,150,Low
4,0,clear,B,4,120,Low
4,0,clear,C,9,130,Low
4,1,clear,A,11,150,Low
4,1,clear,B,3,120,Low
4,1,clear,C,9,130,Low
4,2,clear,A,14,150,Low
4,2,clear,B,5,120,Low
4,2,clear,C,9,130,Low
4,3,clear,A,15,150,Low
4,3,clear,B,6,120,Low
4,3,clear,C,7,130,Low
4,4,clear,A,16,150,Low
4,4,clear,B,6,120,Low
4,4,clear,C,8,130,Low
4,5,clear,A,10,150,Low
4,5,clear,B,3,120,Low
4,5,clear,C,8,130,Low
4,6,clear,A,71,150,Moderate
4,6,clear,B,20,120,Low
4,6,clear,C,31,130,Low
4,7,clear,A,49,150,Low
4,7,clear,B,16,120,Low
4,7,clear,C,39,130,Low
4,8,clear,A,97,150,Moderate
4,8,clear,B,47,120,Moderate
4,8,clear,C,68,130,Moderate
4,9,clear,A,111,150,High
4,9,clear,B,34,120,Low
4,9,clear,C,52,130,Moderate
4,10,clear,A,86,150,Moderate
4,10,clear,B,28,120,Low
4,10,clear,C,71,130,Moderate
4,11,clear,A,93,150,Moderate
4,11,clear,B,41,120,Low
4,11,clear,C,64,130,Moderate
4,12,clear,A,52,150,Low
4,12,clear,B,16,120,Low
4,12,clear,C,36,130,Low
4,13,clear,A,53,150,Moderate
4,13,clear,B,22,120,Low
4,13,clear,C,31,130,Low
4,14,clear,A,60,150,Moderate
4,14,clear,B,24,120,Low
4,14,clear,C,36,130,Low
4,15,clear,A,61,150,Moderate
4,15,clear,B,21,120,Low
4,15,clear,C,44,130,Low
4,16,clear,A,58,150,Moderate
4,16,clear,B,22,120,Low
4,16,clear,C,34,130,Low
4,17,clear,A,97,150,Moderate
4,17,clear,B,32,120,Low
4,17,clear,C,83,130,Moderate
4,18,clear,A,93,150,Moderate
4,18,clear,B,44,120,Moderate
4,18,clear,C,74,130,Moderate
4,19,clear,A,125,150,High
4,19,clear,B,36,120,Low
4,19,clear,C,61,130,Moderate
4,20,clear,A,116,150,High
4,20,clear,B,38,120,Low
4,20,clear,C,57,130,Moderate
4,21,clear,A,70,150,Moderate
4,21,clear,B,17,120,Low
4,21,clear,C,29,130,Low
4,22,clear,A,53,150,Moderate
4,22,clear,B,23,120,Low
4,22,clear,C,23,130,Low
4,23,clear,A,64,150,Moderate
4,23,clear,B,17,120,Low
4,23,clear,C,36,130,Low
5,0,clear,A,12,150,Low
5,0,clear,B,3,120,Low
5,0,clear,C,5,130,Low
5,1,clear,A,9,150,Low
5,1,clear,B,3,120,Low
5,1,clear,C,6,130,Low
5,2,clear,A,10,150,Low
5,2,clear,B,3,120,Low
5,2,clear,C,4,130,Low
5,3,clear,A,9,150,Low
5,3,clear,B,3,120,Low
5,3,clear,C,5,130,Low
5,4,clear,A,10,150,Low
5,4,clear,B,3,120,Low
5,4,clear,C,5,130,Low
5,5,clear,A,11,150,Low
5,5,clear,B,2,120,Low
5,5,clear,C,5,130,Low
5,6,clear,A,45,150,Low
5,6,clear,B,17,120,Low
5,6,clear,C,32,130,Low
5,7,clear,A,38,150,Low
5,7,clear,B,14,120,Low
5,7,clear,C,27,130,Low
5,8,clear,A,82,150,Moderate
5,8,clear,B,26,120,Low
5,8,clear,C,50,130,Moderate
5,9,clear,A,74,150,Moderate
5,9,clear,B,27,120,Low
5,9,clear,C,38,130,Low
5,10,clear,A,65,150,Moderate
5,10,clear,B,23,120,Low
5,10,clear,C,36,130,Low
5,11,clear,A,52,150,Low
5,11,clear,B,23,120,Low
5,11,clear,C,42,130,Low
5,12,clear,A,39,150,Low
5,12,clear,B,15,120,Low
5,12,clear,C,25,130,Low
5,13,clear,A,37,150,Low
5,13,clear,B,12,120,Low
5,13,clear,C,27,130,Low
5,14,clear,A,37,150,Low
5,14,clear,B,13,120,Low
5,14,clear,C,23,130,Low
5,15,clear,A,34,150,Low
5,15,clear,B,12,120,Low
5,15,clear,C,22,130,Low
5,16,clear,A,36,150,Low
5,16,clear,B,15,120,Low
5,16,clear,C,25,130,Low
5,17,clear,A,94,150,Moderate
5,17,clear,B,33,120,Low
5,17,clear,C,63,130,Moderate
5,18,clear,A,83,150,Moderate
5,18,clear,B,30,120,Low
5,18,clear,C,45,130,Low
5,19,clear,A,86,150,Moderate
5,19,clear,B,25,120,Low
5,19,clear,C,38,130,Low
5,20,clear,A,94,150,Moderate
5,20,clear,B,22,120,Low
5,20,clear,C,52,130,Moderate
5,21,clear,A,33,150,Low
5,21,clear,B,16,120,Low
5,21,clear,C,29,130,Low
5,22,clear,A,41,150,Low
5,22,clear,B,16,120,Low
5,22,clear,C,24,130,Low
5,23,clear,A,51,150,Low
5,23,clear,B,15,120,Low
5,23,clear,C,21,130,Low
6,0,clear,A,9,150,Low
6,0,clear,B,3,120,Low
6,0,clear,C,4,130,Low
6,1,clear,A,10,150,Low
6,1,clear,B,2,120,Low
6,1,clear,C,3,130,Low
6,2,clear,A,9,150,Low
6,2,clear,B,3,120,Low
6,2,clear,C,5,130,Low
6,3,clear,A,5,150,Low
6,3,clear,B,3,120,Low
6,3,clear,C,5,130,Low
6,4,clear,A,8,150,Low
6,4,clear,B,3,120,Low
6,4,clear,C,7,130,Low
6,5,clear,A,10,150,Low
6,5,clear,B,4,120,Low
6,5,clear,C,7,130,Low
6,6,clear,A,32,150,Low
6,6,clear,B,14,120,Low
6,6,clear,C,28,130,Low
6,7,clear,A,35,150,Low
6,7,clear,B,12,120,Low
6,7,clear,C,26,130,Low
6,8,clear,A,53,150,Moderate
6,8,clear,B,21,120,Low
6,8,clear,C,39,130,Low
6,9,clear,A,73,150,Moderate
6,9,clear,B,26,120,Low
6,9,clear,C,50,130,Moderate
6,10,clear,A,59,150,Moderate
6,10,clear,B,21,120,Low
6,10,clear,C,47,130,Moderate
6,11,clear,A,60,150,Moderate
6,11,clear,B,22,120,Low
6,11,clear,C,31,130,Low
6,12,clear,A,40,150,Low
6,12,clear,B,17,120,Low
6,12,clear,C,20,130,Low
6,13,clear,A,44,150,Low
6,13,clear,B,13,120,Low
6,13,clear,C,18,130,Low
6,14,clear,A,33,150,Low
6,14,clear,B,11,120,Low
6,14,clear,C,23,130,Low
6,15,clear,A,40,150,Low
6,15,clear,B,17,120,Low
6,15,clear,C,19,130,Low
6,16,clear,A,35,150,Low
6,16,clear,B,12,120,Low
6,16,clear,C,19,130,Low
6,17,clear,A,78,150,Moderate
6,17,clear,B,28,120,Low
6,17,clear,C,35,130,Low
6,18,clear,A,77,150,Moderate
6,18,clear,B,22,120,Low
6,18,clear,C,49,130,Moderate
6,19,clear,A,91,150,Moderate
6,19,clear,B,29,120,Low
6,19,clear,C,50,130,Moderate
6,20,clear,A,70,150,Moderate
6,20,clear,B,28,120,Low
6,20,clear,C,53,130,Moderate
6,21,clear,A,41,150,Low
6,21,clear,B,13,120,Low
6,21,clear,C,25,130,Low
6,22,clear,A,30,150,Low
6,22,clear,B,12,120,Low
6,22,clear,C,27,130,Low
6,23,clear,A,43,150,Low
6,23,clear,B,14,120,Low
6,23,clear,C,29,130,Low
0,0,rain,A,15,150,Low
0,0,rain,B,4,120,Low
0,0,rain,C,12,130,Low
0,1,rain,A,18,150,Low
0,1,rain,B,7,120,Low
0,1,rain,C,13,130,Low
0,2,rain,A,13,150,Low
0,2,rain,B,4,120,Low
0,2,rain,C,5,130,Low
0,3,rain,A,18,150,Low
0,3,rain,B,6,120,Low
0,3,rain,C,10,130,Low
0,4,rain,A,13,150,Low
0,4,rain,B,5,120,Low
0,4,rain,C,10,130,Low
0,5,rain,A,18,150,Low
0,5,rain,B,6,120,Low
0,5,rain,C,11,130,Low
0,6,rain,A,64,150,Moderate
0,6,rain,B,28,120,Low
0,6,rain,C,45,130,Low
0,7,rain,A,54,150,Moderate
0,7,rain,B,29,120,Low
0,7,rain,C,49,130,Moderate
0,8,rain,A,127,150,High
0,8,rain,B,45,120,Moderate
0,8,rain,C,94,130,High
0,9,rain,A,89,150,Moderate
0,9,rain,B,51,120,Moderate
0,9,rain,C,70,130,Moderate
0,10,rain,A,138,150,High
0,10,rain,B,43,120,Moderate
0,10,rain,C,61,130,Moderate
0,11,rain,A,109,150,High
0,11,rain,B,49,120,Moderate
0,11,rain,C,73,130,Moderate
0,12,rain,A,59,150,Moderate
0,12,rain,B,21,120,Low
0,12,rain,C,46,130,Moderate
0,13,rain,A,83,150,Moderate
0,13,rain,B,16,120,Low
0,13,rain,C,59,130,Moderate
0,14,rain,A,68,150,Moderate
0,14,rain,B,26,120,Low
0,14,rain,C,39,130,Low
0,15,rain,A,65,150,Moderate
0,15,rain,B,24,120,Low
0,15,rain,C,35,130,Low
0,16,rain,A,58,150,Moderate
0,16,rain,B,28,120,Low
0,16,rain,C,32,130,Low
0,17,rain,A,140,150,High
0,17,rain,B,45,120,Moderate
0,17,rain,C,71,130,Moderate
0,18,rain,A,171,150,High
0,18,rain,B,41,120,Low
0,18,rain,C,69,130,Moderate
0,19,rain,A,128,150,High
0,19,rain,B,42,120,Moderate
0,19,rain,C,84,130,Moderate
0,20,rain,A,135,150,High
0,20,rain,B,49,120,Moderate
0,20,rain,C,82,130,Moderate
0,21,rain,A,59,150,Moderate
0,21,rain,B,26,120,Low
0,21,rain,C,41,130,Low
0,22,rain,A,61,150,Moderate
0,22,rain,B,29,120,Low
0,22,rain,C,41,130,Low
0,23,rain,A,76,150,Moderate
0,23,rain,B,28,120,Low
0,23,rain,C,50,130,Moderate
1,0,clear,A,13,150,Low
1,0,clear,B,4,120,Low
1,0,clear,C,8,130,Low
1,1,clear,A,9,150,Low
1,1,clear,B,5,120,Low
1,1,clear,C,9,130,Low
1,2,clear,A,15,150,Low
1,2,clear,B,4,120,Low
1,2,clear,C,9,130,Low
1,3,clear,A,10,150,Low
1,3,clear,B,4,120,Low
1,3,clear,C,5,130,Low
1,4,clear,A,13,150,Low
1,4,clear,B,4,120,Low
1,4,clear,C,7,130,Low
1,5,clear,A,14,150,Low
1,5,clear,B,4,120,Low
1,5,clear,C,6,130,Low
1,6,clear,A,75,150,Moderate
1,6,clear,B,19,120,Low
1,6,clear,C,29,130,Low
1,7,clear,A,49,150,Low
1,7,clear,B,19,120,Low
1,7,clear,C,34,130,Low
1,8,clear,A,118,150,High
1,8,clear,B,35,120,Low
1,8,clear,C,80,130,Moderate
1,9,clear,A,92,150,Moderate
1,9,clear,B,38,120,Low
1,9,clear,C,72,130,Moderate
1,10,clear,A,116,150,High
1,10,clear,B,43,120,Moderate
1,10,clear,C,60,130,Moderate
1,11,clear,A,98,150,High
1,11,clear,B,22,120,Low
1,11,clear,C,61,130,Moderate
1,12,clear,A,64,150,Moderate
1,12,clear,B,22,120,Low
1,12,clear,C,34,130,Low
1,13,clear,A,69,150,Moderate
1,13,clear,B,18,120,Low
1,13,clear,C,31,130,Low
1,14,clear,A,51,150,Low
1,14,clear,B,16,120,Low
1,14,clear,C,38,130,Low
1,15,clear,A,57,150,Moderate
1,15,clear,B,21,120,Low
1,15,clear,C,32,130,Low
1,16,clear,A,54,150,Moderate
1,16,clear,B,13,120,Low
1,16,clear,C,36,130,Low
1,17,clear,A,111,150,High
1,17,clear,B,33,120,Low
1,17,clear,C,68,130,Moderate
1,18,clear,A,105,150,High
1,18,clear,B,50,120,Moderate
1,18,clear,C,58,130,Moderate
1,19,clear,A,115,150,High
1,19,clear,B,33,120,Low
1,19,clear,C,64,130,Moderate
1,20,clear,A,114,150,High
1,20,clear,B,38,120,Low
1,20,clear,C,69,130,Moderate
1,21,clear,A,57,150,Moderate
1,21,clear,B,18,120,Low
1,21,clear,C,39,130,Low
1,22,clear,A,52,150,Low
1,22,clear,B,19,120,Low
1,22,clear,C,36,130,Low
1,23,clear,A,56,150,Moderate
1,23,clear,B,21,120,Low
1,23,clear,C,36,130,Low
2,0,clear,A,13,150,Low
2,0,clear,B,4,120,Low
2,0,clear,C,6,130,Low
2,1,clear,A,10,150,Low
2,1,clear,B,6,120,Low
2,1,clear,C,5,130,Low
2,2,clear,A,16,150,Low
2,2,clear,B,4,120,Low
2,2,clear,C,10,130,Low
2,3,clear,A,9,150,Low
2,3,clear,B,4,120,Low
2,3,clear,C,10,130,Low
2,4,clear,A,15,150,Low
2,4,clear,B,4,120,Low
2,4,clear,C,6,130,Low
2,5,clear,A,11,150,Low
2,5,clear,B,6,120,Low
2,5,clear,C,8,130,Low
2,6,clear,A,54,150,Moderate
2,6,clear,B,20,120,Low
2,6,clear,C,28,130,Low
2,7,clear,A,58,150,Moderate
2,7,clear,B,18,120,Low
2,7,clear,C,36,130,Low
2,8,clear,A,90,150,Moderate
2,8,clear,B,27,120,Low
2,8,clear,C,58,130,Moderate
2,9,clear,A,108,150,High
2,9,clear,B,38,120,Low
2,9,clear,C,63,130,Moderate
2,10,clear,A,112,150,High
2,10,clear,B,34,120,Low
2,10,clear,C,63,130,Moderate
2,11,clear,A,91,150,Moderate
2,11,clear,B,41,120,Low
2,11,clear,C,65,130,Moderate
2,12,clear,A,50,150,Low
2,12,clear,B,15,120,Low
2,12,clear,C,40,130,Low
2,13,clear,A,48,150,Low
2,13,clear,B,20,120,Low
2,13,clear,C,47,130,Moderate
2,14,clear,A,61,150,Moderate
2,14,clear,B,24,120,Low
2,14,clear,C,32,130,Low
2,15,clear,A,63,150,Moderate
2,15,clear,B,20,120,Low
2,15,clear,C,36,130,Low
2,16,clear,A,71,150,Moderate
2,16,clear,B,19,120,Low
2,16,clear,C,35,130,Low
2,17,clear,A,95,150,Moderate
2,17,clear,B,45,120,Moderate
2,17,clear,C,64,130,Moderate
2,18,clear,A,126,150,High
2,18,clear,B,30,120,Low
2,18,clear,C,75,130,Moderate
2,19,clear,A,99,150,High
2,19,clear,B,44,120,Moderate
2,19,clear,C,69,130,Moderate
2,20,clear,A,101,150,High
2,20,clear,B,37,120,Low
2,20,clear,C,61,130,Moderate
2,21,clear,A,61,150,Moderate
2,21,clear,B,16,120,Low
2,21,clear,C,33,130,Low
2,22,clear,A,57,150,Moderate
2,22,clear,B,24,120,Low
2,22,clear,C,34,130,Low
2,23,clear,A,52,150,Low
2,23,clear,B,20,120,Low
2,23,clear,C,24,130,Low
3,0,clear,A,12,150,Low
3,0,clear,B,4,120,Low
3,0,clear,C,6,130,Low
3,1,clear,A,15,150,Low
3,1,clear,B,5,120,Low
3,1,clear,C,8,130,Low
3,2,clear,A,12,150,Low
3,2,clear,B,5,120,Low
3,2,clear,C,9,130,Low
3,3,clear,A,13,150,Low
3,3,clear,B,5,120,Low
3,3,clear,C,7,130,Low
3,4,clear,A,13,150,Low
3,4,clear,B,5,120,Low
3,4,clear,C,10,130,Low
3,5,clear,A,16,150,Low
3,5,clear,B,5,120,Low
3,5,clear,C,8,130,Low
3,6,clear,A,51,150,Low
3,6,clear,B,14,120,Low
3,6,clear,C,27,130,Low
3,7,clear,A,53,150,Moderate
3,7,clear,B,19,120,Low
3,7,clear,C,42,130,Low
3,8,clear,A,118,150,High
3,8,clear,B,32,120,Low
3,8,clear,C,70,130,Moderate
3,9,clear,A,91,150,Moderate
3,9,clear,B,39,120,Low
3,9,clear,C,70,130,Moderate
3,10,clear,A,117,150,High
3,10,clear,B,33,120,Low
3,10,clear,C,72,130,Moderate
3,11,clear,A,71,150,Moderate
3,11,clear,B,42,120,Moderate
3,11,clear,C,62,130,Moderate
3,12,clear,A,54,150,Moderate
3,12,clear,B,13,120,Low
3,12,clear,C,32,130,Low
3,13,clear,A,66,150,Moderate
3,13,clear,B,18,120,Low
3,13,clear,C,38,130,Low
3,14,clear,A,55,150,Moderate
3,14,clear,B,23,120,Low
3,14,clear,C,36,130,Low
3,15,clear,A,47,150,Low
3,15,clear,B,20,120,Low
3,15,clear,C,43,130,Low
3,16,clear,A,59,150,Moderate
3,16,clear,B,19,120,Low
3,16,clear,C,46,130,Moderate
3,17,clear,A,129,150,High
3,17,clear,B,44,120,Moderate
3,17,clear,C,73,130,Moderate
3,18,clear,A,122,150,High
3,18,clear,B,44,120,Moderate
3,18,clear,C,47,130,Moderate
3,19,clear,A,116,150,High
3,19,clear,B,39,120,Low
3,19,clear,C,64,130,Moderate
3,20,clear,A,106,150,High
3,20,clear,B,30,120,Low
3,20,clear,C,51,130,Moderate
3,21,clear,A,65,150,Moderate
3,21,clear,B,21,120,Low
3,21,clear,C,22,130,Low
3,22,clear,A,50,150,Low
3,22,clear,B,22,120,Low
3,22,clear,C,33,130,Low
3,23,clear,A,65,150,Moderate
3,23,clear,B,23,120,Low
3,23,clear,C,27,130,Low
4,0,clear,A,12,150,Low
4,0,clear,B,3,120,Low
4,0,clear,C,6,130,Low
4,1,clear,A,12,150,Low
4,1,clear,B,4,120,Low
4,1,clear,C,9,130,Low
4,2,clear,A,15,150,Low
4,2,clear,B,5,120,Low
4,2,clear,C,9,130,Low
4,3,clear,A,13,150,Low
4,3,clear,B,5,120,Low
4,3,clear,C,8,130,Low
4,4,clear,A,12,150,Low
4,4,clear,B,6,120,Low
4,4,clear,C,5,130,Low
4,5,clear,A,9,150,Low
4,5,clear,B,5,120,Low
4,5,clear,C,8,130,Low
4,6,clear,A,43,150,Low
4,6,clear,B,16,120,Low
4,6,clear,C,30,130,Low
4,7,clear,A,62,150,Moderate
4,7,clear,B,23,120,Low
4,7,clear,C,43,130,Low
4,8,clear,A,75,150,Moderate
4,8,clear,B,28,120,Low
4,8,clear,C,49,130,Moderate
4,9,clear,A,118,150,High
4,9,clear,B,38,120,Low
4,9,clear,C,63,130,Moderate
4,10,clear,A,102,150,High
4,10,clear,B,35,120,Low
4,10,clear,C,52,130,Moderate
4,11,clear,A,106,150,High
4,11,clear,B,34,120,Low
4,11,clear,C,51,130,Moderate
4,12,clear,A,59,150,Moderate
4,12,clear,B,18,120,Low
4,12,clear,C,36,130,Low
4,13,clear,A,53,150,Moderate
4,13,clear,B,22,120,Low
4,13,clear,C,36,130,Low
4,14,clear,A,47,150,Low
4,14,clear,B,20,120,Low
4,14,clear,C,36,130,Low
4,15,clear,A,59,150,Moderate
4,15,clear,B,23,120,Low
4,15,clear,C,31,130,Low
4,16,clear,A,60,150,Moderate
4,16,clear,B,14,120,Low
4,16,clear,C,34,130,Low
4,17,clear,A,105,150,High
4,17,clear,B,48,120,Moderate
4,17,clear,C,68,130,Moderate
4,18,clear,A,120,150,High
4,18,clear,B,29,120,Low
4,18,clear,C,66,130,Moderate
4,19,clear,A,96,150,Moderate
4,19,clear,B,54,120,Moderate
4,19,clear,C,62,130,Moderate
4,20,clear,A,111,150,High
4,20,clear,B,40,120,Low
4,20,clear,C,53,130,Moderate
4,21,clear,A,50,150,Low
4,21,clear,B,21,120,Low
4,21,clear,C,35,130,Low
4,22,clear,A,36,150,Low
4,22,clear,B,18,120,Low
4,22,clear,C,40,130,Low
4,23,clear,A,59,150,Moderate
4,23,clear,B,23,120,Low
4,23,clear,C,29,130,Low
5,0,clear,A,9,150,Low
5,0,clear,B,4,120,Low
5,0,clear,C,6,130,Low
5,1,clear,A,6,150,Low
5,1,clear,B,3,120,Low
5,1,clear,C,5,130,Low
5,2,clear,A,9,150,Low
5,2,clear,B,2,120,Low
5,2,clear,C,7,130,Low
5,3,clear,A,8,150,Low
5,3,clear,B,4,120,Low
5,3,clear,C,5,130,Low
5,4,clear,A,8,150,Low
5,4,clear,B,4,120,Low
5,4,clear,C,6,130,Low
5,5,clear,A,9,150,Low
5,5,clear,B,2,120,Low
5,5,clear,C,5,130,Low
5,6,clear,A,40,150,Low
5,6,clear,B,11,120,Low
5,6,clear,C,22,130,Low
5,7,clear,A,36,150,Low
5,7,clear,B,14,120,Low
5,7,clear,C,29,130,Low
5,8,clear,A,66,150,Moderate
5,8,clear,B,22,120,Low
5,8,clear,C,62,130,Moderate
5,9,clear,A,64,150,Moderate
5,9,clear,B,24,120,Low
5,9,clear,C,41,130,Low
5,10,clear,A,66,150,Moderate
5,10,clear,B,25,120,Low
5,10,clear,C,50,130,Moderate
5,11,clear,A,73,150,Moderate
5,11,clear,B,29,120,Low
5,11,clear,C,51,130,Moderate
5,12,clear,A,39,150,Low
5,12,clear,B,14,120,Low
5,12,clear,C,28,130,Low
5,13,clear,A,32,150,Low
5,13,clear,B,19,120,Low
5,13,clear,C,22,130,Low
5,14,clear,A,36,150,Low
5,14,clear,B,11,120,Low
5,14,clear,C,20,130,Low
5,15,clear,A,44,150,Low
5,15,clear,B,18,120,Low
5,15,clear,C,22,130,Low
5,16,clear,A,40,150,Low
5,16,clear,B,14,120,Low
5,16,clear,C,28,130,Low
5,17,clear,A,102,150,High
5,17,clear,B,34,120,Low
5,17,clear,C,47,130,Moderate
5,18,clear,A,83,150,Moderate
5,18,clear,B,30,120,Low
5,18,clear,C,48,130,Moderate
5,19,clear,A,64,150,Moderate
5,19,clear,B,24,120,Low
5,19,clear,C,57,130,Moderate
5,20,clear,A,91,150,Moderate
5,20,clear,B,27,120,Low
5,20,clear,C,50,130,Moderate
5,21,clear,A,45,150,Low
5,21,clear,B,10,120,Low
5,21,clear,C,22,130,Low
5,22,clear,A,50,150,Low
5,22,clear,B,14,120,Low
5,22,clear,C,20,130,Low
5,23,clear,A,39,150,Low
5,23,clear,B,16,120,Low
5,23,clear,C,15,130,Low
6,0,clear,A,9,150,Low
6,0,clear,B,2,120,Low
6,0,clear,C,6,130,Low
6,1,clear,A,9,150,Low
6,1,clear,B,3,120,Low
6,1,clear,C,5,130,Low
6,2,clear,A,8,150,Low
6,2,clear,B,2,120,Low
6,2,clear,C,5,130,Low
6,3,clear,A,10,150,Low
6,3,clear,B,3,120,Low
6,3,clear,C,6,130,Low
6,4,clear,A,8,150,Low
6,4,clear,B,3,120,Low
6,4,clear,C,6,130,Low
6,5,clear,A,10,150,Low
6,5,clear,B,3,120,Low
6,5,clear,C,3,130,Low
6,6,clear,A,34,150,Low
6,6,clear,B,12,120,Low
6,6,clear,C,21,130,Low
6,7,clear,A,36,150,Low
6,7,clear,B,15,120,Low
6,7,clear,C,24,130,Low
6,8,clear,A,79,150,Moderate
6,8,clear,B,19,120,Low
6,8,clear,C,42,130,Low
6,9,clear,A,49,150,Low
6,9,clear,B,23,120,Low
6,9,clear,C,37,130,Low
6,10,clear,A,82,150,Moderate
6,10,clear,B,26,120,Low
6,10,clear,C,50,130,Moderate
6,11,clear,A,64,150,Moderate
6,11,clear,B,21,120,Low
6,11,clear,C,37,130,Low
6,12,clear,A,40,150,Low
6,12,clear,B,17,120,Low
6,12,clear,C,26,130,Low
6,13,clear,A,36,150,Low
6,13,clear,B,13,120,Low
6,13,clear,C,24,130,Low
6,14,clear,A,50,150,Low
6,14,clear,B,16,120,Low
6,14,clear,C,25,130,Low
6,15,clear,A,39,150,Low
6,15,clear,B,14,120,Low
6,15,clear,C,26,130,Low
6,16,clear,A,36,150,Low
6,16,clear,B,12,120,Low
6,16,clear,C,28,130,Low
6,17,clear,A,77,150,Moderate
6,17,clear,B,31,120,Low
6,17,clear,C,61,130,Moderate
6,18,clear,A,83,150,Moderate
6,18,clear,B,29,120,Low
6,18,clear,C,72,130,Moderate
6,19,clear,A,79,150,Moderate
6,19,clear,B,23,120,Low
6,19,clear,C,46,130,Moderate
6,20,clear,A,94,150,Moderate
6,20,clear,B,22,120,Low
6,20,clear,C,43,130,Low
6,21,clear,A,44,150,Low
6,21,clear,B,13,120,Low
6,21,clear,C,24,130,Low
6,22,clear,A,44,150,Low
6,22,clear,B,12,120,Low
6,22,clear,C,19,130,Low
6,23,clear,A,30,150,Low
6,23,clear,B,15,120,Low
6,23,clear,C,25,130,Low
0,0,clear,A,11,150,Low
0,0,clear,B,4,120,Low
0,0,clear,C,10,130,Low
0,1,clear,A,12,150,Low
0,1,clear,B,4,120,Low
0,1,clear,C,7,130,Low
0,2,clear,A,12,150,Low
0,2,clear,B,5,120,Low
0,2,clear,C,11,130,Low
0,3,clear,A,14,150,Low
0,3,clear,B,4,120,Low
0,3,clear,C,9,130,Low
0,4,clear,A,15,150,Low
0,4,clear,B,4,120,Low
0,4,clear,C,11,130,Low
0,5,clear,A,13,150,Low
0,5,clear,B,5,120,Low
0,5,clear,C,9,130,Low
0,6,clear,A,57,150,Moderate
0,6,clear,B,24,120,Low
0,6,clear,C,31,130,Low
0,7,clear,A,61,150,Moderate
0,7,clear,B,20,120,Low
0,7,clear,C,40,130,Low
0,8,clear,A,95,150,Moderate
0,8,clear,B,34,120,Low
0,8,clear,C,69,130,Moderate
0,9,clear,A,104,150,High
0,9,clear,B,31,120,Low
0,9,clear,C,75,130,Moderate
0,10,clear,A,109,150,High
0,10,clear,B,35,120,Low
0,10,clear,C,58,130,Moderate
0,11,clear,A,104,150,High
0,11,clear,B,39,120,Low
0,11,clear,C,47,130,Moderate
0,12,clear,A,58,150,Moderate
0,12,clear,B,21,120,Low
0,12,clear,C,22,130,Low
0,13,clear,A,56,150,Moderate
0,13,clear,B,22,120,Low
0,13,clear,C,38,130,Low
0,14,clear,A,61,150,Moderate
0,14,clear,B,19,120,Low
0,14,clear,C,29,130,Low
0,15,clear,A,40,150,Low
0,15,clear,B,23,120,Low
0,15,clear,C,38,130,Low
0,16,clear,A,64,150,Moderate
0,16,clear,B,17,120,Low
0,16,clear,C,39,130,Low
0,17,clear,A,85,150,Moderate
0,17,clear,B,34,120,Low
0,17,clear,C,71,130,Moderate
0,18,clear,A,120,150,High
0,18,clear,B,50,120,Moderate
0,18,clear,C,67,130,Moderate
0,19,clear,A,95,150,Moderate
0,19,clear,B,34,120,Low
0,19,clear,C,62,130,Moderate
0,20,clear,A,146,150,High
0,20,clear,B,44,120,Moderate
0,20,clear,C,81,130,Moderate
0,21,clear,A,53,150,Moderate
0,21,clear,B,19,120,Low
0,21,clear,C,38,130,Low
0,22,clear,A,50,150,Low
0,22,clear,B,19,120,Low
0,22,clear,C,31,130,Low
0,23,clear,A,51,150,Low
0,23,clear,B,20,120,Low
0,23,clear,C,30,130,Low
1,0,clear,A,14,150,Low
1,0,clear,B,4,120,Low
1,0,clear,C,7,130,Low
1,1,clear,A,13,150,Low
1,1,clear,B,4,120,Low
1,1,clear,C,8,130,Low
1,2,clear,A,16,150,Low
1,2,clear,B,4,120,Low
1,2,clear,C,11,130,Low
1,3,clear,A,13,150,Low
1,3,clear,B,5,120,Low
1,3,clear,C,7,130,Low
1,4,clear,A,16,150,Low
1,4,clear,B,4,120,Low
1,4,clear,C,8,130,Low
1,5,clear,A,12,150,Low
1,5,clear,B,4,120,Low
1,5,clear,C,9,130,Low
1,6,clear,A,56,150,Moderate
1,6,clear,B,19,120,Low
1,6,clear,C,31,130,Low
1,7,clear,A,48,150,Low
1,7,clear,B,18,120,Low
1,7,clear,C,37,130,Low
1,8,clear,A,108,150,High
1,8,clear,B,40,120,Low
1,8,clear,C,62,130,Moderate
1,9,clear,A,104,150,High
1,9,clear,B,35,120,Low
1,9,clear,C,46,130,Moderate
1,10,clear,A,95,150,Moderate
1,10,clear,B,33,120,Low
1,10,clear,C,53,130,Moderate
1,11,clear,A,90,150,Moderate
1,11,clear,B,36,120,Low
1,11,clear,C,52,130,Moderate
1,12,clear,A,49,150,Low
1,12,clear,B,24,120,Low
1,12,clear,C,26,130,Low
1,13,clear,A,53,150,Moderate
1,13,clear,B,16,120,Low
1,13,clear,C,31,130,Low
1,14,clear,A,53,150,Moderate
1,14,clear,B,17,120,Low
1,14,clear,C,38,130,Low
1,15,clear,A,66,150,Moderate
1,15,clear,B,22,120,Low
1,15,clear,C,40,130,Low
1,16,clear,A,43,150,Low
1,16,clear,B,19,120,Low
1,16,clear,C,37,130,Low
1,17,clear,A,124,150,High
1,17,clear,B,50,120,Moderate
1,17,clear,C,81,130,Moderate
1,18,clear,A,124,150,High
1,18,clear,B,55,120,Moderate
1,18,clear,C,71,130,Moderate
1,19,clear,A,105,150,High
1,19,clear,B,41,120,Low
1,19,clear,C,60,130,Moderate
1,20,clear,A,111,150,High
1,20,clear,B,29,120,Low
1,20,clear,C,64,130,Moderate
1,21,clear,A,54,150,Moderate
1,21,clear,B,22,120,Low
1,21,clear,C,40,130,Low
1,22,clear,A,47,150,Low
1,22,clear,B,26,120,Low
1,22,clear,C,35,130,Low
1,23,clear,A,56,150,Moderate
1,23,clear,B,15,120,Low
1,23,clear,C,31,130,Low
2,0,clear,A,14,150,Low
2,0,clear,B,5,120,Low
2,0,clear,C,9,130,Low
2,1,clear,A,10,150,Low
2,1,clear,B,4,120,Low
2,1,clear,C,10,130,Low
2,2,clear,A,15,150,Low
2,2,clear,B,4,120,Low
2,2,clear,C,10,130,Low
2,3,clear,A,11,150,Low
2,3,clear,B,4,120,Low
2,3,clear,C,11,130,Low
2,4,clear,A,14,150,Low
2,4,clear,B,4,120,Low
2,4,clear,C,8,130,Low
2,5,clear,A,12,150,Low
2,5,clear,B,5,120,Low
2,5,clear,C,9,130,Low
2,6,clear,A,55,150,Moderate
2,6,clear,B,16,120,Low
2,6,clear,C,36,130,Low
2,7,clear,A,50,150,Low
2,7,clear,B,17,120,Low
2,7,clear,C,41,130,Low
2,8,clear,A,131,150,High
2,8,clear,B,46,120,Moderate
2,8,clear,C,69,130,Moderate
2,9,clear,A,95,150,Moderate
2,9,clear,B,35,120,Low
2,9,clear,C,66,130,Moderate
2,10,clear,A,92,150,Moderate
2,10,clear,B,43,120,Moderate
2,10,clear,C,43,130,Low
2,11,clear,A,94,150,Moderate
2,11,clear,B,40,120,Low
2,11,clear,C,55,130,Moderate
2,12,clear,A,53,150,Moderate
2,12,clear,B,21,120,Low
2,12,clear,C,42,130,Low
2,13,clear,A,44,150,Low
2,13,clear,B,15,120,Low
2,13,clear,C,30,130,Low
2,14,clear,A,42,150,Low
2,14,clear,B,15,120,Low
2,14,clear,C,29,130,Low
2,15,clear,A,65,150,Moderate
2,15,clear,B,19,120,Low
2,15,clear,C,35,130,Low
2,16,clear,A,47,150,Low
2,16,clear,B,21,120,Low
2,16,clear,C,44,130,Low
2,17,clear,A,95,150,Moderate
2,17,clear,B,50,120,Moderate
2,17,clear,C,73,130,Moderate
2,18,clear,A,110,150,High
2,18,clear,B,42,120,Moderate
2,18,clear,C,74,130,Moderate
2,19,clear,A,140,150,High
2,19,clear,B,43,120,Moderate
2,19,clear,C,75,130,Moderate
2,20,clear,A,103,150,High
2,20,clear,B,45,120,Moderate
2,20,clear,C,59,130,Moderate
2,21,clear,A,55,150,Moderate
2,21,clear,B,28,120,Low
2,21,clear,C,21,130,Low
2,22,clear,A,56,150,Moderate
2,22,clear,B,20,120,Low
2,22,clear,C,33,130,Low
2,23,clear,A,53,150,Moderate
2,23,clear,B,20,120,Low
2,23,clear,C,33,130,Low
3,0,rain,A,15,150,Low
3,0,rain,B,7,120,Low
3,0,rain,C,10,130,Low
3,1,rain,A,17,150,Low
3,1,rain,B,5,120,Low
3,1,rain,C,11,130,Low
3,2,rain,A,18,150,Low
3,2,rain,B,6,120,Low
3,2,rain,C,8,130,Low
3,3,rain,A,14,150,Low
3,3,rain,B,7,120,Low
3,3,rain,C,9,130,Low
3,4,rain,A,18,150,Low
3,4,rain,B,5,120,Low
3,4,rain,C,12,130,Low
3,5,rain,A,14,150,Low
3,5,rain,B,5,120,Low
3,5,rain,C,9,130,Low
3,6,rain,A,60,150,Moderate
3,6,rain,B,25,120,Low
3,6,rain,C,42,130,Low
3,7,rain,A,55,150,Moderate
3,7,rain,B,23,120,Low
3,7,rain,C,34,130,Low
3,8,rain,A,130,150,High
3,8,rain,B,48,120,Moderate
3,8,rain,C,75,130,Moderate
3,9,rain,A,123,150,High
3,9,rain,B,54,120,Moderate
3,9,rain,C,73,130,Moderate
3,10,rain,A,101,150,High
3,10,rain,B,46,120,Moderate
3,10,rain,C,62,130,Moderate
3,11,rain,A,115,150,High
3,11,rain,B,39,120,Low
3,11,rain,C,67,130,Moderate
3,12,rain,A,63,150,Moderate
3,12,rain,B,27,120,Low
3,12,rain,C,48,130,Moderate
3,13,rain,A,75,150,Moderate
3,13,rain,B,25,120,Low
3,13,rain,C,40,130,Low
3,14,rain,A,42,150,Low
3,14,rain,B,25,120,Low
3,14,rain,C,27,130,Low
3,15,rain,A,46,150,Low
3,15,rain,B,23,120,Low
3,15,rain,C,43,130,Low
3,16,rain,A,61,150,Moderate
3,16,rain,B,29,120,Low
3,16,rain,C,44,130,Low
3,17,rain,A,127,150,High
3,17,rain,B,57,120,Moderate
3,17,rain,C,103,130,High
3,18,rain,A,142,150,High
3,18,rain,B,42,120,Moderate
3,18,rain,C,77,130,Moderate
3,19,rain,A,103,150,High
3,19,rain,B,47,120,Moderate
3,19,rain,C,70,130,Moderate
3,20,rain,A,125,150,High
3,20,rain,B,49,120,Moderate
3,20,rain,C,59,130,Moderate
3,21,rain,A,53,150,Moderate
3,21,rain,B,22,120,Low
3,21,rain,C,41,130,Low
3,22,rain,A,61,150,Moderate
3,22,rain,B,23,120,Low
3,22,rain,C,37,130,Low
3,23,rain,A,51,150,Low
3,23,rain,B,22,120,Low
3,23,rain,C,40,130,Low
4,0,clear,A,13,150,Low
4,0,clear,B,5,120,Low
4,0,clear,C,9,130,Low
4,1,clear,A,12,150,Low
4,1,clear,B,3,120,Low
4,1,clear,C,10,130,Low
4,2,clear,A,14,150,Low
4,2,clear,B,4,120,Low
4,2,clear,C,9,130,Low
4,3,clear,A,15,150,Low
4,3,clear,B,6,120,Low
4,3,clear,C,9,130,Low
4,4,clear,A,15,150,Low
4,4,clear,B,4,120,Low
4,4,clear,C,8,130,Low
4,5,clear,A,13,150,Low
4,5,clear,B,5,120,Low
4,5,clear,C,10,130,Low
4,6,clear,A,57,150,Moderate
4,6,clear,B,17,120,Low
4,6,clear,C,28,130,Low
4,7,clear,A,68,150,Moderate
4,7,clear,B,21,120,Low
4,7,clear,C,37,130,Low
4,8,clear,A,93,150,Moderate
4,8,clear,B,37,120,Low
4,8,clear,C,53,130,Moderate
4,9,clear,A,104,150,High
4,9,clear,B,29,120,Low
4,9,clear,C,59,130,Moderate
4,10,clear,A,89,150,Moderate
4,10,clear,B,18,120,Low
4,10,clear,C,59,130,Moderate
4,11,clear,A,85,150,Moderate
4,11,clear,B,34,120,Low
4,11,clear,C,63,130,Moderate
4,12,clear,A,69,150,Moderate
4,12,clear,B,20,120,Low
4,12,clear,C,36,130,Low
4,13,clear,A,59,150,Moderate
4,13,clear,B,22,120,Low
4,13,clear,C,37,130,Low
4,14,clear,A,57,150,Moderate
4,14,clear,B,22,120,Low
4,14,clear,C,22,130,Low
4,15,clear,A,72,150,Moderate
4,15,clear,B,24,120,Low
4,15,clear,C,36,130,Low
4,16,clear,A,43,150,Low
4,16,clear,B,23,120,Low
4,16,clear,C,31,130,Low
4,17,clear,A,118,150,High
4,17,clear,B,32,120,Low
4,17,clear,C,93,130,High
4,18,clear,A,86,150,Moderate
4,18,clear,B,40,120,Low
4,18,clear,C,47,130,Moderate
4,19,clear,A,109,150,High
4,19,clear,B,37,120,Low
4,19,clear,C,81,130,Moderate
4,20,clear,A,102,150,High
4,20,clear,B,46,120,Moderate
4,20,clear,C,59,130,Moderate
4,21,clear,A,52,150,Low
4,21,clear,B,19,120,Low
4,21,clear,C,37,130,Low
4,22,clear,A,58,150,Moderate
4,22,clear,B,22,120,Low
4,22,clear,C,36,130,Low
4,23,clear,A,60,150,Moderate
4,23,clear,B,17,120,Low
4,23,clear,C,37,130,Low
5,0,clear,A,7,150,Low
5,0,clear,B,3,120,Low
5,0,clear,C,6,130,Low
5,1,clear,A,11,150,Low
5,1,clear,B,3,120,Low
5,1,clear,C,6,130,Low
5,2,clear,A,10,150,Low
5,2,clear,B,3,120,Low
5,2,clear,C,5,130,Low
5,3,clear,A,7,150,Low
5,3,clear,B,4,120,Low
5,3,clear,C,6,130,Low
5,4,clear,A,8,150,Low
5,4,clear,B,3,120,Low
5,4,clear,C,7,130,Low
5,5,clear,A,11,150,Low
5,5,clear,B,3,120,Low
5,5,clear,C,3,130,Low
5,6,clear,A,40,150,Low
5,6,clear,B,12,120,Low
5,6,clear,C,26,130,Low
5,7,clear,A,43,150,Low
5,7,clear,B,16,120,Low
5,7,clear,C,30,130,Low
5,8,clear,A,82,150,Moderate
5,8,clear,B,31,120,Low
5,8,clear,C,53,130,Moderate
5,9,clear,A,84,150,Moderate
5,9,clear,B,25,120,Low
5,9,clear,C,35,130,Low
5,10,clear,A,95,150,Moderate
5,10,clear,B,25,120,Low
5,10,clear,C,52,130,Moderate
5,11,clear,A,63,150,Moderate
5,11,clear,B,28,120,Low
5,11,clear,C,27,130,Low
5,12,clear,A,36,150,Low
5,12,clear,B,13,120,Low
5,12,clear,C,26,130,Low
5,13,clear,A,44,150,Low
5,13,clear,B,11,120,Low
5,13,clear,C,26,130,Low
5,14,clear,A,45,150,Low
5,14,clear,B,18,120,Low
5,14,clear,C,27,130,Low
5,15,clear,A,35,150,Low
5,15,clear,B,11,120,Low
5,15,clear,C,31,130,Low
5,16,clear,A,42,150,Low
5,16,clear,B,13,120,Low
5,16,clear,C,18,130,Low
5,17,clear,A,66,150,Moderate
5,17,clear,B,30,120,Low
5,17,clear,C,51,130,Moderate
5,18,clear,A,54,150,Moderate
5,18,clear,B,30,120,Low
5,18,clear,C,37,130,Low
5,19,clear,A,92,150,Moderate
5,19,clear,B,28,120,Low
5,19,clear,C,45,130,Low
5,20,clear,A,88,150,Moderate
5,20,clear,B,29,120,Low
5,20,clear,C,58,130,Moderate
5,21,clear,A,38,150,Low
5,21,clear,B,14,120,Low
5,21,clear,C,23,130,Low
5,22,clear,A,40,150,Low
5,22,clear,B,17,120,Low
5,22,clear,C,22,130,Low
5,23,clear,A,42,150,Low
5,23,clear,B,12,120,Low
5,23,clear,C,16,130,Low
6,0,clear,A,10,150,Low
6,0,clear,B,3,120,Low
6,0,clear,C,4,130,Low
6,1,clear,A,10,150,Low
6,1,clear,B,3,120,Low
6,1,clear,C,5,130,Low
6,2,clear,A,7,150,Low
6,2,clear,B,3,120,Low
6,2,clear,C,6,130,Low
6,3,clear,A,10,150,Low
6,3,clear,B,3,120,Low
6,3,clear,C,6,130,Low
6,4,clear,A,10,150,Low
6,4,clear,B,2,120,Low
6,4,clear,C,6,130,Low
6,5,clear,A,11,150,Low
6,5,clear,B,2,120,Low
6,5,clear,C,7,130,Low
6,6,clear,A,47,150,Low
6,6,clear,B,13,120,Low
6,6,clear,C,23,130,Low
6,7,clear,A,44,150,Low
6,7,clear,B,13,120,Low
6,7,clear,C,15,130,Low
6,8,clear,A,68,150,Moderate
6,8,clear,B,26,120,Low
6,8,clear,C,48,130,Moderate
6,9,clear,A,60,150,Moderate
6,9,clear,B,24,120,Low
6,9,clear,C,50,130,Moderate
6,10,clear,A,68,150,Moderate
6,10,clear,B,19,120,Low
6,10,clear,C,52,130,Moderate
6,11,clear,A,67,150,Moderate
6,11,clear,B,29,120,Low
6,11,clear,C,34,130,Low
6,12,clear,A,37,150,Low
6,12,clear,B,15,120,Low
6,12,clear,C,24,130,Low
6,13,clear,A,31,150,Low
6,13,clear,B,8,120,Low
6,13,clear,C,30,130,Low
6,14,clear,A,39,150,Low
6,14,clear,B,16,120,Low
6,14,clear,C,27,130,Low
6,15,clear,A,41,150,Low
6,15,clear,B,13,120,Low
6,15,clear,C,26,130,Low
6,16,clear,A,46,150,Low
6,16,clear,B,14,120,Low
6,16,clear,C,31,130,Low
6,17,clear,A,59,150,Moderate
6,17,clear,B,21,120,Low
6,17,clear,C,56,130,Moderate
6,18,clear,A,67,150,Moderate
6,18,clear,B,36,120,Low
6,18,clear,C,58,130,Moderate
6,19,clear,A,95,150,Moderate
6,19,clear,B,31,120,Low
6,19,clear,C,42,130,Low
6,20,clear,A,57,150,Moderate
6,20,clear,B,34,120,Low
6,20,clear,C,37,130,Low
6,21,clear,A,47,150,Low
6,21,clear,B,15,120,Low
6,21,clear,C,24,130,Low
6,22,clear,A,41,150,Low
6,22,clear,B,14,120,Low
6,22,clear,C,23,130,Low
6,23,clear,A,46,150,Low
6,23,clear,B,16,120,Low
6,23,clear,C,25,130,Low
0,0,clear,A,12,150,Low
0,0,clear,B,4,120,Low
0,0,clear,C,10,130,Low
0,1,clear,A,9,150,Low
0,1,clear,B,5,120,Low
0,1,clear,C,9,130,Low
0,2,clear,A,12,150,Low
0,2,clear,B,5,120,Low
0,2,clear,C,8,130,Low
0,3,clear,A,12,150,Low
0,3,clear,B,5,120,Low
0,3,clear,C,7,130,Low
0,4,clear,A,15,150,Low
0,4,clear,B,3,120,Low
0,4,clear,C,9,130,Low
0,5,clear,A,13,150,Low
0,5,clear,B,4,120,Low
0,5,clear,C,9,130,Low
0,6,clear,A,54,150,Moderate
0,6,clear,B,23,120,Low
0,6,clear,C,37,130,Low
0,7,clear,A,58,150,Moderate
0,7,clear,B,20,120,Low
0,7,clear,C,32,130,Low
0,8,clear,A,94,150,Moderate
0,8,clear,B,37,120,Low
0,8,clear,C,61,130,Moderate
0,9,clear,A,115,150,High
0,9,clear,B,36,120,Low
0,9,clear,C,66,130,Moderate
0,10,clear,A,78,150,Moderate
0,10,clear,B,41,120,Low
0,10,clear,C,57,130,Moderate
0,11,clear,A,83,150,Moderate
0,11,clear,B,44,120,Moderate
0,11,clear,C,69,130,Moderate
0,12,clear,A,63,150,Moderate
0,12,clear,B,21,120,Low
0,12,clear,C,34,130,Low
0,13,clear,A,52,150,Low
0,13,clear,B,22,120,Low
0,13,clear,C,40,130,Low
0,14,clear,A,54,150,Moderate
0,14,clear,B,26,120,Low
0,14,clear,C,33,130,Low
0,15,clear,A,43,150,Low
0,15,clear,B,14,120,Low
0,15,clear,C,26,130,Low
0,16,clear,A,51,150,Low
0,16,clear,B,19,120,Low
0,16,clear,C,38,130,Low
0,17,clear,A,109,150,High
0,17,clear,B,45,120,Moderate
0,17,clear,C,70,130,Moderate
0,18,clear,A,110,150,High
0,18,clear,B,36,120,Low
0,18,clear,C,84,130,Moderate
0,19,clear,A,84,150,Moderate
0,19,clear,B,41,120,Low
0,19,clear,C,68,130,Moderate
0,20,clear,A,122,150,High
0,20,clear,B,39,120,Low
0,20,clear,C,70,130,Moderate
0,21,clear,A,52,150,Low
0,21,clear,B,24,120,Low
0,21,clear,C,35,130,Low
0,22,clear,A,71,150,Moderate
0,22,clear,B,20,120,Low
0,22,clear,C,35,130,Low
0,23,clear,A,53,150,Moderate
0,23,clear,B,21,120,Low
0,23,clear,C,31,130,Low
1,0,clear,A,13,150,Low
1,0,clear,B,5,120,Low
1,0,clear,C,9,130,Low
1,1,clear,A,14,150,Low
1,1,clear,B,5,120,Low
1,1,clear,C,10,130,Low
1,2,clear,A,14,150,Low
1,2,clear,B,6,120,Low
1,2,clear,C,8,130,Low
1,3,clear,A,15,150,Low
1,3,clear,B,4,120,Low
1,3,clear,C,10,130,Low
1,4,clear,A,12,150,Low
1,4,clear,B,5,120,Low
1,4,clear,C,8,130,Low
1,5,clear,A,14,150,Low
1,5,clear,B,4,120,Low
1,5,clear,C,7,130,Low
1,6,clear,A,52,150,Low
1,6,clear,B,24,120,Low
1,6,clear,C,37,130,Low
1,7,clear,A,44,150,Low
1,7,clear,B,23,120,Low
1,7,clear,C,30,130,Low
1,8,clear,A,110,150,High
1,8,clear,B,38,120,Low
1,8,clear,C,68,130,Moderate
1,9,clear,A,126,150,High
1,9,clear,B,31,120,Low
1,9,clear,C,68,130,Moderate
1,10,clear,A,117,150,High
1,10,clear,B,32,120,Low
1,10,clear,C,55,130,Moderate
1,11,clear,A,94,150,Moderate
1,11,clear,B,37,120,Low
1,11,clear,C,49,130,Moderate
1,12,clear,A,59,150,Moderate
1,12,clear,B,15,120,Low
1,12,clear,C,41,130,Low
1,13,clear,A,59,150,Moderate
1,13,clear,B,25,120,Low
1,13,clear,C,38,130,Low
1,14,clear,A,52,150,Low
1,14,clear,B,17,120,Low
1,14,clear,C,36,130,Low
1,15,clear,A,54,150,Moderate
1,15,clear,B,23,120,Low
1,15,clear,C,30,130,Low
1,16,clear,A,71,150,Moderate
1,16,clear,B,23,120,Low
1,16,clear,C,33,130,Low
1,17,clear,A,139,150,High
1,17,clear,B,35,120,Low
1,17,clear,C,72,130,Moderate
1,18,clear,A,88,150,Moderate
1,18,clear,B,51,120,Moderate
1,18,clear,C,52,130,Moderate
1,19,clear,A,86,150,Moderate
1,19,clear,B,36,120,Low
1,19,clear,C,83,130,Moderate
1,20,clear,A,125,150,High
1,20,clear,B,40,120,Low
1,20,clear,C,80,130,Moderate
1,21,clear,A,54,150,Moderate
1,21,clear,B,21,120,Low
1,21,clear,C,43,130,Low
1,22,clear,A,52,150,Low
1,22,clear,B,17,120,Low
1,22,clear,C,37,130,Low
1,23,clear,A,61,150,Moderate
1,23,clear,B,20,120,Low
1,23,clear,C,40,130,Low
2,0,clear,A,14,150,Low
2,0,clear,B,5,120,Low
2,0,clear,C,9,130,Low
2,1,clear,A,17,150,Low
2,1,clear,B,5,120,Low
2,1,clear,C,8,130,Low
2,2,clear,A,14,150,Low
2,2,clear,B,5,120,Low
2,2,clear,C,9,130,Low
2,3,clear,A,15,150,Low
2,3,clear,B,3,120,Low
2,3,clear,C,5,130,Low
2,4,clear,A,16,150,Low
2,4,clear,B,5,120,Low
2,4,clear,C,8,130,Low
2,5,clear,A,15,150,Low
2,5,clear,B,6,120,Low
2,5,clear,C,10,130,Low
2,6,clear,A,62,150,Moderate
2,6,clear,B,17,120,Low
2,6,clear,C,31,130,Low
2,7,clear,A,35,150,Low
2,7,clear,B,21,120,Low
2,7,clear,C,40,130,Low
2,8,clear,A,116,150,High
2,8,clear,B,39,120,Low
2,8,clear,C,61,130,Moderate
2,9,clear,A,90,150,Moderate
2,9,clear,B,31,120,Low
2,9,clear,C,61,130,Moderate
2,10,clear,A,84,150,Moderate
2,10,clear,B,45,120,Moderate
2,10,clear,C,50,130,Moderate
2,11,clear,A,96,150,Moderate
2,11,clear,B,25,120,Low
2,11,clear,C,65,130,Moderate
2,12,clear,A,54,150,Moderate
2,12,clear,B,18,120,Low
2,12,clear,C,30,130,Low
2,13,clear,A,55,150,Moderate
2,13,clear,B,18,120,Low
2,13,clear,C,34,130,Low
2,14,clear,A,71,150,Moderate
2,14,clear,B,20,120,Low
2,14,clear,C,37,130,Low
2,15,clear,A,51,150,Low
2,15,clear,B,17,120,Low
2,15,clear,C,34,130,Low
2,16,clear,A,75,150,Moderate
2,16,clear,B,19,120,Low
2,16,clear,C,36,130,Low
2,17,clear,A,96,150,Moderate
2,17,clear,B,23,120,Low
2,17,clear,C,61,130,Moderate
2,18,clear,A,149,150,High
2,18,clear,B,43,120,Moderate
2,18,clear,C,87,130,High
2,19,clear,A,104,150,High
2,19,clear,B,25,120,Low
2,19,clear,C,58,130,Moderate
2,20,clear,A,116,150,High
2,20,clear,B,41,120,Low
2,20,clear,C,69,130,Moderate
2,21,clear,A,50,150,Low
2,21,clear,B,22,120,Low
2,21,clear,C,32,130,Low
2,22,clear,A,57,150,Moderate
2,22,clear,B,20,120,Low
2,22,clear,C,33,130,Low
2,23,clear,A,47,150,Low
2,23,clear,B,18,120,Low
2,23,clear,C,44,130,Low
3,0,clear,A,15,150,Low
3,0,clear,B,4,120,Low
3,0,clear,C,6,130,Low
3,1,clear,A,16,150,Low
3,1,clear,B,5,120,Low
3,1,clear,C,8,130,Low
3,2,clear,A,12,150,Low
3,2,clear,B,3,120,Low
3,2,clear,C,9,130,Low
3,3,clear,A,16,150,Low
3,3,clear,B,4,120,Low
3,3,clear,C,7,130,Low
3,4,clear,A,16,150,Low
3,4,clear,B,4,120,Low
3,4,clear,C,11,130,Low
3,5,clear,A,13,150,Low
3,5,clear,B,4,120,Low
3,5,clear,C,8,130,Low
3,6,clear,A,51,150,Low
3,6,clear,B,23,120,Low
3,6,clear,C,39,130,Low
3,7,clear,A,63,150,Moderate
3,7,clear,B,20,120,Low
3,7,clear,C,32,130,Low
3,8,clear,A,98,150,High
3,8,clear,B,33,120,Low
3,8,clear,C,76,130,Moderate
3,9,clear,A,113,150,High
3,9,clear,B,35,120,Low
3,9,clear,C,54,130,Moderate
3,10,clear,A,121,150,High
3,10,clear,B,36,120,Low
3,10,clear,C,61,130,Moderate
3,11,clear,A,122,150,High
3,11,clear,B,33,120,Low
3,11,clear,C,59,130,Moderate
3,12,clear,A,53,150,Moderate
3,12,clear,B,16,120,Low
3,12,clear,C,36,130,Low
3,13,clear,A,48,150,Low
3,13,clear,B,18,120,Low
3,13,clear,C,31,130,Low
3,14,clear,A,50,150,Low
3,14,clear,B,17,120,Low
3,14,clear,C,36,130,Low
3,15,clear,A,53,150,Moderate
3,15,clear,B,20,120,Low
3,15,clear,C,47,130,Moderate
3,16,clear,A,53,150,Moderate
3,16,clear,B,21,120,Low
3,16,clear,C,38,130,Low
3,17,clear,A,108,150,High
3,17,clear,B,41,120,Low
3,17,clear,C,70,130,Moderate
3,18,clear,A,113,150,High
3,18,clear,B,36,120,Low
3,18,clear,C,64,130,Moderate
3,19,clear,A,110,150,High
3,19,clear,B,28,120,Low
3,19,clear,C,85,130,High
3,20,clear,A,145,150,High
3,20,clear,B,41,120,Low
3,20,clear,C,76,130,Moderate
3,21,clear,A,63,150,Moderate
3,21,clear,B,16,120,Low
3,21,clear,C,39,130,Low
3,22,clear,A,51,150,Low
3,22,clear,B,26,120,Low
3,22,clear,C,34,130,Low
3,23,clear,A,62,150,Moderate
3,23,clear,B,19,120,Low
3,23,clear,C,46,130,Moderate
4,0,clear,A,16,150,Low
4,0,clear,B,5,120,Low
4,0,clear,C,9,130,Low
4,1,clear,A,14,150,Low
4,1,clear,B,4,120,Low
4,1,clear,C,5,130,Low
4,2,clear,A,15,150,Low
4,2,clear,B,4,120,Low
4,2,clear,C,10,130,Low
4,3,clear,A,14,150,Low
4,3,clear,B,5,120,Low
4,3,clear,C,9,130,Low
4,4,clear,A,8,150,Low
4,4,clear,B,5,120,Low
4,4,clear,C,8,130,Low
4,5,clear,A,16,150,Low
4,5,clear,B,5,120,Low
4,5,clear,C,9,130,Low
4,6,clear,A,52,150,Low
4,6,clear,B,17,120,Low
4,6,clear,C,32,130,Low
4,7,clear,A,40,150,Low
4,7,clear,B,18,120,Low
4,7,clear,C,27,130,Low
4,8,clear,A,77,150,Moderate
4,8,clear,B,36,120,Low
4,8,clear,C,68,130,Moderate
4,9,clear,A,98,150,High
4,9,clear,B,33,120,Low
4,9,clear,C,54,130,Moderate
4,10,clear,A,94,150,Moderate
4,10,clear,B,31,120,Low
4,10,clear,C,62,130,Moderate
4,11,clear,A,76,150,Moderate
4,11,clear,B,39,120,Low
4,11,clear,C,57,130,Moderate
4,12,clear,A,58,150,Moderate
4,12,clear,B,22,120,Low
4,12,clear,C,36,130,Low
4,13,clear,A,61,150,Moderate
4,13,clear,B,13,120,Low
4,13,clear,C,32,130,Low
4,14,clear,A,64,150,Moderate
4,14,clear,B,21,120,Low
4,14,clear,C,44,130,Low
4,15,clear,A,69,150,Moderate
4,15,clear,B,20,120,Low
4,15,clear,C,33,130,Low
4,16,clear,A,47,150,Low
4,16,clear,B,18,120,Low
4,16,clear,C,32,130,Low
4,17,clear,A,100,150,High
4,17,clear,B,34,120,Low
4,17,clear,C,74,130,Moderate
4,18,clear,A,137,150,High
4,18,clear,B,45,120,Moderate
4,18,clear,C,66,130,Moderate
4,19,clear,A,126,150,High
4,19,clear,B,42,120,Moderate
4,19,clear,C,69,130,Moderate
4,20,clear,A,108,150,High
4,20,clear,B,38,120,Low
4,20,clear,C,76,130,Moderate
4,21,clear,A,56,150,Moderate
4,21,clear,B,17,120,Low
4,21,clear,C,30,130,Low
4,22,clear,A,57,150,Moderate
4,22,clear,B,21,120,Low
4,22,clear,C,33,130,Low
4,23,clear,A,45,150,Low
4,23,clear,B,23,120,Low
4,23,clear,C,40,130,Low
5,0,clear,A,11,150,Low
5,0,clear,B,3,120,Low
5,0,clear,C,6,130,Low
5,1,clear,A,11,150,Low
5,1,clear,B,4,120,Low
5,1,clear,C,7,130,Low
5,2,clear,A,9,150,Low
5,2,clear,B,2,120,Low
5,2,clear,C,4,130,Low
5,3,clear,A,10,150,Low
5,3,clear,B,4,120,Low
5,3,clear,C,5,130,Low
5,4,clear,A,9,150,Low
5,4,clear,B,3,120,Low
5,4,clear,C,5,130,Low
5,5,clear,A,11,150,Low
5,5,clear,B,3,120,Low
5,5,clear,C,5,130,Low
5,6,clear,A,53,150,Moderate
5,6,clear,B,10,120,Low
5,6,clear,C,26,130,Low
5,7,clear,A,32,150,Low
5,7,clear,B,13,120,Low
5,7,clear,C,25,130,Low
5,8,clear,A,78,150,Moderate
5,8,clear,B,24,120,Low
5,8,clear,C,41,130,Low
5,9,clear,A,66,150,Moderate
5,9,clear,B,21,120,Low
5,9,clear,C,48,130,Moderate
5,10,clear,A,72,150,Moderate
5,10,clear,B,26,120,Low
5,10,clear,C,43,130,Low
5,11,clear,A,67,150,Moderate
5,11,clear,B,29,120,Low
5,11,clear,C,50,130,Moderate
5,12,clear,A,46,150,Low
5,12,clear,B,14,120,Low
5,12,clear,C,29,130,Low
5,13,clear,A,36,150,Low
5,13,clear,B,13,120,Low
5,13,clear,C,28,130,Low
5,14,clear,A,43,150,Low
5,14,clear,B,13,120,Low
5,14,clear,C,20,130,Low
5,15,clear,A,37,150,Low
5,15,clear,B,12,120,Low
5,15,clear,C,30,130,Low
5,16,clear,A,42,150,Low
5,16,clear,B,12,120,Low
5,16,clear,C,20,130,Low
5,17,clear,A,68,150,Moderate
5,17,clear,B,25,120,Low
5,17,clear,C,47,130,Moderate
5,18,clear,A,89,150,Moderate
5,18,clear,B,23,120,Low
5,18,clear,C,65,130,Moderate
5,19,clear,A,66,150,Moderate
5,19,clear,B,22,120,Low
5,19,clear,C,61,130,Moderate
5,20,clear,A,92,150,Moderate
5,20,clear,B,27,120,Low
5,20,clear,C,51,130,Moderate
5,21,clear,A,40,150,Low
5,21,clear,B,14,120,Low
5,21,clear,C,19,130,Low
5,22,clear,A,24,150,Low
5,22,clear,B,12,120,Low
5,22,clear,C,31,130,Low
5,23,clear,A,49,150,Low
5,23,clear,B,13,120,Low
5,23,clear,C,20,130,Low
6,0,rain,A,12,150,Low
6,0,rain,B,4,120,Low
6,0,rain,C,4,130,Low
6,1,rain,A,17,150,Low
6,1,rain,B,4,120,Low
6,1,rain,C,7,130,Low
6,2,rain,A,10,150,Low
6,2,rain,B,4,120,Low
6,2,rain,C,7,130,Low
6,3,rain,A,11,150,Low
6,3,rain,B,4,120,Low
6,3,rain,C,7,130,Low
6,4,rain,A,12,150,Low
6,4,rain,B,4,120,Low
6,4,rain,C,7,130,Low
6,5,rain,A,12,150,Low
6,5,rain,B,5,120,Low
6,5,rain,C,5,130,Low
6,6,rain,A,40,150,Low
6,6,rain,B,16,120,Low
6,6,rain,C,26,130,Low
6,7,rain,A,43,150,Low
6,7,rain,B,20,120,Low
6,7,rain,C,28,130,Low
6,8,rain,A,60,150,Moderate
6,8,rain,B,28,120,Low
6,8,rain,C,53,130,Moderate
6,9,rain,A,83,150,Moderate
6,9,rain,B,32,120,Low
6,9,rain,C,56,130,Moderate
6,10,rain,A,81,150,Moderate
6,10,rain,B,24,120,Low
6,10,rain,C,49,130,Moderate
6,11,rain,A,75,150,Moderate
6,11,rain,B,28,120,Low
6,11,rain,C,58,130,Moderate
6,12,rain,A,49,150,Low
6,12,rain,B,18,120,Low
6,12,rain,C,27,130,Low
6,13,rain,A,56,150,Moderate
6,13,rain,B,18,120,Low
6,13,rain,C,29,130,Low
6,14,rain,A,50,150,Low
6,14,rain,B,15,120,Low
6,14,rain,C,20,130,Low
6,15,rain,A,41,150,Low
6,15,rain,B,18,120,Low
6,15,rain,C,29,130,Low
6,16,rain,A,45,150,Low
6,16,rain,B,14,120,Low
6,16,rain,C,20,130,Low
6,17,rain,A,112,150,High
6,17,rain,B,32,120,Low
6,17,rain,C,55,130,Moderate
6,18,rain,A,83,150,Moderate
6,18,rain,B,39,120,Low
6,18,rain,C,66,130,Moderate
6,19,rain,A,78,150,Moderate
6,19,rain,B,39,120,Low
6,19,rain,C,57,130,Moderate
6,20,rain,A,83,150,Moderate
6,20,rain,B,32,120,Low
6,20,rain,C,51,130,Moderate
6,21,rain,A,37,150,Low
6,21,rain,B,18,120,Low
6,21,rain,C,28,130,Low
6,22,rain,A,50,150,Low
6,22,rain,B,17,120,Low
6,22,rain,C,31,130,Low
6,23,rain,A,32,150,Low
6,23,rain,B,14,120,Low
6,23,rain,C,31,130,Low
0,0,clear,A,14,150,Low
0,0,clear,B,3,120,Low
0,0,clear,C,8,130,Low
0,1,clear,A,17,150,Low
0,1,clear,B,5,120,Low
0,1,clear,C,6,130,Low
0,2,clear,A,15,150,Low
0,2,clear,B,6,120,Low
0,2,clear,C,12,130,Low
0,3,clear,A,14,150,Low
0,3,clear,B,3,120,Low
0,3,clear,C,9,130,Low
0,4,clear,A,17,150,Low
0,4,clear,B,4,120,Low
0,4,clear,C,10,130,Low
0,5,clear,A,12,150,Low
0,5,clear,B,5,120,Low
0,5,clear,C,5,130,Low
0,6,clear,A,47,150,Low
0,6,clear,B,19,120,Low
0,6,clear,C,33,130,Low
0,7,clear,A,44,150,Low
0,7,clear,B,18,120,Low
0,7,clear,C,36,130,Low
0,8,clear,A,97,150,Moderate
0,8,clear,B,36,120,Low
0,8,clear,C,69,130,Moderate
0,9,clear,A,93,150,Moderate
0,9,clear,B,43,120,Moderate
0,9,clear,C,53,130,Moderate
0,10,clear,A,127,150,High
0,10,clear,B,42,120,Moderate
0,10,clear,C,59,130,Moderate
0,11,clear,A,94,150,Moderate
0,11,clear,B,37,120,Low
0,11,clear,C,68,130,Moderate
0,12,clear,A,64,150,Moderate
0,12,clear,B,15,120,Low
0,12,clear,C,37,130,Low
0,13,clear,A,37,150,Low
0,13,clear,B,19,120,Low
0,13,clear,C,42,130,Low
0,14,clear,A,43,150,Low
0,14,clear,B,15,120,Low
0,14,clear,C,36,130,Low
0,15,clear,A,66,150,Moderate
0,15,clear,B,20,120,Low
0,15,clear,C,25,130,Low
0,16,clear,A,41,150,Low
0,16,clear,B,20,120,Low
0,16,clear,C,28,130,Low
0,17,clear,A,112,150,High
0,17,clear,B,41,120,Low
0,17,clear,C,64,130,Moderate
0,18,clear,A,139,150,High
0,18,clear,B,43,120,Moderate
0,18,clear,C,82,130,Moderate
0,19,clear,A,125,150,High
0,19,clear,B,39,120,Low
0,19,clear,C,67,130,Moderate
0,20,clear,A,105,150,High
0,20,clear,B,44,120,Moderate
0,20,clear,C,63,130,Moderate
0,21,clear,A,69,150,Moderate
0,21,clear,B,17,120,Low
0,21,clear,C,36,130,Low
0,22,clear,A,53,150,Moderate
0,22,clear,B,18,120,Low
0,22,clear,C,46,130,Moderate
0,23,clear,A,51,150,Low
0,23,clear,B,19,120,Low
0,23,clear,C,31,130,Low
1,0,clear,A,13,150,Low
1,0,clear,B,4,120,Low
1,0,clear,C,8,130,Low
1,1,clear,A,15,150,Low
1,1,clear,B,5,120,Low
1,1,clear,C,8,130,Low
1,2,clear,A,13,150,Low
1,2,clear,B,4,120,Low
1,2,clear,C,8,130,Low
1,3,clear,A,11,150,Low
1,3,clear,B,3,120,Low
1,3,clear,C,7,130,Low
1,4,clear,A,15,150,Low
1,4,clear,B,4,120,Low
1,4,clear,C,8,130,Low
1,5,clear,A,12,150,Low
1,5,clear,B,5,120,Low
1,5,clear,C,7,130,Low
1,6,clear,A,57,150,Moderate
1,6,clear,B,19,120,Low
1,6,clear,C,35,130,Low
1,7,clear,A,57,150,Moderate
1,7,clear,B,20,120,Low
1,7,clear,C,39,130,Low
1,8,clear,A,98,150,High
1,8,clear,B,45,120,Moderate
1,8,clear,C,63,130,Moderate
1,9,clear,A,73,150,Moderate
1,9,clear,B,39,120,Low
1,9,clear,C,66,130,Moderate
1,10,clear,A,99,150,High
1,10,clear,B,34,120,Low
1,10,clear,C,43,130,Low
1,11,clear,A,70,150,Moderate
1,11,clear,B,44,120,Moderate
1,11,clear,C,57,130,Moderate
1,12,clear,A,62,150,Moderate
1,12,clear,B,15,120,Low
1,12,clear,C,29,130,Low
1,13,clear,A,60,150,Moderate
1,13,clear,B,19,120,Low
1,13,clear,C,37,130,Low
1,14,clear,A,54,150,Moderate
1,14,clear,B,19,120,Low
1,14,clear,C,31,130,Low
1,15,clear,A,45,150,Low
1,15,clear,B,24,120,Low
1,15,clear,C,43,130,Low
1,16,clear,A,46,150,Low
1,16,clear,B,16,120,Low
1,16,clear,C,33,130,Low
1,17,clear,A,115,150,High
1,17,clear,B,38,120,Low
1,17,clear,C,75,130,Moderate
1,18,clear,A,109,150,High
1,18,clear,B,39,120,Low
1,18,clear,C,95,130,High
1,19,clear,A,101,150,High
1,19,clear,B,49,120,Moderate
1,19,clear,C,85,130,High
1,20,clear,A,118,150,High
1,20,clear,B,28,120,Low
1,20,clear,C,70,130,Moderate
1,21,clear,A,50,150,Low
1,21,clear,B,20,120,Low
1,21,clear,C,29,130,Low
1,22,clear,A,61,150,Moderate
1,22,clear,B,22,120,Low
1,22,clear,C,41,130,Low
1,23,clear,A,51,150,Low
1,23,clear,B,16,120,Low
1,23,clear,C,36,130,Low
2,0,clear,A,13,150,Low
2,0,clear,B,5,120,Low
2,0,clear,C,8,130,Low
2,1,clear,A,12,150,Low
2,1,clear,B,5,120,Low
2,1,clear,C,8,130,Low
2,2,clear,A,14,150,Low
2,2,clear,B,5,120,Low
2,2,clear,C,9,130,Low
2,3,clear,A,14,150,Low
2,3,clear,B,4,120,Low
2,3,clear,C,7,130,Low
2,4,clear,A,13,150,Low
2,4,clear,B,4,120,Low
2,4,clear,C,8,130,Low
2,5,clear,A,14,150,Low
2,5,clear,B,5,120,Low
2,5,clear,C,10,130,Low
2,6,clear,A,66,150,Moderate
2,6,clear,B,16,120,Low
2,6,clear,C,28,130,Low
2,7,clear,A,52,150,Low
2,7,clear,B,20,120,Low
2,7,clear,C,33,130,Low
2,8,clear,A,90,150,Moderate
2,8,clear,B,34,120,Low
2,8,clear,C,67,130,Moderate
2,9,clear,A,79,150,Moderate
2,9,clear,B,48,120,Moderate
2,9,clear,C,63,130,Moderate
2,10,clear,A,114,150,High
2,10,clear,B,32,120,Low
2,10,clear,C,68,130,Moderate
2,11,clear,A,100,150,High
2,11,clear,B,40,120,Low
2,11,clear,C,61,130,Moderate
2,12,clear,A,67,150,Moderate
2,12,clear,B,15,120,Low
2,12,clear,C,39,130,Low
2,13,clear,A,55,150,Moderate
2,13,clear,B,16,120,Low
2,13,clear,C,45,130,Low
2,14,clear,A,70,150,Moderate
2,14,clear,B,13,120,Low
2,14,clear,C,35,130,Low
2,15,clear,A,60,150,Moderate
2,15,clear,B,21,120,Low
2,15,clear,C,42,130,Low
2,16,clear,A,65,150,Moderate
2,16,clear,B,20,120,Low
2,16,clear,C,46,130,Moderate
2,17,clear,A,125,150,High
2,17,clear,B,37,120,Low
2,17,clear,C,64,130,Moderate
2,18,clear,A,130,150,High
2,18,clear,B,35,120,Low
2,18,clear,C,65,130,Moderate
2,19,clear,A,106,150,High
2,19,clear,B,42,120,Moderate
2,19,clear,C,67,130,Moderate
2,20,clear,A,88,150,Moderate
2,20,clear,B,46,120,Moderate
2,20,clear,C,65,130,Moderate
2,21,clear,A,71,150,Moderate
2,21,clear,B,20,120,Low
2,21,clear,C,41,130,Low
2,22,clear,A,60,150,Moderate
2,22,clear,B,23,120,Low
2,22,clear,C,37,130,Low
2,23,clear,A,56,150,Moderate
2,23,clear,B,23,120,Low
2,23,clear,C,48,130,Moderate
3,0,rain,A,18,150,Low
3,0,rain,B,5,120,Low
3,0,rain,C,11,130,Low
3,1,rain,A,16,150,Low
3,1,rain,B,4,120,Low
3,1,rain,C,10,130,Low
3,2,rain,A,18,150,Low
3,2,rain,B,5,120,Low
3,2,rain,C,11,130,Low
3,3,rain,A,16,150,Low
3,3,rain,B,5,120,Low
3,3,rain,C,11,130,Low
3,4,rain,A,18,150,Low
3,4,rain,B,6,120,Low
3,4,rain,C,12,130,Low
3,5,rain,A,17,150,Low
3,5,rain,B,4,120,Low
3,5,rain,C,9,130,Low
3,6,rain,A,48,150,Low
3,6,rain,B,26,120,Low
3,6,rain,C,47,130,Moderate
3,7,rain,A,75,150,Moderate
3,7,rain,B,25,120,Low
3,7,rain,C,48,130,Moderate
3,8,rain,A,90,150,Moderate
3,8,rain,B,42,120,Moderate
3,8,rain,C,59,130,Moderate
3,9,rain,A,112,150,High
3,9,rain,B,53,120,Moderate
3,9,rain,C,87,130,High
3,10,rain,A,130,150,High
3,10,rain,B,42,120,Moderate
3,10,rain,C,64,130,Moderate
3,11,rain,A,122,150,High
3,11,rain,B,50,120,Moderate
3,11,rain,C,80,130,Moderate
3,12,rain,A,50,150,Low
3,12,rain,B,24,120,Low
3,12,rain,C,29,130,Low
3,13,rain,A,73,150,Moderate
3,13,rain,B,21,120,Low
3,13,rain,C,34,130,Low
3,14,rain,A,74,150,Moderate
3,14,rain,B,26,120,Low
3,14,rain,C,43,130,Low
3,15,rain,A,87,150,Moderate
3,15,rain,B,26,120,Low
3,15,rain,C,37,130,Low
3,16,rain,A,71,150,Moderate
3,16,rain,B,22,120,Low
3,16,rain,C,49,130,Moderate
3,17,rain,A,137,150,High
3,17,rain,B,50,120,Moderate
3,17,rain,C,65,130,Moderate
3,18,rain,A,133,150,High
3,18,rain,B,47,120,Moderate
3,18,rain,C,71,130,Moderate
3,19,rain,A,127,150,High
3,19,rain,B,51,120,Moderate
3,19,rain,C,83,130,Moderate
3,20,rain,A,104,150,High
3,20,rain,B,46,120,Moderate
3,20,rain,C,78,130,Moderate
3,21,rain,A,67,150,Moderate
3,21,rain,B,24,120,Low
3,21,rain,C,39,130,Low
3,22,rain,A,61,150,Moderate
3,22,rain,B,24,120,Low
3,22,rain,C,48,130,Moderate
3,23,rain,A,68,150,Moderate
3,23,rain,B,29,120,Low
3,23,rain,C,49,130,Moderate
4,0,clear,A,16,150,Low
4,0,clear,B,6,120,Low
4,0,clear,C,7,130,Low
4,1,clear,A,15,150,Low
4,1,clear,B,5,120,Low
4,1,clear,C,10,130,Low
4,2,clear,A,12,150,Low
4,2,clear,B,5,120,Low
4,2,clear,C,8,130,Low
4,3,clear,A,17,150,Low
4,3,clear,B,3,120,Low
4,3,clear,C,7,130,Low
4,4,clear,A,10,150,Low
4,4,clear,B,5,120,Low
4,4,clear,C,11,130,Low
4,5,clear,A,13,150,Low
4,5,clear,B,5,120,Low
4,5,clear,C,9,130,Low
4,6,clear,A,54,150,Moderate
4,6,clear,B,21,120,Low
4,6,clear,C,37,130,Low
4,7,clear,A,48,150,Low
4,7,clear,B,19,120,Low
4,7,clear,C,38,130,Low
4,8,clear,A,112,150,High
4,8,clear,B,43,120,Moderate
4,8,clear,C,66,130,Moderate
4,9,clear,A,104,150,High
4,9,clear,B,40,120,Low
4,9,clear,C,57,130,Moderate
4,10,clear,A,89,150,Moderate
4,10,clear,B,35,120,Low
4,10,clear,C,50,130,Moderate
4,11,clear,A,105,150,High
4,11,clear,B,41,120,Low
4,11,clear,C,56,130,Moderate
4,12,clear,A,58,150,Moderate
4,12,clear,B,18,120,Low
4,12,clear,C,29,130,Low
4,13,clear,A,71,150,Moderate
4,13,clear,B,16,120,Low
4,13,clear,C,28,130,Low
4,14,clear,A,56,150,Moderate
4,14,clear,B,20,120,Low
4,14,clear,C,38,130,Low
4,15,clear,A,71,150,Moderate
4,15,clear,B,17,120,Low
4,15,clear,C,31,130,Low
4,16,clear,A,68,150,Moderate
4,16,clear,B,22,120,Low
4,16,clear,C,39,130,Low
4,17,clear,A,100,150,High
4,17,clear,B,46,120,Moderate
4,17,clear,C,78,130,Moderate
4,18,clear,A,113,150,High
4,18,clear,B,36,120,Low
4,18,clear,C,71,130,Moderate
4,19,clear,A,137,150,High
4,19,clear,B,33,120,Low
4,19,clear,C,61,130,Moderate
4,20,clear,A,99,150,High
4,20,clear,B,37,120,Low
4,20,clear,C,69,130,Moderate
4,21,clear,A,62,150,Moderate
4,21,clear,B,21,120,Low
4,21,clear,C,35,130,Low
4,22,clear,A,57,150,Moderate
4,22,clear,B,21,120,Low
4,22,clear,C,26,130,Low
4,23,clear,A,63,150,Moderate
4,23,clear,B,17,120,Low
4,23,clear,C,32,130,Low
5,0,clear,A,9,150,Low
5,0,clear,B,3,120,Low
5,0,clear,C,6,130,Low
5,1,clear,A,9,150,Low
5,1,clear,B,4,120,Low
5,1,clear,C,6,130,Low
5,2,clear,A,10,150,Low
5,2,clear,B,3,120,Low
5,2,clear,C,5,130,Low
5,3,clear,A,12,150,Low
5,3,clear,B,2,120,Low
5,3,clear,C,6,130,Low
5,4,clear,A,9,150,Low
5,4,clear,B,3,120,Low
5,4,clear,C,5,130,Low
5,5,clear,A,8,150,Low
5,5,clear,B,4,120,Low
5,5,clear,C,5,130,Low
5,6,clear,A,44,150,Low
5,6,clear,B,15,120,Low
5,6,clear,C,23,130,Low
5,7,clear,A,41,150,Low
5,7,clear,B,13,120,Low
5,7,clear,C,20,130,Low
5,8,clear,A,57,150,Moderate
5,8,clear,B,27,120,Low
5,8,clear,C,48,130,Moderate
5,9,clear,A,71,150,Moderate
5,9,clear,B,23,120,Low
5,9,clear,C,42,130,Low
5,10,clear,A,65,150,Moderate
5,10,clear,B,18,120,Low
5,10,clear,C,44,130,Low
5,11,clear,A,74,150,Moderate
5,11,clear,B,25,120,Low
5,11,clear,C,55,130,Moderate
5,12,clear,A,32,150,Low
5,12,clear,B,12,120,Low
5,12,clear,C,24,130,Low
5,13,clear,A,39,150,Low
5,13,clear,B,10,120,Low
5,13,clear,C,26,130,Low
5,14,clear,A,39,150,Low
5,14,clear,B,9,120,Low
5,14,clear,C,24,130,Low
5,15,clear,A,33,150,Low
5,15,clear,B,13,120,Low
5,15,clear,C,19,130,Low
5,16,clear,A,40,150,Low
5,16,clear,B,17,120,Low
5,16,clear,C,25,130,Low
5,17,clear,A,52,150,Low
5,17,clear,B,29,120,Low
5,17,clear,C,47,130,Moderate
5,18,clear,A,64,150,Moderate
5,18,clear,B,29,120,Low
5,18,clear,C,55,130,Moderate
5,19,clear,A,69,150,Moderate
5,19,clear,B,21,120,Low
5,19,clear,C,34,130,Low
5,20,clear,A,69,150,Moderate
5,20,clear,B,27,120,Low
5,20,clear,C,45,130,Low
5,21,clear,A,34,150,Low
5,21,clear,B,15,120,Low
5,21,clear,C,26,130,Low
5,22,clear,A,39,150,Low
5,22,clear,B,15,120,Low
5,22,clear,C,22,130,Low
5,23,clear,A,32,150,Low
5,23,clear,B,12,120,Low
5,23,clear,C,22,130,Low
6,0,clear,A,8,150,Low
6,0,clear,B,4,120,Low
6,0,clear,C,6,130,Low
6,1,clear,A,10,150,Low
6,1,clear,B,3,120,Low
6,1,clear,C,7,130,Low
6,2,clear,A,8,150,Low
6,2,clear,B,2,120,Low
6,2,clear,C,7,130,Low
6,3,clear,A,9,150,Low
6,3,clear,B,3,120,Low
6,3,clear,C,6,130,Low
6,4,clear,A,8,150,Low
6,4,clear,B,3,120,Low
6,4,clear,C,5,130,Low
6,5,clear,A,10,150,Low
6,5,clear,B,3,120,Low
6,5,clear,C,7,130,Low
6,6,clear,A,36,150,Low
6,6,clear,B,13,120,Low
6,6,clear,C,29,130,Low
6,7,clear,A,44,150,Low
6,7,clear,B,14,120,Low
6,7,clear,C,18,130,Low
6,8,clear,A,60,150,Moderate
6,8,clear,B,21,120,Low
6,8,clear,C,44,130,Low
6,9,clear,A,64,150,Moderate
6,9,clear,B,31,120,Low
6,9,clear,C,33,130,Low
6,10,clear,A,57,150,Moderate
6,10,clear,B,26,120,Low
6,10,clear,C,47,130,Moderate
6,11,clear,A,42,150,Low
6,11,clear,B,18,120,Low
6,11,clear,C,42,130,Low
6,12,clear,A,46,150,Low
6,12,clear,B,17,120,Low
6,12,clear,C,22,130,Low
6,13,clear,A,37,150,Low
6,13,clear,B,12,120,Low
6,13,clear,C,26,130,Low
6,14,clear,A,47,150,Low
6,14,clear,B,16,120,Low
6,14,clear,C,24,130,Low
6,15,clear,A,33,150,Low
6,15,clear,B,14,120,Low
6,15,clear,C,29,130,Low
6,16,clear,A,36,150,Low
6,16,clear,B,10,120,Low
6,16,clear,C,23,130,Low
6,17,clear,A,73,150,Moderate
6,17,clear,B,20,120,Low
6,17,clear,C,50,130,Moderate
6,18,clear,A,82,150,Moderate
6,18,clear,B,35,120,Low
6,18,clear,C,39,130,Low
6,19,clear,A,85,150,Moderate
6,19,clear,B,32,120,Low
6,19,clear,C,52,130,Moderate
6,20,clear,A,65,150,Moderate
6,20,clear,B,23,120,Low
6,20,clear,C,49,130,Moderate
6,21,clear,A,39,150,Low
6,21,clear,B,12,120,Low
6,21,clear,C,29,130,Low
6,22,clear,A,36,150,Low
6,22,clear,B,10,120,Low
6,22,clear,C,23,130,Low
6,23,clear,A,41,150,Low
6,23,clear,B,14,120,Low
6,23,clear,C,25,130,Low
0,0,clear,A,11,150,Low
0,0,clear,B,4,120,Low
0,0,clear,C,10,130,Low
0,1,clear,A,9,150,Low
0,1,clear,B,4,120,Low
0,1,clear,C,10,130,Low
0,2,clear,A,16,150,Low
0,2,clear,B,5,120,Low
0,2,clear,C,9,130,Low
0,3,clear,A,11,150,Low
0,3,clear,B,6,120,Low
0,3,clear,C,7,130,Low
0,4,clear,A,11,150,Low
0,4,clear,B,5,120,Low
0,4,clear,C,8,130,Low
0,5,clear,A,14,150,Low
0,5,clear,B,5,120,Low
0,5,clear,C,11,130,Low
0,6,clear,A,58,150,Moderate
0,6,clear,B,18,120,Low
0,6,clear,C,38,130,Low
0,7,clear,A,48,150,Low
0,7,clear,B,22,120,Low
0,7,clear,C,35,130,Low
0,8,clear,A,104,150,High
0,8,clear,B,26,120,Low
0,8,clear,C,41,130,Low
0,9,clear,A,76,150,Moderate
0,9,clear,B,45,120,Moderate
0,9,clear,C,52,130,Moderate
0,10,clear,A,109,150,High
0,10,clear,B,32,120,Low
0,10,clear,C,60,130,Moderate
0,11,clear,A,98,150,High
0,11,clear,B,44,120,Moderate
0,11,clear,C,68,130,Moderate
0,12,clear,A,58,150,Moderate
0,12,clear,B,23,120,Low
0,12,clear,C,31,130,Low
0,13,clear,A,63,150,Moderate
0,13,clear,B,22,120,Low
0,13,clear,C,39,130,Low
0,14,clear,A,53,150,Moderate
0,14,clear,B,18,120,Low
0,14,clear,C,30,130,Low
0,15,clear,A,48,150,Low
0,15,clear,B,17,120,Low
0,15,clear,C,36,130,Low
0,16,clear,A,53,150,Moderate
0,16,clear,B,21,120,Low
0,16,clear,C,37,130,Low
0,17,clear,A,92,150,Moderate
0,17,clear,B,33,120,Low
0,17,clear,C,67,130,Moderate
0,18,clear,A,97,150,Moderate
0,18,clear,B,34,120,Low
0,18,clear,C,87,130,High
0,19,clear,A,84,150,Moderate
0,19,clear,B,52,120,Moderate
0,19,clear,C,73,130,Moderate
0,20,clear,A,126,150,High
0,20,clear,B,45,120,Moderate
0,20,clear,C,76,130,Moderate
0,21,clear,A,68,150,Moderate
0,21,clear,B,16,120,Low
0,21,clear,C,34,130,Low
0,22,clear,A,47,150,Low
0,22,clear,B,14,120,Low
0,22,clear,C,31,130,Low
0,23,clear,A,70,150,Moderate
0,23,clear,B,19,120,Low
0,23,clear,C,45,130,Low
1,0,clear,A,19,150,Low
1,0,clear,B,6,120,Low
1,0,clear,C,11,130,Low
1,1,clear,A,14,150,Low
1,1,clear,B,5,120,Low
1,1,clear,C,9,130,Low
1,2,clear,A,13,150,Low
1,2,clear,B,5,120,Low
1,2,clear,C,9,130,Low
1,3,clear,A,12,150,Low
1,3,clear,B,3,120,Low
1,3,clear,C,9,130,Low
1,4,clear,A,12,150,Low
1,4,clear,B,4,120,Low
1,4,clear,C,8,130,Low
1,5,clear,A,12,150,Low
1,5,clear,B,5,120,Low
1,5,clear,C,8,130,Low
1,6,clear,A,64,150,Moderate
1,6,clear,B,20,120,Low
1,6,clear,C,34,130,Low
1,7,clear,A,56,150,Moderate
1,7,clear,B,16,120,Low
1,7,clear,C,36,130,Low
1,8,clear,A,111,150,High
1,8,clear,B,41,120,Low
1,8,clear,C,50,130,Moderate
1,9,clear,A,76,150,Moderate
1,9,clear,B,33,120,Low
1,9,clear,C,76,130,Moderate
1,10,clear,A,102,150,High
1,10,clear,B,31,120,Low
1,10,clear,C,49,130,Moderate
1,11,clear,A,88,150,Moderate
1,11,clear,B,31,120,Low
1,11,clear,C,71,130,Moderate
1,12,clear,A,63,150,Moderate
1,12,clear,B,16,120,Low
1,12,clear,C,38,130,Low
1,13,clear,A,60,150,Moderate
1,13,clear,B,16,120,Low
1,13,clear,C,34,130,Low
1,14,clear,A,57,150,Moderate
1,14,clear,B,20,120,Low
1,14,clear,C,26,130,Low
1,15,clear,A,56,150,Moderate
1,15,clear,B,21,120,Low
1,15,clear,C,43,130,Low
1,16,clear,A,49,150,Low
1,16,clear,B,18,120,Low
1,16,clear,C,33,130,Low
1,17,clear,A,114,150,High
1,17,clear,B,40,120,Low
1,17,clear,C,76,130,Moderate
1,18,clear,A,91,150,Moderate
1,18,clear,B,42,120,Moderate
1,18,clear,C,62,130,Moderate
1,19,clear,A,107,150,High
1,19,clear,B,50,120,Moderate
1,19,clear,C,55,130,Moderate
1,20,clear,A,105,150,High
1,20,clear,B,32,120,Low
1,20,clear,C,71,130,Moderate
1,21,clear,A,63,150,Moderate
1,21,clear,B,20,120,Low
1,21,clear,C,34,130,Low
1,22,clear,A,65,150,Moderate
1,22,clear,B,20,120,Low
1,22,clear,C,39,130,Low
1,23,clear,A,60,150,Moderate
1,23,clear,B,11,120,Low
1,23,clear,C,34,130,Low
2,0,clear,A,12,150,Low
2,0,clear,B,6,120,Low
2,0,clear,C,8,130,Low
2,1,clear,A,17,150,Low
2,1,clear,B,3,120,Low
2,1,clear,C,7,130,Low
2,2,clear,A,15,150,Low
2,2,clear,B,4,120,Low
2,2,clear,C,9,130,Low
2,3,clear,A,13,150,Low
2,3,clear,B,4,120,Low
2,3,clear,C,8,130,Low
2,4,clear,A,14,150,Low
2,4,clear,B,5,120,Low
2,4,clear,C,10,130,Low
2,5,clear,A,13,150,Low
2,5,clear,B,4,120,Low
2,5,clear,C,8,130,Low
2,6,clear,A,67,150,Moderate
2,6,clear,B,22,120,Low
2,6,clear,C,25,130,Low
2,7,clear,A,38,150,Low
2,7,clear,B,17,120,Low
2,7,clear,C,36,130,Low
2,8,clear,A,98,150,High
2,8,clear,B,38,120,Low
2,8,clear,C,61,130,Moderate
2,9,clear,A,119,150,High
2,9,clear,B,40,120,Low
2,9,clear,C,63,130,Moderate
2,10,clear,A,116,150,High
2,10,clear,B,27,120,Low
2,10,clear,C,62,130,Moderate
2,11,clear,A,101,150,High
2,11,clear,B,39,120,Low
2,11,clear,C,46,130,Moderate
2,12,clear,A,52,150,Low
2,12,clear,B,21,120,Low
2,12,clear,C,37,130,Low
2,13,clear,A,64,150,Moderate
2,13,clear,B,22,120,Low
2,13,clear,C,34,130,Low
2,14,clear,A,60,150,Moderate
2,14,clear,B,19,120,Low
2,14,clear,C,35,130,Low
2,15,clear,A,61,150,Moderate
2,15,clear,B,19,120,Low
2,15,clear,C,36,130,Low
2,16,clear,A,62,150,Moderate
2,16,clear,B,22,120,Low
2,16,clear,C,41,130,Low
2,17,clear,A,148,150,High
2,17,clear,B,44,120,Moderate
2,17,clear,C,65,130,Moderate
2,18,clear,A,118,150,High
2,18,clear,B,42,120,Moderate
2,18,clear,C,76,130,Moderate
2,19,clear,A,134,150,High
2,19,clear,B,29,120,Low
2,19,clear,C,85,130,High
2,20,clear,A,140,150,High
2,20,clear,B,43,120,Moderate
2,20,clear,C,76,130,Moderate
2,21,clear,A,53,150,Moderate
2,21,clear,B,20,120,Low
2,21,clear,C,38,130,Low
2,22,clear,A,60,150,Moderate
2,22,clear,B,22,120,Low
2,22,clear,C,38,130,Low
2,23,clear,A,62,150,Moderate
2,23,clear,B,22,120,Low
2,23,clear,C,29,130,Low
3,0,rain,A,21,150,Low
3,0,rain,B,5,120,Low
3,0,rain,C,12,130,Low
3,1,rain,A,14,150,Low
3,1,rain,B,5,120,Low
3,1,rain,C,9,130,Low
3,2,rain,A,19,150,Low
3,2,rain,B,7,120,Low
3,2,rain,C,10,130,Low
3,3,rain,A,19,150,Low
3,3,rain,B,7,120,Low
3,3,rain,C,10,130,Low
3,4,rain,A,16,150,Low
3,4,rain,B,6,120,Low
3,4,rain,C,9,130,Low
3,5,rain,A,16,150,Low
3,5,rain,B,7,120,Low
3,5,rain,C,9,130,Low
3,6,rain,A,74,150,Moderate
3,6,rain,B,25,120,Low
3,6,rain,C,40,130,Low
3,7,rain,A,68,150,Moderate
3,7,rain,B,30,120,Low
3,7,rain,C,45,130,Low
3,8,rain,A,131,150,High
3,8,rain,B,53,120,Moderate
3,8,rain,C,72,130,Moderate
3,9,rain,A,100,150,High
3,9,rain,B,54,120,Moderate
3,9,rain,C,77,130,Moderate
3,10,rain,A,134,150,High
3,10,rain,B,38,120,Low
3,10,rain,C,80,130,Moderate
3,11,rain,A,99,150,High
3,11,rain,B,43,120,Moderate
3,11,rain,C,68,130,Moderate
3,12,rain,A,57,150,Moderate
3,12,rain,B,22,120,Low
3,12,rain,C,27,130,Low
3,13,rain,A,54,150,Moderate
3,13,rain,B,26,120,Low
3,13,rain,C,44,130,Low
3,14,rain,A,55,150,Moderate
3,14,rain,B,25,120,Low
3,14,rain,C,36,130,Low
3,15,rain,A,73,150,Moderate
3,15,rain,B,23,120,Low
3,15,rain,C,39,130,Low
3,16,rain,A,65,150,Moderate
3,16,rain,B,33,120,Low
3,16,rain,C,37,130,Low
3,17,rain,A,136,150,High
3,17,rain,B,53,120,Moderate
3,17,rain,C,71,130,Moderate
3,18,rain,A,100,150,High
3,18,rain,B,43,120,Moderate
3,18,rain,C,93,130,High
3,19,rain,A,125,150,High
3,19,rain,B,46,120,Moderate
3,19,rain,C,95,130,High
3,20,rain,A,116,150,High
3,20,rain,B,47,120,Moderate
3,20,rain,C,64,130,Moderate
3,21,rain,A,69,150,Moderate
3,21,rain,B,24,120,Low
3,21,rain,C,47,130,Moderate
3,22,rain,A,54,150,Moderate
3,22,rain,B,23,120,Low
3,22,rain,C,33,130,Low
3,23,rain,A,63,150,Moderate
3,23,rain,B,29,120,Low
3,23,rain,C,39,130,Low
4,0,clear,A,12,150,Low
4,0,clear,B,3,120,Low
4,0,clear,C,7,130,Low
4,1,clear,A,15,150,Low
4,1,clear,B,3,120,Low
4,1,clear,C,9,130,Low
4,2,clear,A,13,150,Low
4,2,clear,B,4,120,Low
4,2,clear,C,9,130,Low
4,3,clear,A,11,150,Low
4,3,clear,B,5,120,Low
4,3,clear,C,7,130,Low
4,4,clear,A,12,150,Low
4,4,clear,B,4,120,Low
4,4,clear,C,9,130,Low
4,5,clear,A,14,150,Low
4,5,clear,B,3,120,Low
4,5,clear,C,9,130,Low
4,6,clear,A,40,150,Low
4,6,clear,B,18,120,Low
4,6,clear,C,34,130,Low
4,7,clear,A,52,150,Low
4,7,clear,B,21,120,Low
4,7,clear,C,38,130,Low
4,8,clear,A,87,150,Moderate
4,8,clear,B,31,120,Low
4,8,clear,C,62,130,Moderate
4,9,clear,A,76,150,Moderate
4,9,clear,B,33,120,Low
4,9,clear,C,75,130,Moderate
4,10,clear,A,76,150,Moderate
4,10,clear,B,34,120,Low
4,10,clear,C,57,130,Moderate
4,11,clear,A,128,150,High
4,11,clear,B,33,120,Low
4,11,clear,C,58,130,Moderate
4,12,clear,A,46,150,Low
4,12,clear,B,20,120,Low
4,12,clear,C,36,130,Low
4,13,clear,A,47,150,Low
4,13,clear,B,22,120,Low
4,13,clear,C,36,130,Low
4,14,clear,A,62,150,Moderate
4,14,clear,B,19,120,Low
4,14,clear,C,36,130,Low
4,15,clear,A,53,150,Moderate
4,15,clear,B,24,120,Low
4,15,clear,C,35,130,Low
4,16,clear,A,55,150,Moderate
4,16,clear,B,18,120,Low
4,16,clear,C,32,130,Low
4,17,clear,A,113,150,High
4,17,clear,B,44,120,Moderate
4,17,clear,C,62,130,Moderate
4,18,clear,A,112,150,High
4,18,clear,B,41,120,Low
4,18,clear,C,73,130,Moderate
4,19,clear,A,81,150,Moderate
4,19,clear,B,34,120,Low
4,19,clear,C,55,130,Moderate
4,20,clear,A,110,150,High
4,20,clear,B,34,120,Low
4,20,clear,C,64,130,Moderate
4,21,clear,A,45,150,Low
4,21,clear,B,18,120,Low
4,21,clear,C,29,130,Low
4,22,clear,A,61,150,Moderate
4,22,clear,B,21,120,Low
4,22,clear,C,35,130,Low
4,23,clear,A,52,150,Low
4,23,clear,B,13,120,Low
4,23,clear,C,32,130,Low
5,0,clear,A,9,150,Low
5,0,clear,B,3,120,Low
5,0,clear,C,6,130,Low
5,1,clear,A,11,150,Low
5,1,clear,B,3,120,Low
5,1,clear,C,5,130,Low
5,2,clear,A,11,150,Low
5,2,clear,B,3,120,Low
5,2,clear,C,5,130,Low
5,3,clear,A,12,150,Low
5,3,clear,B,3,120,Low
5,3,clear,C,5,130,Low
5,4,clear,A,8,150,Low
5,4,clear,B,4,120,Low
5,4,clear,C,6,130,Low
5,5,clear,A,9,150,Low
5,5,clear,B,3,120,Low
5,5,clear,C,6,130,Low
5,6,clear,A,41,150,Low
5,6,clear,B,15,120,Low
5,6,clear,C,26,130,Low
5,7,clear,A,41,150,Low
5,7,clear,B,12,120,Low
5,7,clear,C,31,130,Low
5,8,clear,A,56,150,Moderate
5,8,clear,B,26,120,Low
5,8,clear,C,35,130,Low
5,9,clear,A,68,150,Moderate
5,9,clear,B,23,120,Low
5,9,clear,C,44,130,Low
5,10,clear,A,72,150,Moderate
5,10,clear,B,21,120,Low
5,10,clear,C,43,130,Low
5,11,clear,A,83,150,Moderate
5,11,clear,B,20,120,Low
5,11,clear,C,38,130,Low
5,12,clear,A,43,150,Low
5,12,clear,B,14,120,Low
5,12,clear,C,25,130,Low
5,13,clear,A,44,150,Low
5,13,clear,B,12,120,Low
5,13,clear,C,22,130,Low
5,14,clear,A,34,150,Low
5,14,clear,B,13,120,Low
5,14,clear,C,29,130,Low
5,15,clear,A,28,150,Low
5,15,clear,B,11,120,Low
5,15,clear,C,19,130,Low
5,16,clear,A,46,150,Low
5,16,clear,B,12,120,Low
5,16,clear,C,23,130,Low
5,17,clear,A,58,150,Moderate
5,17,clear,B,26,120,Low
5,17,clear,C,55,130,Moderate
5,18,clear,A,79,150,Moderate
5,18,clear,B,27,120,Low
5,18,clear,C,37,130,Low
5,19,clear,A,73,150,Moderate
5,19,clear,B,28,120,Low
5,19,clear,C,41,130,Low
5,20,clear,A,84,150,Moderate
5,20,clear,B,31,120,Low
5,20,clear,C,45,130,Low
5,21,clear,A,42,150,Low
5,21,clear,B,13,120,Low
5,21,clear,C,28,130,Low
5,22,clear,A,50,150,Low
5,22,clear,B,11,120,Low
5,22,clear,C,27,130,Low
5,23,clear,A,46,150,Low
5,23,clear,B,11,120,Low
5,23,clear,C,22,130,Low
6,0,clear,A,9,150,Low
6,0,clear,B,3,120,Low
6,0,clear,C,5,130,Low
6,1,clear,A,10,150,Low
6,1,clear,B,2,120,Low
6,1,clear,C,5,130,Low
6,2,clear,A,10,150,Low
6,2,clear,B,3,120,Low
6,2,clear,C,5,130,Low
6,3,clear,A,10,150,Low
6,3,clear,B,4,120,Low
6,3,clear,C,6,130,Low
6,4,clear,A,8,150,Low
6,4,clear,B,3,120,Low
6,4,clear,C,7,130,Low
6,5,clear,A,8,150,Low
6,5,clear,B,3,120,Low
6,5,clear,C,7,130,Low
6,6,clear,A,39,150,Low
6,6,clear,B,10,120,Low
6,6,clear,C,26,130,Low
6,7,clear,A,32,150,Low
6,7,clear,B,11,120,Low
6,7,clear,C,18,130,Low
6,8,clear,A,81,150,Moderate
6,8,clear,B,22,120,Low
6,8,clear,C,46,130,Moderate
6,9,clear,A,75,150,Moderate
6,9,clear,B,25,120,Low
6,9,clear,C,46,130,Moderate
6,10,clear,A,73,150,Moderate
6,10,clear,B,25,120,Low
6,10,clear,C,39,130,Low
6,11,clear,A,60,150,Moderate
6,11,clear,B,24,120,Low
6,11,clear,C,43,130,Low
6,12,clear,A,40,150,Low
6,12,clear,B,16,120,Low
6,12,clear,C,25,130,Low
6,13,clear,A,33,150,Low
6,13,clear,B,9,120,Low
6,13,clear,C,21,130,Low
6,14,clear,A,30,150,Low
6,14,clear,B,12,120,Low
6,14,clear,C,25,130,Low
6,15,clear,A,38,150,Low
6,15,clear,B,17,120,Low
6,15,clear,C,26,130,Low
6,16,clear,A,49,150,Low
6,16,clear,B,15,120,Low
6,16,clear,C,28,130,Low
6,17,clear,A,72,150,Moderate
6,17,clear,B,23,120,Low
6,17,clear,C,45,130,Low
6,18,clear,A,76,150,Moderate
6,18,clear,B,25,120,Low
6,18,clear,C,41,130,Low
6,19,clear,A,81,150,Moderate
6,19,clear,B,23,120,Low
6,19,clear,C,37,130,Low
6,20,clear,A,64,150,Moderate
6,20,clear,B,27,120,Low
6,20,clear,C,41,130,Low
6,21,clear,A,37,150,Low
6,21,clear,B,15,120,Low
6,21,clear,C,26,130,Low
6,22,clear,A,34,150,Low
6,22,clear,B,11,120,Low
6,22,clear,C,22,130,Low
6,23,clear,A,42,150,Low
6,23,clear,B,15,120,Low
6,23,clear,C,25,130,Low
0,0,fog,A,19,150,Low
0,0,fog,B,5,120,Low
0,0,fog,C,11,130,Low
0,1,fog,A,14,150,Low
0,1,fog,B,6,120,Low
0,1,fog,C,10,130,Low
0,2,fog,A,10,150,Low
0,2,fog,B,4,120,Low
0,2,fog,C,7,130,Low
0,3,fog,A,11,150,Low
0,3,fog,B,6,120,Low
0,3,fog,C,12,130,Low
0,4,fog,A,14,150,Low
0,4,fog,B,6,120,Low
0,4,fog,C,11,130,Low
0,5,fog,A,15,150,Low
0,5,fog,B,5,120,Low
0,5,fog,C,9,130,Low
0,6,fog,A,65,150,Moderate
0,6,fog,B,24,120,Low
0,6,fog,C,41,130,Low
0,7,fog,A,64,150,Moderate
0,7,fog,B,21,120,Low
0,7,fog,C,29,130,Low
0,8,fog,A,123,150,High
0,8,fog,B,31,120,Low
0,8,fog,C,75,130,Moderate
0,9,fog,A,121,150,High
0,9,fog,B,32,120,Low
0,9,fog,C,62,130,Moderate
0,10,fog,A,143,150,High
0,10,fog,B,39,120,Low
0,10,fog,C,56,130,Moderate
0,11,fog,A,121,150,High
0,11,fog,B,35,120,Low
0,11,fog,C,49,130,Moderate
0,12,fog,A,65,150,Moderate
0,12,fog,B,18,120,Low
0,12,fog,C,40,130,Low
0,13,fog,A,53,150,Moderate
0,13,fog,B,24,120,Low
0,13,fog,C,39,130,Low
0,14,fog,A,37,150,Low
0,14,fog,B,23,120,Low
0,14,fog,C,36,130,Low
0,15,fog,A,73,150,Moderate
0,15,fog,B,23,120,Low
0,15,fog,C,42,130,Low
0,16,fog,A,54,150,Moderate
0,16,fog,B,19,120,Low
0,16,fog,C,38,130,Low
0,17,fog,A,114,150,High
0,17,fog,B,52,120,Moderate
0,17,fog,C,75,130,Moderate
0,18,fog,A,98,150,High
0,18,fog,B,38,120,Low
0,18,fog,C,88,130,High
0,19,fog,A,117,150,High
0,19,fog,B,42,120,Moderate
0,19,fog,C,89,130,High
0,20,fog,A,104,150,High
0,20,fog,B,29,120,Low
0,20,fog,C,67,130,Moderate
0,21,fog,A,62,150,Moderate
0,21,fog,B,21,120,Low
0,21,fog,C,29,130,Low
0,22,fog,A,69,150,Moderate
0,22,fog,B,22,120,Low
0,22,fog,C,40,130,Low
0,23,fog,A,64,150,Moderate
0,23,fog,B,17,120,Low
0,23,fog,C,40,130,Low
1,0,clear,A,16,150,Low
1,0,clear,B,5,120,Low
1,0,clear,C,9,130,Low
1,1,clear,A,10,150,Low
1,1,clear,B,4,120,Low
1,1,clear,C,7,130,Low
1,2,clear,A,16,150,Low
1,2,clear,B,5,120,Low
1,2,clear,C,7,130,Low
1,3,clear,A,13,150,Low
1,3,clear,B,5,120,Low
1,3,clear,C,9,130,Low
1,4,clear,A,10,150,Low
1,4,clear,B,3,120,Low
1,4,clear,C,8,130,Low
1,5,clear,A,8,150,Low
1,5,clear,B,5,120,Low
1,5,clear,C,9,130,Low
1,6,clear,A,65,150,Moderate
1,6,clear,B,18,120,Low
1,6,clear,C,35,130,Low
1,7,clear,A,60,150,Moderate
1,7,clear,B,16,120,Low
1,7,clear,C,39,130,Low
1,8,clear,A,103,150,High
1,8,clear,B,32,120,Low
1,8,clear,C,64,130,Moderate
1,9,clear,A,96,150,Moderate
1,9,clear,B,40,120,Low
1,9,clear,C,59,130,Moderate
1,10,clear,A,102,150,High
1,10,clear,B,32,120,Low
1,10,clear,C,54,130,Moderate
1,11,clear,A,101,150,High
1,11,clear,B,31,120,Low
1,11,clear,C,70,130,Moderate
1,12,clear,A,59,150,Moderate
1,12,clear,B,17,120,Low
1,12,clear,C,36,130,Low
1,13,clear,A,48,150,Low
1,13,clear,B,15,120,Low
1,13,clear,C,31,130,Low
1,14,clear,A,54,150,Moderate
1,14,clear,B,21,120,Low
1,14,clear,C,35,130,Low
1,15,clear,A,62,150,Moderate
1,15,clear,B,17,120,Low
1,15,clear,C,33,130,Low
1,16,clear,A,68,150,Moderate
1,16,clear,B,14,120,Low
1,16,clear,C,32,130,Low
1,17,clear,A,92,150,Moderate
1,17,clear,B,38,120,Low
1,17,clear,C,65,130,Moderate
1,18,clear,A,119,150,High
1,18,clear,B,41,120,Low
1,18,clear,C,56,130,Moderate
1,19,clear,A,100,150,High
1,19,clear,B,39,120,Low
1,19,clear,C,77,130,Moderate
1,20,clear,A,150,150,High
1,20,clear,B,44,120,Moderate
1,20,clear,C,59,130,Moderate
1,21,clear,A,54,150,Moderate
1,21,clear,B,20,120,Low
1,21,clear,C,32,130,Low
1,22,clear,A,58,150,Moderate
1,22,clear,B,13,120,Low
1,22,clear,C,37,130,Low
1,23,clear,A,51,150,Low
1,23,clear,B,19,120,Low
1,23,clear,C,42,130,Low
2,0,clear,A,14,150,Low
2,0,clear,B,5,120,Low
2,0,clear,C,8,130,Low
2,1,clear,A,10,150,Low
2,1,clear,B,6,120,Low
2,1,clear,C,8,130,Low
2,2,clear,A,12,150,Low
2,2,clear,B,4,120,Low
2,2,clear,C,8,130,Low
2,3,clear,A,11,150,Low
2,3,clear,B,5,120,Low
2,3,clear,C,7,130,Low
2,4,clear,A,15,150,Low
2,4,clear,B,5,120,Low
2,4,clear,C,10,130,Low
2,5,clear,A,13,150,Low
2,5,clear,B,4,120,Low
2,5,clear,C,6,130,Low
2,6,clear,A,73,150,Moderate
2,6,clear,B,21,120,Low
2,6,clear,C,31,130,Low
2,7,clear,A,68,150,Moderate
2,7,clear,B,24,120,Low
2,7,clear,C,27,130,Low
2,8,clear,A,87,150,Moderate
2,8,clear,B,35,120,Low
2,8,clear,C,52,130,Moderate
2,9,clear,A,97,150,Moderate
2,9,clear,B,39,120,Low
2,9,clear,C,50,130,Moderate
2,10,clear,A,103,150,High
2,10,clear,B,42,120,Moderate
2,10,clear,C,66,130,Moderate
2,11,clear,A,97,150,Moderate
2,11,clear,B,32,120,Low
2,11,clear,C,70,130,Moderate
2,12,clear,A,45,150,Low
2,12,clear,B,20,120,Low
2,12,clear,C,35,130,Low
2,13,clear,A,64,150,Moderate
2,13,clear,B,18,120,Low
2,13,clear,C,32,130,Low
2,14,clear,A,44,150,Low
2,14,clear,B,21,120,Low
2,14,clear,C,32,130,Low
2,15,clear,A,47,150,Low
2,15,clear,B,17,120,Low
2,15,clear,C,37,130,Low
2,16,clear,A,45,150,Low
2,16,clear,B,16,120,Low
2,16,clear,C,39,130,Low
2,17,clear,A,107,150,High
2,17,clear,B,45,120,Moderate
2,17,clear,C,66,130,Moderate
2,18,clear,A,109,150,High
2,18,clear,B,40,120,Low
2,18,clear,C,84,130,Moderate
2,19,clear,A,131,150,High
2,19,clear,B,46,120,Moderate
2,19,clear,C,63,130,Moderate
2,20,clear,A,93,150,Moderate
2,20,clear,B,44,120,Moderate
2,20,clear,C,84,130,Moderate
2,21,clear,A,64,150,Moderate
2,21,clear,B,20,120,Low
2,21,clear,C,38,130,Low
2,22,clear,A,61,150,Moderate
2,22,clear,B,20,120,Low
2,22,clear,C,36,130,Low
2,23,clear,A,55,150,Moderate
2,23,clear,B,17,120,Low
2,23,clear,C,31,130,Low
3,0,fog,A,11,150,Low
3,0,fog,B,5,120,Low
3,0,fog,C,9,130,Low
3,1,fog,A,16,150,Low
3,1,fog,B,6,120,Low
3,1,fog,C,11,130,Low
3,2,fog,A,18,150,Low
3,2,fog,B,4,120,Low
3,2,fog,C,7,130,Low
3,3,fog,A,17,150,Low
3,3,fog,B,6,120,Low
3,3,fog,C,11,130,Low
3,4,fog,A,16,150,Low
3,4,fog,B,3,120,Low
3,4,fog,C,10,130,Low
3,5,fog,A,16,150,Low
3,5,fog,B,6,120,Low
3,5,fog,C,11,130,Low
3,6,fog,A,68,150,Moderate
3,6,fog,B,20,120,Low
3,6,fog,C,32,130,Low
3,7,fog,A,65,150,Moderate
3,7,fog,B,19,120,Low
3,7,fog,C,47,130,Moderate
3,8,fog,A,81,150,Moderate
3,8,fog,B,42,120,Moderate
3,8,fog,C,72,130,Moderate
3,9,fog,A,105,150,High
3,9,fog,B,34,120,Low
3,9,fog,C,47,130,Moderate
3,10,fog,A,100,150,High
3,10,fog,B,36,120,Low
3,10,fog,C,80,130,Moderate
3,11,fog,A,96,150,Moderate
3,11,fog,B,42,120,Moderate
3,11,fog,C,55,130,Moderate
3,12,fog,A,64,150,Moderate
3,12,fog,B,14,120,Low
3,12,fog,C,50,130,Moderate
3,13,fog,A,59,150,Moderate
3,13,fog,B,12,120,Low
3,13,fog,C,34,130,Low
3,14,fog,A,52,150,Low
3,14,fog,B,19,120,Low
3,14,fog,C,36,130,Low
3,15,fog,A,54,150,Moderate
3,15,fog,B,19,120,Low
3,15,fog,C,31,130,Low
3,16,fog,A,67,150,Moderate
3,16,fog,B,25,120,Low
3,16,fog,C,37,130,Low
3,17,fog,A,120,150,High
3,17,fog,B,36,120,Low
3,17,fog,C,77,130,Moderate
3,18,fog,A,125,150,High
3,18,fog,B,42,120,Moderate
3,18,fog,C,81,130,Moderate
3,19,fog,A,126,150,High
3,19,fog,B,37,120,Low
3,19,fog,C,90,130,High
3,20,fog,A,117,150,High
3,20,fog,B,55,120,Moderate
3,20,fog,C,81,130,Moderate
3,21,fog,A,78,150,Moderate
3,21,fog,B,25,120,Low
3,21,fog,C,39,130,Low
3,22,fog,A,53,150,Moderate
3,22,fog,B,19,120,Low
3,22,fog,C,41,130,Low
3,23,fog,A,61,150,Moderate
3,23,fog,B,20,120,Low
3,23,fog,C,43,130,Low
4,0,rain,A,18,150,Low
4,0,rain,B,5,120,Low
4,0,rain,C,12,130,Low
4,1,rain,A,17,150,Low
4,1,rain,B,7,120,Low
4,1,rain,C,12,130,Low
4,2,rain,A,16,150,Low
4,2,rain,B,5,120,Low
4,2,rain,C,13,130,Low
4,3,rain,A,15,150,Low
4,3,rain,B,6,120,Low
4,3,rain,C,9,130,Low
4,4,rain,A,11,150,Low
4,4,rain,B,4,120,Low
4,4,rain,C,11,130,Low
4,5,rain,A,18,150,Low
4,5,rain,B,6,120,Low
4,5,rain,C,12,130,Low
4,6,rain,A,69,150,Moderate
4,6,rain,B,21,120,Low
4,6,rain,C,45,130,Low
4,7,rain,A,67,150,Moderate
4,7,rain,B,21,120,Low
4,7,rain,C,44,130,Low
4,8,rain,A,120,150,High
4,8,rain,B,39,120,Low
4,8,rain,C,73,130,Moderate
4,9,rain,A,143,150,High
4,9,rain,B,52,120,Moderate
4,9,rain,C,77,130,Moderate
4,10,rain,A,119,150,High
4,10,rain,B,33,120,Low
4,10,rain,C,95,130,High
4,11,rain,A,137,150,High
4,11,rain,B,48,120,Moderate
4,11,rain,C,49,130,Moderate
4,12,rain,A,66,150,Moderate
4,12,rain,B,23,120,Low
4,12,rain,C,46,130,Moderate
4,13,rain,A,61,150,Moderate
4,13,rain,B,23,120,Low
4,13,rain,C,45,130,Low
4,14,rain,A,58,150,Moderate
4,14,rain,B,21,120,Low
4,14,rain,C,43,130,Low
4,15,rain,A,79,150,Moderate
4,15,rain,B,26,120,Low
4,15,rain,C,48,130,Moderate
4,16,rain,A,66,150,Moderate
4,16,rain,B,29,120,Low
4,16,rain,C,31,130,Low
4,17,rain,A,172,150,High
4,17,rain,B,63,120,Moderate
4,17,rain,C,89,130,High
4,18,rain,A,148,150,High
4,18,rain,B,47,120,Moderate
4,18,rain,C,81,130,Moderate
4,19,rain,A,119,150,High
4,19,rain,B,47,120,Moderate
4,19,rain,C,91,130,High
4,20,rain,A,140,150,High
4,20,rain,B,62,120,Moderate
4,20,rain,C,85,130,High
4,21,rain,A,51,150,Low
4,21,rain,B,29,120,Low
4,21,rain,C,34,130,Low
4,22,rain,A,60,150,Moderate
4,22,rain,B,24,120,Low
4,22,rain,C,44,130,Low
4,23,rain,A,51,150,Low
4,23,rain,B,21,120,Low
4,23,rain,C,32,130,Low
5,0,clear,A,11,150,Low
5,0,clear,B,2,120,Low
5,0,clear,C,7,130,Low
5,1,clear,A,10,150,Low
5,1,clear,B,3,120,Low
5,1,clear,C,4,130,Low
5,2,clear,A,8,150,Low
5,2,clear,B,3,120,Low
5,2,clear,C,7,130,Low
5,3,clear,A,9,150,Low
5,3,clear,B,2,120,Low
5,3,clear,C,6,130,Low
5,4,clear,A,7,150,Low
5,4,clear,B,3,120,Low
5,4,clear,C,5,130,Low
5,5,clear,A,8,150,Low
5,5,clear,B,3,120,Low
5,5,clear,C,7,130,Low
5,6,clear,A,51,150,Low
5,6,clear,B,11,120,Low
5,6,clear,C,22,130,Low
5,7,clear,A,41,150,Low
5,7,clear,B,16,120,Low
5,7,clear,C,16,130,Low
5,8,clear,A,70,150,Moderate
5,8,clear,B,23,120,Low
5,8,clear,C,31,130,Low
5,9,clear,A,55,150,Moderate
5,9,clear,B,23,120,Low
5,9,clear,C,44,130,Low
5,10,clear,A,79,150,Moderate
5,10,clear,B,26,120,Low
5,10,clear,C,50,130,Moderate
5,11,clear,A,69,150,Moderate
5,11,clear,B,22,120,Low
5,11,clear,C,42,130,Low
5,12,clear,A,42,150,Low
5,12,clear,B,16,120,Low
5,12,clear,C,23,130,Low
5,13,clear,A,33,150,Low
5,13,clear,B,14,120,Low
5,13,clear,C,26,130,Low
5,14,clear,A,45,150,Low
5,14,clear,B,12,120,Low
5,14,clear,C,22,130,Low
5,15,clear,A,42,150,Low
5,15,clear,B,13,120,Low
5,15,clear,C,22,130,Low
5,16,clear,A,45,150,Low
5,16,clear,B,11,120,Low
5,16,clear,C,32,130,Low
5,17,clear,A,69,150,Moderate
5,17,clear,B,31,120,Low
5,17,clear,C,48,130,Moderate
5,18,clear,A,80,150,Moderate
5,18,clear,B,26,120,Low
5,18,clear,C,55,130,Moderate
5,19,clear,A,72,150,Moderate
5,19,clear,B,25,120,Low
5,19,clear,C,62,130,Moderate
5,20,clear,A,77,150,Moderate
5,20,clear,B,25,120,Low
5,20,clear,C,38,130,Low
5,21,clear,A,49,150,Low
5,21,clear,B,12,120,Low
5,21,clear,C,32,130,Low
5,22,clear,A,40,150,Low
5,22,clear,B,14,120,Low
5,22,clear,C,25,130,Low
5,23,clear,A,51,150,Low
5,23,clear,B,9,120,Low
5,23,clear,C,25,130,Low
6,0,clear,A,9,150,Low
6,0,clear,B,3,120,Low
6,0,clear,C,5,130,Low
6,1,clear,A,9,150,Low
6,1,clear,B,3,120,Low
6,1,clear,C,4,130,Low
6,2,clear,A,10,150,Low
6,2,clear,B,3,120,Low
6,2,clear,C,5,130,Low
6,3,clear,A,12,150,Low
6,3,clear,B,4,120,Low
6,3,clear,C,6,130,Low
6,4,clear,A,10,150,Low
6,4,clear,B,3,120,Low
6,4,clear,C,7,130,Low
6,5,clear,A,11,150,Low
6,5,clear,B,3,120,Low
6,5,clear,C,5,130,Low
6,6,clear,A,38,150,Low
6,6,clear,B,15,120,Low
6,6,clear,C,27,130,Low
6,7,clear,A,38,150,Low
6,7,clear,B,12,120,Low
6,7,clear,C,30,130,Low
6,8,clear,A,58,150,Moderate
6,8,clear,B,21,120,Low
6,8,clear,C,35,130,Low
6,9,clear,A,59,150,Moderate
6,9,clear,B,29,120,Low
6,9,clear,C,52,130,Moderate
6,10,clear,A,68,150,Moderate
6,10,clear,B,27,120,Low
6,10,clear,C,44,130,Low
6,11,clear,A,56,150,Moderate
6,11,clear,B,33,120,Low
6,11,clear,C,53,130,Moderate
6,12,clear,A,40,150,Low
6,12,clear,B,12,120,Low
6,12,clear,C,23,130,Low
6,13,clear,A,34,150,Low
6,13,clear,B,14,120,Low
6,13,clear,C,25,130,Low
6,14,clear,A,36,150,Low
6,14,clear,B,10,120,Low
6,14,clear,C,32,130,Low
6,15,clear,A,39,150,Low
6,15,clear,B,14,120,Low
6,15,clear,C,22,130,Low
6,16,clear,A,29,150,Low
6,16,clear,B,13,120,Low
6,16,clear,C,23,130,Low
6,17,clear,A,85,150,Moderate
6,17,clear,B,31,120,Low
6,17,clear,C,54,130,Moderate
6,18,clear,A,88,150,Moderate
6,18,clear,B,35,120,Low
6,18,clear,C,51,130,Moderate
6,19,clear,A,89,150,Moderate
6,19,clear,B,30,120,Low
6,19,clear,C,35,130,Low
6,20,clear,A,75,150,Moderate
6,20,clear,B,24,120,Low
6,20,clear,C,50,130,Moderate
6,21,clear,A,33,150,Low
6,21,clear,B,15,120,Low
6,21,clear,C,28,130,Low
6,22,clear,A,45,150,Low
6,22,clear,B,17,120,Low
6,22,clear,C,18,130,Low
6,23,clear,A,31,150,Low
6,23,clear,B,20,120,Low
6,23,clear,C,28,130,Low
0,0,rain,A,16,150,Low
0,0,rain,B,5,120,Low
0,0,rain,C,7,130,Low
0,1,rain,A,14,150,Low
0,1,rain,B,5,120,Low
0,1,rain,C,9,130,Low
0,2,rain,A,15,150,Low
0,2,rain,B,8,120,Low
0,2,rain,C,10,130,Low
0,3,rain,A,17,150,Low
0,3,rain,B,6,120,Low
0,3,rain,C,11,130,Low
0,4,rain,A,15,150,Low
0,4,rain,B,7,120,Low
0,4,rain,C,11,130,Low
0,5,rain,A,13,150,Low
0,5,rain,B,5,120,Low
0,5,rain,C,10,130,Low
0,6,rain,A,63,150,Moderate
0,6,rain,B,25,120,Low
0,6,rain,C,45,130,Low
0,7,rain,A,71,150,Moderate
0,7,rain,B,25,120,Low
0,7,rain,C,42,130,Low
0,8,rain,A,80,150,Moderate
0,8,rain,B,48,120,Moderate
0,8,rain,C,81,130,Moderate
0,9,rain,A,101,150,High
0,9,rain,B,45,120,Moderate
0,9,rain,C,82,130,Moderate
0,10,rain,A,139,150,High
0,10,rain,B,46,120,Moderate
0,10,rain,C,79,130,Moderate
0,11,rain,A,135,150,High
0,11,rain,B,41,120,Low
0,11,rain,C,80,130,Moderate
0,12,rain,A,59,150,Moderate
0,12,rain,B,27,120,Low
0,12,rain,C,31,130,Low
0,13,rain,A,74,150,Moderate
0,13,rain,B,24,120,Low
0,13,rain,C,48,130,Moderate
0,14,rain,A,58,150,Moderate
0,14,rain,B,24,120,Low
0,14,rain,C,42,130,Low
0,15,rain,A,70,150,Moderate
0,15,rain,B,20,120,Low
0,15,rain,C,46,130,Moderate
0,16,rain,A,47,150,Low
0,16,rain,B,21,120,Low
0,16,rain,C,32,130,Low
0,17,rain,A,148,150,High
0,17,rain,B,50,120,Moderate
0,17,rain,C,89,130,High
0,18,rain,A,161,150,High
0,18,rain,B,45,120,Moderate
0,18,rain,C,91,130,High
0,19,rain,A,133,150,High
0,19,rain,B,47,120,Moderate
0,19,rain,C,100,130,High
0,20,rain,A,173,150,High
0,20,rain,B,44,120,Moderate
0,20,rain,C,94,130,High
0,21,rain,A,69,150,Moderate
0,21,rain,B,25,120,Low
0,21,rain,C,43,130,Low
0,22,rain,A,62,150,Moderate
0,22,rain,B,11,120,Low
0,22,rain,C,51,130,Moderate
0,23,rain,A,59,150,Moderate
0,23,rain,B,23,120,Low
0,23,rain,C,40,130,Low
1,0,clear,A,14,150,Low
1,0,clear,B,4,120,Low
1,0,clear,C,7,130,Low
1,1,clear,A,14,150,Low
1,1,clear,B,4,120,Low
1,1,clear,C,9,130,Low
1,2,clear,A,10,150,Low
1,2,clear,B,4,120,Low
1,2,clear,C,9,130,Low
1,3,clear,A,12,150,Low
1,3,clear,B,4,120,Low
1,3,clear,C,7,130,Low
1,4,clear,A,13,150,Low
1,4,clear,B,4,120,Low
1,4,clear,C,8,130,Low
1,5,clear,A,11,150,Low
1,5,clear,B,5,120,Low
1,5,clear,C,10,130,Low
1,6,clear,A,39,150,Low
1,6,clear,B,15,120,Low
1,6,clear,C,40,130,Low
1,7,clear,A,67,150,Moderate
1,7,clear,B,13,120,Low
1,7,clear,C,39,130,Low
1,8,clear,A,123,150,High
1,8,clear,B,31,120,Low
1,8,clear,C,77,130,Moderate
1,9,clear,A,96,150,Moderate
1,9,clear,B,37,120,Low
1,9,clear,C,56,130,Moderate
1,10,clear,A,113,150,High
1,10,clear,B,40,120,Low
1,10,clear,C,79,130,Moderate
1,11,clear,A,120,150,High
1,11,clear,B,35,120,Low
1,11,clear,C,92,130,High
1,12,clear,A,66,150,Moderate
1,12,clear,B,21,120,Low
1,12,clear,C,29,130,Low
1,13,clear,A,42,150,Low
1,13,clear,B,15,120,Low
1,13,clear,C,30,130,Low
1,14,clear,A,66,150,Moderate
1,14,clear,B,21,120,Low
1,14,clear,C,31,130,Low
1,15,clear,A,53,150,Moderate
1,15,clear,B,19,120,Low
1,15,clear,C,39,130,Low
1,16,clear,A,47,150,Low
1,16,clear,B,21,120,Low
1,16,clear,C,36,130,Low
1,17,clear,A,95,150,Moderate
1,17,clear,B,49,120,Moderate
1,17,clear,C,66,130,Moderate
1,18,clear,A,93,150,Moderate
1,18,clear,B,45,120,Moderate
1,18,clear,C,70,130,Moderate
1,19,clear,A,116,150,High
1,19,clear,B,32,120,Low
1,19,clear,C,78,130,Moderate
1,20,clear,A,145,150,High
1,20,clear,B,32,120,Low
1,20,clear,C,73,130,Moderate
1,21,clear,A,48,150,Low
1,21,clear,B,28,120,Low
1,21,clear,C,41,130,Low
1,22,clear,A,57,150,Moderate
1,22,clear,B,16,120,Low
1,22,clear,C,29,130,Low
1,23,clear,A,61,150,Moderate
1,23,clear,B,15,120,Low
1,23,clear,C,28,130,Low
2,0,clear,A,14,150,Low
2,0,clear,B,5,120,Low
2,0,clear,C,8,130,Low
2,1,clear,A,15,150,Low
2,1,clear,B,4,120,Low
2,1,clear,C,9,130,Low
2,2,clear,A,14,150,Low
2,2,clear,B,5,120,Low
2,2,clear,C,10,130,Low
2,3,clear,A,12,150,Low
2,3,clear,B,4,120,Low
2,3,clear,C,6,130,Low
2,4,clear,A,9,150,Low
2,4,clear,B,4,120,Low
2,4,clear,C,8,130,Low
2,5,clear,A,11,150,Low
2,5,clear,B,4,120,Low
2,5,clear,C,10,130,Low
2,6,clear,A,62,150,Moderate
2,6,clear,B,16,120,Low
2,6,clear,C,32,130,Low
2,7,clear,A,58,150,Moderate
2,7,clear,B,18,120,Low
2,7,clear,C,30,130,Low
2,8,clear,A,93,150,Moderate
2,8,clear,B,41,120,Low
2,8,clear,C,74,130,Moderate
2,9,clear,A,88,150,Moderate
2,9,clear,B,38,120,Low
2,9,clear,C,62,130,Moderate
2,10,clear,A,84,150,Moderate
2,10,clear,B,34,120,Low
2,10,clear,C,51,130,Moderate
2,11,clear,A,116,150,High
2,11,clear,B,44,120,Moderate
2,11,clear,C,59,130,Moderate
2,12,clear,A,49,150,Low
2,12,clear,B,23,120,Low
2,12,clear,C,41,130,Low
2,13,clear,A,45,150,Low
2,13,clear,B,19,120,Low
2,13,clear,C,34,130,Low
2,14,clear,A,48,150,Low
2,14,clear,B,21,120,Low
2,14,clear,C,31,130,Low
2,15,clear,A,50,150,Low
2,15,clear,B,19,120,Low
2,15,clear,C,27,130,Low
2,16,clear,A,38,150,Low
2,16,clear,B,22,120,Low
2,16,clear,C,31,130,Low
2,17,clear,A,145,150,High
2,17,clear,B,51,120,Moderate
2,17,clear,C,64,130,Moderate
2,18,clear,A,148,150,High
2,18,clear,B,45,120,Moderate
2,18,clear,C,63,130,Moderate
2,19,clear,A,67,150,Moderate
2,19,clear,B,44,120,Moderate
2,19,clear,C,70,130,Moderate
2,20,clear,A,117,150,High
2,20,clear,B,38,120,Low
2,20,clear,C,57,130,Moderate
2,21,clear,A,51,150,Low
2,21,clear,B,22,120,Low
2,21,clear,C,33,130,Low
2,22,clear,A,52,150,Low
2,22,clear,B,15,120,Low
2,22,clear,C,35,130,Low
2,23,clear,A,45,150,Low
2,23,clear,B,22,120,Low
2,23,clear,C,31,130,Low
3,0,clear,A,18,150,Low
3,0,clear,B,4,120,Low
3,0,clear,C,8,130,Low
3,1,clear,A,14,150,Low
3,1,clear,B,3,120,Low
3,1,clear,C,10,130,Low
3,2,clear,A,15,150,Low
3,2,clear,B,5,120,Low
3,2,clear,C,4,130,Low
3,3,clear,A,13,150,Low
3,3,clear,B,4,120,Low
3,3,clear,C,10,130,Low
3,4,clear,A,15,150,Low
3,4,clear,B,5,120,Low
3,4,clear,C,7,130,Low
3,5,clear,A,16,150,Low
3,5,clear,B,4,120,Low
3,5,clear,C,11,130,Low
3,6,clear,A,57,150,Moderate
3,6,clear,B,21,120,Low
3,6,clear,C,32,130,Low
3,7,clear,A,66,150,Moderate
3,7,clear,B,21,120,Low
3,7,clear,C,42,130,Low
3,8,clear,A,101,150,High
3,8,clear,B,35,120,Low
3,8,clear,C,68,130,Moderate
3,9,clear,A,120,150,High
3,9,clear,B,41,120,Low
3,9,clear,C,64,130,Moderate
3,10,clear,A,71,150,Moderate
3,10,clear,B,40,120,Low
3,10,clear,C,49,130,Moderate
3,11,clear,A,99,150,High
3,11,clear,B,35,120,Low
3,11,clear,C,49,130,Moderate
3,12,clear,A,58,150,Moderate
3,12,clear,B,26,120,Low
3,12,clear,C,33,130,Low
3,13,clear,A,61,150,Moderate
3,13,clear,B,27,120,Low
3,13,clear,C,39,130,Low
3,14,clear,A,49,150,Low
3,14,clear,B,20,120,Low
3,14,clear,C,37,130,Low
3,15,clear,A,66,150,Moderate
3,15,clear,B,23,120,Low
3,15,clear,C,20,130,Low
3,16,clear,A,47,150,Low
3,16,clear,B,19,120,Low
3,16,clear,C,29,130,Low
3,17,clear,A,48,150,Low
3,17,clear,B,35,120,Low
3,17,clear,C,69,130,Moderate
3,18,clear,A,101,150,High
3,18,clear,B,34,120,Low
3,18,clear,C,70,130,Moderate
3,19,clear,A,115,150,High
3,19,clear,B,37,120,Low
3,19,clear,C,84,130,Moderate
3,20,clear,A,110,150,High
3,20,clear,B,34,120,Low
3,20,clear,C,58,130,Moderate
3,21,clear,A,53,150,Moderate
3,21,clear,B,23,120,Low
3,21,clear,C,30,130,Low
3,22,clear,A,59,150,Moderate
3,22,clear,B,20,120,Low
3,22,clear,C,45,130,Low
3,23,clear,A,58,150,Moderate
3,23,clear,B,17,120,Low
3,23,clear,C,38,130,Low
4,0,fog,A,14,150,Low
4,0,fog,B,4,120,Low
4,0,fog,C,10,130,Low
4,1,fog,A,15,150,Low
4,1,fog,B,4,120,Low
4,1,fog,C,9,130,Low
4,2,fog,A,13,150,Low
4,2,fog,B,4,120,Low
4,2,fog,C,9,130,Low
4,3,fog,A,18,150,Low
4,3,fog,B,6,120,Low
4,3,fog,C,10,130,Low
4,4,fog,A,15,150,Low
4,4,fog,B,5,120,Low
4,4,fog,C,9,130,Low
4,5,fog,A,12,150,Low
4,5,fog,B,4,120,Low
4,5,fog,C,8,130,Low
4,6,fog,A,73,150,Moderate
4,6,fog,B,25,120,Low
4,6,fog,C,32,130,Low
4,7,fog,A,60,150,Moderate
4,7,fog,B,20,120,Low
4,7,fog,C,37,130,Low
4,8,fog,A,100,150,High
4,8,fog,B,47,120,Moderate
4,8,fog,C,69,130,Moderate
4,9,fog,A,112,150,High
4,9,fog,B,40,120,Low
4,9,fog,C,58,130,Moderate
4,10,fog,A,110,150,High
4,10,fog,B,45,120,Moderate
4,10,fog,C,84,130,Moderate
4,11,fog,A,90,150,Moderate
4,11,fog,B,30,120,Low
4,11,fog,C,69,130,Moderate
4,12,fog,A,70,150,Moderate
4,12,fog,B,23,120,Low
4,12,fog,C,42,130,Low
4,13,fog,A,48,150,Low
4,13,fog,B,20,120,Low
4,13,fog,C,25,130,Low
4,14,fog,A,59,150,Moderate
4,14,fog,B,14,120,Low
4,14,fog,C,46,130,Moderate
4,15,fog,A,74,150,Moderate
4,15,fog,B,22,120,Low
4,15,fog,C,29,130,Low
4,16,fog,A,63,150,Moderate
4,16,fog,B,28,120,Low
4,16,fog,C,41,130,Low
4,17,fog,A,142,150,High
4,17,fog,B,40,120,Low
4,17,fog,C,66,130,Moderate
4,18,fog,A,119,150,High
4,18,fog,B,31,120,Low
4,18,fog,C,103,130,High
4,19,fog,A,123,150,High
4,19,fog,B,49,120,Moderate
4,19,fog,C,71,130,Moderate
4,20,fog,A,92,150,Moderate
4,20,fog,B,53,120,Moderate
4,20,fog,C,64,130,Moderate
4,21,fog,A,63,150,Moderate
4,21,fog,B,23,120,Low
4,21,fog,C,38,130,Low
4,22,fog,A,53,150,Moderate
4,22,fog,B,21,120,Low
4,22,fog,C,33,130,Low
4,23,fog,A,67,150,Moderate
4,23,fog,B,23,120,Low
4,23,fog,C,38,130,Low
5,0,rain,A,15,150,Low
5,0,rain,B,3,120,Low
5,0,rain,C,5,130,Low
5,1,rain,A,11,150,Low
5,1,rain,B,4,120,Low
5,1,rain,C,8,130,Low
5,2,rain,A,12,150,Low
5,2,rain,B,4,120,Low
5,2,rain,C,7,130,Low
5,3,rain,A,12,150,Low
5,3,rain,B,5,120,Low
5,3,rain,C,7,130,Low
5,4,rain,A,10,150,Low
5,4,rain,B,4,120,Low
5,4,rain,C,4,130,Low
5,5,rain,A,11,150,Low
5,5,rain,B,4,120,Low
5,5,rain,C,8,130,Low
5,6,rain,A,48,150,Low
5,6,rain,B,18,120,Low
5,6,rain,C,34,130,Low
5,7,rain,A,56,150,Moderate
5,7,rain,B,17,120,Low
5,7,rain,C,28,130,Low
5,8,rain,A,54,150,Moderate
5,8,rain,B,34,120,Low
5,8,rain,C,57,130,Moderate
5,9,rain,A,85,150,Moderate
5,9,rain,B,27,120,Low
5,9,rain,C,60,130,Moderate
5,10,rain,A,79,150,Moderate
5,10,rain,B,30,120,Low
5,10,rain,C,52,130,Moderate
5,11,rain,A,88,150,Moderate
5,11,rain,B,25,120,Low
5,11,rain,C,57,130,Moderate
5,12,rain,A,41,150,Low
5,12,rain,B,15,120,Low
5,12,rain,C,33,130,Low
5,13,rain,A,39,150,Low
5,13,rain,B,19,120,Low
5,13,rain,C,29,130,Low
5,14,rain,A,34,150,Low
5,14,rain,B,20,120,Low
5,14,rain,C,30,130,Low
5,15,rain,A,48,150,Low
5,15,rain,B,19,120,Low
5,15,rain,C,36,130,Low
5,16,rain,A,47,150,Low
5,16,rain,B,18,120,Low
5,16,rain,C,31,130,Low
5,17,rain,A,87,150,Moderate
5,17,rain,B,25,120,Low
5,17,rain,C,60,130,Moderate
5,18,rain,A,111,150,High
5,18,rain,B,36,120,Low
5,18,rain,C,49,130,Moderate
5,19,rain,A,107,150,High
5,19,rain,B,32,120,Low
5,19,rain,C,40,130,Low
5,20,rain,A,106,150,High
5,20,rain,B,28,120,Low
5,20,rain,C,74,130,Moderate
5,21,rain,A,54,150,Moderate
5,21,rain,B,16,120,Low
5,21,rain,C,31,130,Low
5,22,rain,A,62,150,Moderate
5,22,rain,B,19,120,Low
5,22,rain,C,30,130,Low
5,23,rain,A,66,150,Moderate
5,23,rain,B,17,120,Low
5,23,rain,C,31,130,Low
6,0,clear,A,7,150,Low
6,0,clear,B,3,120,Low
6,0,clear,C,6,130,Low
6,1,clear,A,10,150,Low
6,1,clear,B,2,120,Low
6,1,clear,C,6,130,Low
6,2,clear,A,8,150,Low
6,2,clear,B,3,120,Low
6,2,clear,C,6,130,Low
6,3,clear,A,9,150,Low
6,3,clear,B,2,120,Low
6,3,clear,C,7,130,Low
6,4,clear,A,10,150,Low
6,4,clear,B,3,120,Low
6,4,clear,C,7,130,Low
6,5,clear,A,9,150,Low
6,5,clear,B,3,120,Low
6,5,clear,C,5,130,Low
6,6,clear,A,37,150,Low
6,6,clear,B,15,120,Low
6,6,clear,C,29,130,Low
6,7,clear,A,38,150,Low
6,7,clear,B,16,120,Low
6,7,clear,C,23,130,Low
6,8,clear,A,61,150,Moderate
6,8,clear,B,20,120,Low
6,8,clear,C,40,130,Low
6,9,clear,A,56,150,Moderate
6,9,clear,B,32,120,Low
6,9,clear,C,47,130,Moderate
6,10,clear,A,68,150,Moderate
6,10,clear,B,31,120,Low
6,10,clear,C,35,130,Low
6,11,clear,A,67,150,Moderate
6,11,clear,B,32,120,Low
6,11,clear,C,43,130,Low
6,12,clear,A,52,150,Low
6,12,clear,B,15,120,Low
6,12,clear,C,29,130,Low
6,13,clear,A,46,150,Low
6,13,clear,B,14,120,Low
6,13,clear,C,22,130,Low
6,14,clear,A,37,150,Low
6,14,clear,B,11,120,Low
6,14,clear,C,24,130,Low
6,15,clear,A,38,150,Low
6,15,clear,B,17,120,Low
6,15,clear,C,26,130,Low
6,16,clear,A,52,150,Low
6,16,clear,B,9,120,Low
6,16,clear,C,20,130,Low
6,17,clear,A,72,150,Moderate
6,17,clear,B,34,120,Low
6,17,clear,C,48,130,Moderate
6,18,clear,A,60,150,Moderate
6,18,clear,B,26,120,Low
6,18,clear,C,40,130,Low
6,19,clear,A,60,150,Moderate
6,19,clear,B,36,120,Low
6,19,clear,C,46,130,Moderate
6,20,clear,A,78,150,Moderate
6,20,clear,B,27,120,Low
6,20,clear,C,47,130,Moderate
6,21,clear,A,33,150,Low
6,21,clear,B,13,120,Low
6,21,clear,C,25,130,Low
6,22,clear,A,46,150,Low
6,22,clear,B,15,120,Low
6,22,clear,C,20,130,Low
6,23,clear,A,44,150,Low
6,23,clear,B,14,120,Low
6,23,clear,C,22,130,Low
0,0,clear,A,14,150,Low
0,0,clear,B,5,120,Low
0,0,clear,C,9,130,Low
0,1,clear,A,11,150,Low
0,1,clear,B,6,120,Low
0,1,clear,C,6,130,Low
0,2,clear,A,14,150,Low
0,2,clear,B,5,120,Low
0,2,clear,C,9,130,Low
0,3,clear,A,12,150,Low
0,3,clear,B,5,120,Low
0,3,clear,C,8,130,Low
0,4,clear,A,11,150,Low
0,4,clear,B,4,120,Low
0,4,clear,C,8,130,Low
0,5,clear,A,10,150,Low
0,5,clear,B,6,120,Low
0,5,clear,C,10,130,Low
0,6,clear,A,70,150,Moderate
0,6,clear,B,25,120,Low
0,6,clear,C,33,130,Low
0,7,clear,A,47,150,Low
0,7,clear,B,11,120,Low
0,7,clear,C,32,130,Low
0,8,clear,A,125,150,High
0,8,clear,B,31,120,Low
0,8,clear,C,61,130,Moderate
0,9,clear,A,90,150,Moderate
0,9,clear,B,38,120,Low
0,9,clear,C,75,130,Moderate
0,10,clear,A,76,150,Moderate
0,10,clear,B,28,120,Low
0,10,clear,C,77,130,Moderate
0,11,clear,A,109,150,High
0,11,clear,B,34,120,Low
0,11,clear,C,79,130,Moderate
0,12,clear,A,43,150,Low
0,12,clear,B,22,120,Low
0,12,clear,C,34,130,Low
0,13,clear,A,60,150,Moderate
0,13,clear,B,12,120,Low
0,13,clear,C,33,130,Low
0,14,clear,A,61,150,Moderate
0,14,clear,B,19,120,Low
0,14,clear,C,41,130,Low
0,15,clear,A,65,150,Moderate
0,15,clear,B,17,120,Low
0,15,clear,C,39,130,Low
0,16,clear,A,46,150,Low
0,16,clear,B,20,120,Low
0,16,clear,C,38,130,Low
0,17,clear,A,96,150,Moderate
0,17,clear,B,44,120,Moderate
0,17,clear,C,64,130,Moderate
0,18,clear,A,100,150,High
0,18,clear,B,44,120,Moderate
0,18,clear,C,61,130,Moderate
0,19,clear,A,95,150,Moderate
0,19,clear,B,46,120,Moderate
0,19,clear,C,71,130,Moderate
0,20,clear,A,86,150,Moderate
0,20,clear,B,45,120,Moderate
0,20,clear,C,65,130,Moderate
0,21,clear,A,43,150,Low
0,21,clear,B,12,120,Low
0,21,clear,C,39,130,Low
0,22,clear,A,47,150,Low
0,22,clear,B,16,120,Low
0,22,clear,C,38,130,Low
0,23,clear,A,61,150,Moderate
0,23,clear,B,17,120,Low
0,23,clear,C,39,130,Low
1,0,fog,A,18,150,Low
1,0,fog,B,6,120,Low
1,0,fog,C,10,130,Low
1,1,fog,A,14,150,Low
1,1,fog,B,5,120,Low
1,1,fog,C,10,130,Low
1,2,fog,A,12,150,Low
1,2,fog,B,4,120,Low
1,2,fog,C,7,130,Low
1,3,fog,A,15,150,Low
1,3,fog,B,5,120,Low
1,3,fog,C,8,130,Low
1,4,fog,A,16,150,Low
1,4,fog,B,4,120,Low
1,4,fog,C,8,130,Low
1,5,fog,A,16,150,Low
1,5,fog,B,6,120,Low
1,5,fog,C,8,130,Low
1,6,fog,A,62,150,Moderate
1,6,fog,B,19,120,Low
1,6,fog,C,37,130,Low
1,7,fog,A,61,150,Moderate
1,7,fog,B,23,120,Low
1,7,fog,C,40,130,Low
1,8,fog,A,113,150,High
1,8,fog,B,33,120,Low
1,8,fog,C,73,130,Moderate
1,9,fog,A,117,150,High
1,9,fog,B,43,120,Moderate
1,9,fog,C,61,130,Moderate
1,10,fog,A,123,150,High
1,10,fog,B,31,120,Low
1,10,fog,C,64,130,Moderate
1,11,fog,A,104,150,High
1,11,fog,B,32,120,Low
1,11,fog,C,66,130,Moderate
1,12,fog,A,62,150,Moderate
1,12,fog,B,15,120,Low
1,12,fog,C,36,130,Low
1,13,fog,A,44,150,Low
1,13,fog,B,28,120,Low
1,13,fog,C,39,130,Low
1,14,fog,A,61,150,Moderate
1,14,fog,B,22,120,Low
1,14,fog,C,41,130,Low
1,15,fog,A,69,150,Moderate
1,15,fog,B,16,120,Low
1,15,fog,C,46,130,Moderate
1,16,fog,A,71,150,Moderate
1,16,fog,B,21,120,Low
1,16,fog,C,37,130,Low
1,17,fog,A,64,150,Moderate
1,17,fog,B,35,120,Low
1,17,fog,C,82,130,Moderate
1,18,fog,A,142,150,High
1,18,fog,B,48,120,Moderate
1,18,fog,C,76,130,Moderate
1,19,fog,A,155,150,High
1,19,fog,B,50,120,Moderate
1,19,fog,C,72,130,Moderate
1,20,fog,A,160,150,High
1,20,fog,B,36,120,Low
1,20,fog,C,60,130,Moderate
1,21,fog,A,56,150,Moderate
1,21,fog,B,19,120,Low
1,21,fog,C,36,130,Low
1,22,fog,A,67,150,Moderate
1,22,fog,B,21,120,Low
1,22,fog,C,38,130,Low
1,23,fog,A,61,150,Moderate
1,23,fog,B,14,120,Low
1,23,fog,C,29,130,Low
2,0,clear,A,12,150,Low
2,0,clear,B,4,120,Low
2,0,clear,C,10,130,Low
2,1,clear,A,13,150,Low
2,1,clear,B,4,120,Low
2,1,clear,C,7,130,Low
2,2,clear,A,17,150,Low
2,2,clear,B,6,120,Low
2,2,clear,C,9,130,Low
2,3,clear,A,10,150,Low
2,3,clear,B,5,120,Low
2,3,clear,C,9,130,Low
2,4,clear,A,13,150,Low
2,4,clear,B,4,120,Low
2,4,clear,C,8,130,Low
2,5,clear,A,12,150,Low
2,5,clear,B,4,120,Low
2,5,clear,C,10,130,Low
2,6,clear,A,62,150,Moderate
2,6,clear,B,19,120,Low
2,6,clear,C,36,130,Low
2,7,clear,A,58,150,Moderate
2,7,clear,B,27,120,Low
2,7,clear,C,39,130,Low
2,8,clear,A,111,150,High
2,8,clear,B,36,120,Low
2,8,clear,C,58,130,Moderate
2,9,clear,A,119,150,High
2,9,clear,B,39,120,Low
2,9,clear,C,55,130,Moderate
2,10,clear,A,105,150,High
2,10,clear,B,40,120,Low
2,10,clear,C,43,130,Low
2,11,clear,A,85,150,Moderate
2,11,clear,B,37,120,Low
2,11,clear,C,44,130,Low
2,12,clear,A,40,150,Low
2,12,clear,B,19,120,Low
2,12,clear,C,37,130,Low
2,13,clear,A,59,150,Moderate
2,13,clear,B,24,120,Low
2,13,clear,C,35,130,Low
2,14,clear,A,51,150,Low
2,14,clear,B,16,120,Low
2,14,clear,C,32,130,Low
2,15,clear,A,60,150,Moderate
2,15,clear,B,22,120,Low
2,15,clear,C,36,130,Low
2,16,clear,A,59,150,Moderate
2,16,clear,B,23,120,Low
2,16,clear,C,35,130,Low
2,17,clear,A,132,150,High
2,17,clear,B,35,120,Low
2,17,clear,C,69,130,Moderate
2,18,clear,A,102,150,High
2,18,clear,B,44,120,Moderate
2,18,clear,C,59,130,Moderate
2,19,clear,A,104,150,High
2,19,clear,B,28,120,Low
2,19,clear,C,76,130,Moderate
2,20,clear,A,130,150,High
2,20,clear,B,45,120,Moderate
2,20,clear,C,78,130,Moderate
2,21,clear,A,61,150,Moderate
2,21,clear,B,22,120,Low
2,21,clear,C,38,130,Low
2,22,clear,A,60,150,Moderate
2,22,clear,B,18,120,Low
2,22,clear,C,33,130,Low
2,23,clear,A,55,150,Moderate
2,23,clear,B,18,120,Low
2,23,clear,C,26,130,Low
3,0,clear,A,14,150,Low
3,0,clear,B,5,120,Low
3,0,clear,C,8,130,Low
3,1,clear,A,19,150,Low
3,1,clear,B,4,120,Low
3,1,clear,C,9,130,Low
3,2,clear,A,16,150,Low
3,2,clear,B,5,120,Low
3,2,clear,C,9,130,Low
3,3,clear,A,15,150,Low
3,3,clear,B,5,120,Low
3,3,clear,C,10,130,Low
3,4,clear,A,16,150,Low
3,4,clear,B,4,120,Low
3,4,clear,C,9,130,Low
3,5,clear,A,10,150,Low
3,5,clear,B,6,120,Low
3,5,clear,C,9,130,Low
3,6,clear,A,66,150,Moderate
3,6,clear,B,19,120,Low
3,6,clear,C,25,130,Low
3,7,clear,A,76,150,Moderate
3,7,clear,B,20,120,Low
3,7,clear,C,29,130,Low
3,8,clear,A,116,150,High
3,8,clear,B,46,120,Moderate
3,8,clear,C,61,130,Moderate
3,9,clear,A,97,150,Moderate
3,9,clear,B,37,120,Low
3,9,clear,C,52,130,Moderate
3,10,clear,A,88,150,Moderate
3,10,clear,B,45,120,Moderate
3,10,clear,C,61,130,Moderate
3,11,clear,A,86,150,Moderate
3,11,clear,B,33,120,Low
3,11,clear,C,73,130,Moderate
3,12,clear,A,38,150,Low
3,12,clear,B,20,120,Low
3,12,clear,C,47,130,Moderate
3,13,clear,A,71,150,Moderate
3,13,clear,B,21,120,Low
3,13,clear,C,41,130,Low
3,14,clear,A,65,150,Moderate
3,14,clear,B,19,120,Low
3,14,clear,C,39,130,Low
3,15,clear,A,69,150,Moderate
3,15,clear,B,16,120,Low
3,15,clear,C,38,130,Low
3,16,clear,A,57,150,Moderate
3,16,clear,B,20,120,Low
3,16,clear,C,35,130,Low
3,17,clear,A,113,150,High
3,17,clear,B,41,120,Low
3,17,clear,C,81,130,Moderate
3,18,clear,A,117,150,High
3,18,clear,B,38,120,Low
3,18,clear,C,61,130,Moderate
3,19,clear,A,102,150,High
3,19,clear,B,41,120,Low
3,19,clear,C,62,130,Moderate
3,20,clear,A,125,150,High
3,20,clear,B,42,120,Moderate
3,20,clear,C,82,130,Moderate
3,21,clear,A,49,150,Low
3,21,clear,B,17,120,Low
3,21,clear,C,40,130,Low
3,22,clear,A,56,150,Moderate
3,22,clear,B,19,120,Low
3,22,clear,C,38,130,Low
3,23,clear,A,60,150,Moderate
3,23,clear,B,16,120,Low
3,23,clear,C,42,130,Low
4,0,clear,A,17,150,Low
4,0,clear,B,3,120,Low
4,0,clear,C,9,130,Low
4,1,clear,A,13,150,Low
4,1,clear,B,3,120,Low
4,1,clear,C,9,130,Low
4,2,clear,A,9,150,Low
4,2,clear,B,4,120,Low
4,2,clear,C,10,130,Low
4,3,clear,A,12,150,Low
4,3,clear,B,4,120,Low
4,3,clear,C,9,130,Low
4,4,clear,A,13,150,Low
4,4,clear,B,4,120,Low
4,4,clear,C,10,130,Low
4,5,clear,A,11,150,Low
4,5,clear,B,4,120,Low
4,5,clear,C,9,130,Low
4,6,clear,A,44,150,Low
4,6,clear,B,25,120,Low
4,6,clear,C,33,130,Low
4,7,clear,A,62,150,Moderate
4,7,clear,B,22,120,Low
4,7,clear,C,34,130,Low
4,8,clear,A,91,150,Moderate
4,8,clear,B,35,120,Low
4,8,clear,C,69,130,Moderate
4,9,clear,A,84,150,Moderate
4,9,clear,B,29,120,Low
4,9,clear,C,77,130,Moderate
4,10,clear,A,88,150,Moderate
4,10,clear,B,37,120,Low
4,10,clear,C,61,130,Moderate
4,11,clear,A,96,150,Moderate
4,11,clear,B,43,120,Moderate
4,11,clear,C,62,130,Moderate
4,12,clear,A,52,150,Low
4,12,clear,B,19,120,Low
4,12,clear,C,32,130,Low
4,13,clear,A,49,150,Low
4,13,clear,B,18,120,Low
4,13,clear,C,43,130,Low
4,14,clear,A,60,150,Moderate
4,14,clear,B,18,120,Low
4,14,clear,C,40,130,Low
4,15,clear,A,41,150,Low
4,15,clear,B,24,120,Low
4,15,clear,C,41,130,Low
4,16,clear,A,73,150,Moderate
4,16,clear,B,23,120,Low
4,16,clear,C,37,130,Low
4,17,clear,A,131,150,High
4,17,clear,B,36,120,Low
4,17,clear,C,65,130,Moderate
4,18,clear,A,108,150,High
4,18,clear,B,48,120,Moderate
4,18,clear,C,61,130,Moderate
4,19,clear,A,94,150,Moderate
4,19,clear,B,41,120,Low
4,19,clear,C,77,130,Moderate
4,20,clear,A,98,150,High
4,20,clear,B,44,120,Moderate
4,20,clear,C,84,130,Moderate
4,21,clear,A,64,150,Moderate
4,21,clear,B,21,120,Low
4,21,clear,C,34,130,Low
4,22,clear,A,69,150,Moderate
4,22,clear,B,20,120,Low
4,22,clear,C,39,130,Low
4,23,clear,A,71,150,Moderate
4,23,clear,B,22,120,Low
4,23,clear,C,29,130,Low
5,0,clear,A,9,150,Low
5,0,clear,B,3,120,Low
5,0,clear,C,6,130,Low
5,1,clear,A,12,150,Low
5,1,clear,B,3,120,Low
5,1,clear,C,5,130,Low
5,2,clear,A,7,150,Low
5,2,clear,B,4,120,Low
5,2,clear,C,6,130,Low
5,3,clear,A,7,150,Low
5,3,clear,B,3,120,Low
5,3,clear,C,5,130,Low
5,4,clear,A,9,150,Low
5,4,clear,B,3,120,Low
5,4,clear,C,5,130,Low
5,5,clear,A,8,150,Low
5,5,clear,B,3,120,Low
5,5,clear,C,5,130,Low
5,6,clear,A,32,150,Low
5,6,clear,B,12,120,Low
5,6,clear,C,21,130,Low
5,7,clear,A,41,150,Low
5,7,clear,B,14,120,Low
5,7,clear,C,28,130,Low
5,8,clear,A,88,150,Moderate
5,8,clear,B,27,120,Low
5,8,clear,C,47,130,Moderate
5,9,clear,A,76,150,Moderate
5,9,clear,B,26,120,Low
5,9,clear,C,44,130,Low
5,10,clear,A,68,150,Moderate
5,10,clear,B,21,120,Low
5,10,clear,C,49,130,Moderate
5,11,clear,A,68,150,Moderate
5,11,clear,B,30,120,Low
5,11,clear,C,50,130,Moderate
5,12,clear,A,34,150,Low
5,12,clear,B,16,120,Low
5,12,clear,C,15,130,Low
5,13,clear,A,49,150,Low
5,13,clear,B,11,120,Low
5,13,clear,C,26,130,Low
5,14,clear,A,40,150,Low
5,14,clear,B,16,120,Low
5,14,clear,C,23,130,Low
5,15,clear,A,26,150,Low
5,15,clear,B,13,120,Low
5,15,clear,C,23,130,Low
5,16,clear,A,26,150,Low
5,16,clear,B,14,120,Low
5,16,clear,C,20,130,Low
5,17,clear,A,84,150,Moderate
5,17,clear,B,26,120,Low
5,17,clear,C,63,130,Moderate
5,18,clear,A,74,150,Moderate
5,18,clear,B,29,120,Low
5,18,clear,C,47,130,Moderate
5,19,clear,A,58,150,Moderate
5,19,clear,B,27,120,Low
5,19,clear,C,54,130,Moderate
5,20,clear,A,83,150,Moderate
5,20,clear,B,26,120,Low
5,20,clear,C,38,130,Low
5,21,clear,A,42,150,Low
5,21,clear,B,14,120,Low
5,21,clear,C,27,130,Low
5,22,clear,A,36,150,Low
5,22,clear,B,10,120,Low
5,22,clear,C,26,130,Low
5,23,clear,A,38,150,Low
5,23,clear,B,16,120,Low
5,23,clear,C,24,130,Low
6,0,clear,A,10,150,Low
6,0,clear,B,3,120,Low
6,0,clear,C,5,130,Low
6,1,clear,A,9,150,Low
6,1,clear,B,3,120,Low
6,1,clear,C,5,130,Low
6,2,clear,A,12,150,Low
6,2,clear,B,4,120,Low
6,2,clear,C,6,130,Low
6,3,clear,A,11,150,Low
6,3,clear,B,3,120,Low
6,3,clear,C,8,130,Low
6,4,clear,A,8,150,Low
6,4,clear,B,4,120,Low
6,4,clear,C,7,130,Low
6,5,clear,A,7,150,Low
6,5,clear,B,4,120,Low
6,5,clear,C,5,130,Low
6,6,clear,A,35,150,Low
6,6,clear,B,15,120,Low
6,6,clear,C,20,130,Low
6,7,clear,A,41,150,Low
6,7,clear,B,12,120,Low
6,7,clear,C,25,130,Low
6,8,clear,A,83,150,Moderate
6,8,clear,B,26,120,Low
6,8,clear,C,41,130,Low
6,9,clear,A,74,150,Moderate
6,9,clear,B,19,120,Low
6,9,clear,C,38,130,Low
6,10,clear,A,64,150,Moderate
6,10,clear,B,28,120,Low
6,10,clear,C,46,130,Moderate
6,11,clear,A,74,150,Moderate
6,11,clear,B,25,120,Low
6,11,clear,C,38,130,Low
6,12,clear,A,47,150,Low
6,12,clear,B,12,120,Low
6,12,clear,C,26,130,Low
6,13,clear,A,37,150,Low
6,13,clear,B,15,120,Low
6,13,clear,C,22,130,Low
6,14,clear,A,44,150,Low
6,14,clear,B,16,120,Low
6,14,clear,C,28,130,Low
6,15,clear,A,39,150,Low
6,15,clear,B,13,120,Low
6,15,clear,C,34,130,Low
6,16,clear,A,32,150,Low
6,16,clear,B,15,120,Low
6,16,clear,C,25,130,Low
6,17,clear,A,76,150,Moderate
6,17,clear,B,28,120,Low
6,17,clear,C,45,130,Low
6,18,clear,A,81,150,Moderate
6,18,clear,B,29,120,Low
6,18,clear,C,68,130,Moderate
6,19,clear,A,89,150,Moderate
6,19,clear,B,30,120,Low
6,19,clear,C,53,130,Moderate
6,20,clear,A,98,150,High
6,20,clear,B,23,120,Low
6,20,clear,C,47,130,Moderate
6,21,clear,A,27,150,Low
6,21,clear,B,15,120,Low
6,21,clear,C,27,130,Low
6,22,clear,A,32,150,Low
6,22,clear,B,17,120,Low
6,22,clear,C,21,130,Low
6,23,clear,A,36,150,Low
6,23,clear,B,14,120,Low
6,23,clear,C,30,130,Low
0,0,clear,A,14,150,Low
0,0,clear,B,5,120,Low
0,0,clear,C,9,130,Low
0,1,clear,A,14,150,Low
0,1,clear,B,5,120,Low
0,1,clear,C,8,130,Low
0,2,clear,A,17,150,Low
0,2,clear,B,4,120,Low
0,2,clear,C,8,130,Low
0,3,clear,A,16,150,Low
0,3,clear,B,4,120,Low
0,3,clear,C,9,130,Low
0,4,clear,A,12,150,Low
0,4,clear,B,6,120,Low
0,4,clear,C,11,130,Low
0,5,clear,A,13,150,Low
0,5,clear,B,5,120,Low
0,5,clear,C,8,130,Low
0,6,clear,A,52,150,Low
0,6,clear,B,20,120,Low
0,6,clear,C,34,130,Low
0,7,clear,A,42,150,Low
0,7,clear,B,20,120,Low
0,7,clear,C,34,130,Low
0,8,clear,A,103,150,High
0,8,clear,B,35,120,Low
0,8,clear,C,59,130,Moderate
0,9,clear,A,111,150,High
0,9,clear,B,38,120,Low
0,9,clear,C,76,130,Moderate
0,10,clear,A,106,150,High
0,10,clear,B,34,120,Low
0,10,clear,C,68,130,Moderate
0,11,clear,A,69,150,Moderate
0,11,clear,B,47,120,Moderate
0,11,clear,C,65,130,Moderate
0,12,clear,A,73,150,Moderate
0,12,clear,B,17,120,Low
0,12,clear,C,29,130,Low
0,13,clear,A,58,150,Moderate
0,13,clear,B,21,120,Low
0,13,clear,C,36,130,Low
0,14,clear,A,56,150,Moderate
0,14,clear,B,18,120,Low
0,14,clear,C,27,130,Low
0,15,clear,A,57,150,Moderate
0,15,clear,B,16,120,Low
0,15,clear,C,27,130,Low
0,16,clear,A,51,150,Low
0,16,clear,B,21,120,Low
0,16,clear,C,45,130,Low
0,17,clear,A,126,150,High
0,17,clear,B,48,120,Moderate
0,17,clear,C,76,130,Moderate
0,18,clear,A,116,150,High
0,18,clear,B,55,120,Moderate
0,18,clear,C,56,130,Moderate
0,19,clear,A,103,150,High
0,19,clear,B,37,120,Low
0,19,clear,C,79,130,Moderate
0,20,clear,A,93,150,Moderate
0,20,clear,B,44,120,Moderate
0,20,clear,C,76,130,Moderate
0,21,clear,A,61,150,Moderate
0,21,clear,B,22,120,Low
0,21,clear,C,43,130,Low
0,22,clear,A,54,150,Moderate
0,22,clear,B,21,120,Low
0,22,clear,C,31,130,Low
0,23,clear,A,47,150,Low
0,23,clear,B,25,120,Low
0,23,clear,C,30,130,Low
1,0,clear,A,14,150,Low
1,0,clear,B,5,120,Low
1,0,clear,C,6,130,Low
1,1,clear,A,15,150,Low
1,1,clear,B,4,120,Low
1,1,clear,C,7,130,Low
1,2,clear,A,13,150,Low
1,2,clear,B,5,120,Low
1,2,clear,C,9,130,Low
1,3,clear,A,13,150,Low
1,3,clear,B,4,120,Low
1,3,clear,C,7,130,Low
1,4,clear,A,15,150,Low
1,4,clear,B,4,120,Low
1,4,clear,C,8,130,Low
1,5,clear,A,19,150,Low
1,5,clear,B,5,120,Low
1,5,clear,C,9,130,Low
1,6,clear,A,46,150,Low
1,6,clear,B,16,120,Low
1,6,clear,C,39,130,Low
1,7,clear,A,52,150,Low
1,7,clear,B,23,120,Low
1,7,clear,C,35,130,Low
1,8,clear,A,151,150,High
1,8,clear,B,33,120,Low
1,8,clear,C,66,130,Moderate
1,9,clear,A,87,150,Moderate
1,9,clear,B,42,120,Moderate
1,9,clear,C,68,130,Moderate
1,10,clear,A,86,150,Moderate
1,10,clear,B,34,120,Low
1,10,clear,C,76,130,Moderate
1,11,clear,A,119,150,High
1,11,clear,B,28,120,Low
1,11,clear,C,59,130,Moderate
1,12,clear,A,70,150,Moderate
1,12,clear,B,19,120,Low
1,12,clear,C,36,130,Low
1,13,clear,A,64,150,Moderate
1,13,clear,B,16,120,Low
1,13,clear,C,30,130,Low
1,14,clear,A,53,150,Moderate
1,14,clear,B,23,120,Low
1,14,clear,C,40,130,Low
1,15,clear,A,61,150,Moderate
1,15,clear,B,19,120,Low
1,15,clear,C,41,130,Low
1,16,clear,A,54,150,Moderate
1,16,clear,B,22,120,Low
1,16,clear,C,40,130,Low
1,17,clear,A,139,150,High
1,17,clear,B,40,120,Low
1,17,clear,C,67,130,Moderate
1,18,clear,A,133,150,High
1,18,clear,B,48,120,Moderate
1,18,clear,C,65,130,Moderate
1,19,clear,A,93,150,Moderate
1,19,clear,B,47,120,Moderate
1,19,clear,C,53,130,Moderate
1,20,clear,A,83,150,Moderate
1,20,clear,B,38,120,Low
1,20,clear,C,71,130,Moderate
1,21,clear,A,46,150,Low
1,21,clear,B,20,120,Low
1,21,clear,C,36,130,Low
1,22,clear,A,51,150,Low
1,22,clear,B,26,120,Low
1,22,clear,C,37,130,Low
1,23,clear,A,64,150,Moderate
1,23,clear,B,15,120,Low
1,23,clear,C,27,130,Low
2,0,clear,A,17,150,Low
2,0,clear,B,4,120,Low
2,0,clear,C,8,130,Low
2,1,clear,A,11,150,Low
2,1,clear,B,4,120,Low
2,1,clear,C,9,130,Low
2,2,clear,A,12,150,Low
2,2,clear,B,4,120,Low
2,2,clear,C,7,130,Low
2,3,clear,A,9,150,Low
2,3,clear,B,5,120,Low
2,3,clear,C,9,130,Low
2,4,clear,A,14,150,Low
2,4,clear,B,4,120,Low
2,4,clear,C,10,130,Low
2,5,clear,A,15,150,Low
2,5,clear,B,5,120,Low
2,5,clear,C,8,130,Low
2,6,clear,A,49,150,Low
2,6,clear,B,20,120,Low
2,6,clear,C,43,130,Low
2,7,clear,A,64,150,Moderate
2,7,clear,B,19,120,Low
2,7,clear,C,37,130,Low
2,8,clear,A,82,150,Moderate
2,8,clear,B,39,120,Low
2,8,clear,C,55,130,Moderate
2,9,clear,A,109,150,High
2,9,clear,B,52,120,Moderate
2,9,clear,C,57,130,Moderate
2,10,clear,A,142,150,High
2,10,clear,B,38,120,Low
2,10,clear,C,55,130,Moderate
2,11,clear,A,87,150,Moderate
2,11,clear,B,48,120,Moderate
2,11,clear,C,67,130,Moderate
2,12,clear,A,50,150,Low
2,12,clear,B,19,120,Low
2,12,clear,C,37,130,Low
2,13,clear,A,54,150,Moderate
2,13,clear,B,21,120,Low
2,13,clear,C,44,130,Low
2,14,clear,A,45,150,Low
2,14,clear,B,21,120,Low
2,14,clear,C,34,130,Low
2,15,clear,A,50,150,Low
2,15,clear,B,23,120,Low
2,15,clear,C,27,130,Low
2,16,clear,A,35,150,Low
2,16,clear,B,20,120,Low
2,16,clear,C,34,130,Low
2,17,clear,A,87,150,Moderate
2,17,clear,B,29,120,Low
2,17,clear,C,90,130,High
2,18,clear,A,117,150,High
2,18,clear,B,40,120,Low
2,18,clear,C,93,130,High
2,19,clear,A,126,150,High
2,19,clear,B,50,120,Moderate
2,19,clear,C,57,130,Moderate
2,20,clear,A,89,150,Moderate
2,20,clear,B,43,120,Moderate
2,20,clear,C,74,130,Moderate
2,21,clear,A,65,150,Moderate
2,21,clear,B,15,120,Low
2,21,clear,C,38,130,Low
2,22,clear,A,63,150,Moderate
2,22,clear,B,22,120,Low
2,22,clear,C,32,130,Low
2,23,clear,A,59,150,Moderate
2,23,clear,B,17,120,Low
2,23,clear,C,33,130,Low
3,0,clear,A,12,150,Low
3,0,clear,B,4,120,Low
3,0,clear,C,8,130,Low
3,1,clear,A,12,150,Low
3,1,clear,B,4,120,Low
3,1,clear,C,11,130,Low
3,2,clear,A,12,150,Low
3,2,clear,B,5,120,Low
3,2,clear,C,6,130,Low
3,3,clear,A,16,150,Low
3,3,clear,B,5,120,Low
3,3,clear,C,8,130,Low
3,4,clear,A,12,150,Low
3,4,clear,B,5,120,Low
3,4,clear,C,4,130,Low
3,5,clear,A,12,150,Low
3,5,clear,B,4,120,Low
3,5,clear,C,8,130,Low
3,6,clear,A,75,150,Moderate
3,6,clear,B,18,120,Low
3,6,clear,C,40,130,Low
3,7,clear,A,69,150,Moderate
3,7,clear,B,22,120,Low
3,7,clear,C,31,130,Low
3,8,clear,A,79,150,Moderate
3,8,clear,B,40,120,Low
3,8,clear,C,78,130,Moderate
3,9,clear,A,107,150,High
3,9,clear,B,42,120,Moderate
3,9,clear,C,87,130,High
3,10,clear,A,111,150,High
3,10,clear,B,30,120,Low
3,10,clear,C,63,130,Moderate
3,11,clear,A,119,150,High
3,11,clear,B,34,120,Low
3,11,clear,C,77,130,Moderate
3,12,clear,A,54,150,Moderate
3,12,clear,B,21,120,Low
3,12,clear,C,33,130,Low
3,13,clear,A,56,150,Moderate
3,13,clear,B,20,120,Low
3,13,clear,C,26,130,Low
3,14,clear,A,51,150,Low
3,14,clear,B,16,120,Low
3,14,clear,C,32,130,Low
3,15,clear,A,48,150,Low
3,15,clear,B,23,120,Low
3,15,clear,C,40,130,Low
3,16,clear,A,59,150,Moderate
3,16,clear,B,16,120,Low
3,16,clear,C,34,130,Low
3,17,clear,A,87,150,Moderate
3,17,clear,B,39,120,Low
3,17,clear,C,76,130,Moderate
3,18,clear,A,126,150,High
3,18,clear,B,42,120,Moderate
3,18,clear,C,83,130,Moderate
3,19,clear,A,114,150,High
3,19,clear,B,38,120,Low
3,19,clear,C,79,130,Moderate
3,20,clear,A,124,150,High
3,20,clear,B,36,120,Low
3,20,clear,C,73,130,Moderate
3,21,clear,A,52,150,Low
3,21,clear,B,13,120,Low
3,21,clear,C,37,130,Low
3,22,clear,A,44,150,Low
3,22,clear,B,20,120,Low
3,22,clear,C,26,130,Low
3,23,clear,A,49,150,Low
3,23,clear,B,18,120,Low
3,23,clear,C,41,130,Low
4,0,clear,A,11,150,Low
4,0,clear,B,5,120,Low
4,0,clear,C,8,130,Low
4,1,clear,A,15,150,Low
4,1,clear,B,4,120,Low
4,1,clear,C,9,130,Low
4,2,clear,A,18,150,Low
4,2,clear,B,4,120,Low
4,2,clear,C,8,130,Low
4,3,clear,A,10,150,Low
4,3,clear,B,4,120,Low
4,3,clear,C,9,130,Low
4,4,clear,A,13,150,Low
4,4,clear,B,5,120,Low
4,4,clear,C,9,130,Low
4,5,clear,A,11,150,Low
4,5,clear,B,5,120,Low
4,5,clear,C,7,130,Low
4,6,clear,A,48,150,Low
4,6,clear,B,20,120,Low
4,6,clear,C,43,130,Low
4,7,clear,A,46,150,Low
4,7,clear,B,20,120,Low
4,7,clear,C,35,130,Low
4,8,clear,A,108,150,High
4,8,clear,B,42,120,Moderate
4,8,clear,C,59,130,Moderate
4,9,clear,A,114,150,High
4,9,clear,B,43,120,Moderate
4,9,clear,C,79,130,Moderate
4,10,clear,A,106,150,High
4,10,clear,B,36,120,Low
4,10,clear,C,58,130,Moderate
4,11,clear,A,77,150,Moderate
4,11,clear,B,34,120,Low
4,11,clear,C,64,130,Moderate
4,12,clear,A,54,150,Moderate
4,12,clear,B,21,120,Low
4,12,clear,C,27,130,Low
4,13,clear,A,53,150,Moderate
4,13,clear,B,25,120,Low
4,13,clear,C,40,130,Low
4,14,clear,A,60,150,Moderate
4,14,clear,B,21,120,Low
4,14,clear,C,33,130,Low
4,15,clear,A,40,150,Low
4,15,clear,B,21,120,Low
4,15,clear,C,22,130,Low
4,16,clear,A,52,150,Low
4,16,clear,B,19,120,Low
4,16,clear,C,32,130,Low
4,17,clear,A,145,150,High
4,17,clear,B,50,120,Moderate
4,17,clear,C,80,130,Moderate
4,18,clear,A,94,150,Moderate
4,18,clear,B,51,120,Moderate
4,18,clear,C,76,130,Moderate
4,19,clear,A,94,150,Moderate
4,19,clear,B,40,120,Low
4,19,clear,C,80,130,Moderate
4,20,clear,A,100,150,High
4,20,clear,B,40,120,Low
4,20,clear,C,73,130,Moderate
4,21,clear,A,45,150,Low
4,21,clear,B,19,120,Low
4,21,clear,C,29,130,Low
4,22,clear,A,62,150,Moderate
4,22,clear,B,17,120,Low
4,22,clear,C,36,130,Low
4,23,clear,A,43,150,Low
4,23,clear,B,16,120,Low
4,23,clear,C,28,130,Low
5,0,clear,A,9,150,Low
5,0,clear,B,3,120,Low
5,0,clear,C,4,130,Low
5,1,clear,A,9,150,Low
5,1,clear,B,3,120,Low
5,1,clear,C,6,130,Low
5,2,clear,A,9,150,Low
5,2,clear,B,3,120,Low
5,2,clear,C,5,130,Low
5,3,clear,A,12,150,Low
5,3,clear,B,2,120,Low
5,3,clear,C,5,130,Low
5,4,clear,A,9,150,Low
5,4,clear,B,3,120,Low
5,4,clear,C,5,130,Low
5,5,clear,A,7,150,Low
5,5,clear,B,3,120,Low
5,5,clear,C,5,130,Low
5,6,clear,A,48,150,Low
5,6,clear,B,18,120,Low
5,6,clear,C,24,130,Low
5,7,clear,A,30,150,Low
5,7,clear,B,15,120,Low
5,7,clear,C,20,130,Low
5,8,clear,A,63,150,Moderate
5,8,clear,B,22,120,Low
5,8,clear,C,40,130,Low
5,9,clear,A,65,150,Moderate
5,9,clear,B,20,120,Low
5,9,clear,C,39,130,Low
5,10,clear,A,79,150,Moderate
5,10,clear,B,25,120,Low
5,10,clear,C,44,130,Low
5,11,clear,A,46,150,Low
5,11,clear,B,28,120,Low
5,11,clear,C,39,130,Low
5,12,clear,A,44,150,Low
5,12,clear,B,14,120,Low
5,12,clear,C,22,130,Low
5,13,clear,A,28,150,Low
5,13,clear,B,18,120,Low
5,13,clear,C,27,130,Low
5,14,clear,A,43,150,Low
5,14,clear,B,17,120,Low
5,14,clear,C,25,130,Low
5,15,clear,A,46,150,Low
5,15,clear,B,12,120,Low
5,15,clear,C,27,130,Low
5,16,clear,A,34,150,Low
5,16,clear,B,12,120,Low
5,16,clear,C,24,130,Low
5,17,clear,A,62,150,Moderate
5,17,clear,B,29,120,Low
5,17,clear,C,46,130,Moderate
5,18,clear,A,54,150,Moderate
5,18,clear,B,26,120,Low
5,18,clear,C,46,130,Moderate
5,19,clear,A,86,150,Moderate
5,19,clear,B,29,120,Low
5,19,clear,C,59,130,Moderate
5,20,clear,A,83,150,Moderate
5,20,clear,B,25,120,Low
5,20,clear,C,48,130,Moderate
5,21,clear,A,36,150,Low
5,21,clear,B,15,120,Low
5,21,clear,C,24,130,Low
5,22,clear,A,34,150,Low
5,22,clear,B,14,120,Low
5,22,clear,C,26,130,Low
5,23,clear,A,32,150,Low
5,23,clear,B,14,120,Low
5,23,clear,C,18,130,Low
6,0,clear,A,10,150,Low
6,0,clear,B,4,120,Low
6,0,clear,C,5,130,Low
6,1,clear,A,11,150,Low
6,1,clear,B,3,120,Low
6,1,clear,C,5,130,Low
6,2,clear,A,9,150,Low
6,2,clear,B,2,120,Low
6,2,clear,C,4,130,Low
6,3,clear,A,8,150,Low
6,3,clear,B,2,120,Low
6,3,clear,C,7,130,Low
6,4,clear,A,7,150,Low
6,4,clear,B,3,120,Low
6,4,clear,C,6,130,Low
6,5,clear,A,10,150,Low
6,5,clear,B,3,120,Low
6,5,clear,C,6,130,Low
6,6,clear,A,35,150,Low
6,6,clear,B,14,120,Low
6,6,clear,C,23,130,Low
6,7,clear,A,46,150,Low
6,7,clear,B,18,120,Low
6,7,clear,C,20,130,Low
6,8,clear,A,48,150,Low
6,8,clear,B,27,120,Low
6,8,clear,C,51,130,Moderate
6,9,clear,A,89,150,Moderate
6,9,clear,B,27,120,Low
6,9,clear,C,53,130,Moderate
6,10,clear,A,86,150,Moderate
6,10,clear,B,30,120,Low
6,10,clear,C,49,130,Moderate
6,11,clear,A,55,150,Moderate
6,11,clear,B,25,120,Low
6,11,clear,C,46,130,Moderate
6,12,clear,A,37,150,Low
6,12,clear,B,13,120,Low
6,12,clear,C,30,130,Low
6,13,clear,A,34,150,Low
6,13,clear,B,15,120,Low
6,13,clear,C,25,130,Low
6,14,clear,A,33,150,Low
6,14,clear,B,11,120,Low
6,14,clear,C,18,130,Low
6,15,clear,A,41,150,Low
6,15,clear,B,13,120,Low
6,15,clear,C,21,130,Low
6,16,clear,A,27,150,Low
6,16,clear,B,14,120,Low
6,16,clear,C,23,130,Low
6,17,clear,A,68,150,Moderate
6,17,clear,B,23,120,Low
6,17,clear,C,47,130,Moderate
6,18,clear,A,82,150,Moderate
6,18,clear,B,26,120,Low
6,18,clear,C,40,130,Low
6,19,clear,A,76,150,Moderate
6,19,clear,B,32,120,Low
6,19,clear,C,49,130,Moderate
6,20,clear,A,77,150,Moderate
6,20,clear,B,26,120,Low
6,20,clear,C,42,130,Low
6,21,clear,A,33,150,Low
6,21,clear,B,10,120,Low
6,21,clear,C,28,130,Low
6,22,clear,A,41,150,Low
6,22,clear,B,14,120,Low
6,22,clear,C,25,130,Low
6,23,clear,A,40,150,Low
6,23,clear,B,12,120,Low
6,23,clear,C,23,130,Low
0,0,clear,A,18,150,Low
0,0,clear,B,5,120,Low
0,0,clear,C,8,130,Low
0,1,clear,A,16,150,Low
0,1,clear,B,5,120,Low
0,1,clear,C,6,130,Low
0,2,clear,A,13,150,Low
0,2,clear,B,4,120,Low
0,2,clear,C,9,130,Low
0,3,clear,A,13,150,Low
0,3,clear,B,4,120,Low
0,3,clear,C,8,130,Low
0,4,clear,A,15,150,Low
0,4,clear,B,3,120,Low
0,4,clear,C,8,130,Low
0,5,clear,A,9,150,Low
0,5,clear,B,4,120,Low
0,5,clear,C,9,130,Low
0,6,clear,A,57,150,Moderate
0,6,clear,B,19,120,Low
0,6,clear,C,40,130,Low
0,7,clear,A,66,150,Moderate
0,7,clear,B,19,120,Low
0,7,clear,C,36,130,Low
0,8,clear,A,92,150,Moderate
0,8,clear,B,39,120,Low
0,8,clear,C,51,130,Moderate
0,9,clear,A,125,150,High
0,9,clear,B,42,120,Moderate
0,9,clear,C,51,130,Moderate
0,10,clear,A,87,150,Moderate
0,10,clear,B,38,120,Low
0,10,clear,C,59,130,Moderate
0,11,clear,A,107,150,High
0,11,clear,B,34,120,Low
0,11,clear,C,77,130,Moderate
0,12,clear,A,55,150,Moderate
0,12,clear,B,27,120,Low
0,12,clear,C,38,130,Low
0,13,clear,A,43,150,Low
0,13,clear,B,26,120,Low
0,13,clear,C,40,130,Low
0,14,clear,A,58,150,Moderate
0,14,clear,B,21,120,Low
0,14,clear,C,28,130,Low
0,15,clear,A,40,150,Low
0,15,clear,B,19,120,Low
0,15,clear,C,42,130,Low
0,16,clear,A,58,150,Moderate
0,16,clear,B,25,120,Low
0,16,clear,C,41,130,Low
0,17,clear,A,110,150,High
0,17,clear,B,47,120,Moderate
0,17,clear,C,85,130,High
0,18,clear,A,108,150,High
0,18,clear,B,38,120,Low
0,18,clear,C,71,130,Moderate
0,19,clear,A,70,150,Moderate
0,19,clear,B,41,120,Low
0,19,clear,C,77,130,Moderate
0,20,clear,A,112,150,High
0,20,clear,B,42,120,Moderate
0,20,clear,C,69,130,Moderate
0,21,clear,A,38,150,Low
0,21,clear,B,24,120,Low
0,21,clear,C,33,130,Low
0,22,clear,A,49,150,Low
0,22,clear,B,24,120,Low
0,22,clear,C,40,130,Low
0,23,clear,A,57,150,Moderate
0,23,clear,B,22,120,Low
0,23,clear,C,28,130,Low
1,0,rain,A,19,150,Low
1,0,rain,B,5,120,Low
1,0,rain,C,8,130,Low
1,1,rain,A,16,150,Low
1,1,rain,B,6,120,Low
1,1,rain,C,11,130,Low
1,2,rain,A,13,150,Low
1,2,rain,B,3,120,Low
1,2,rain,C,11,130,Low
1,3,rain,A,13,150,Low
1,3,rain,B,5,120,Low
1,3,rain,C,7,130,Low
1,4,rain,A,19,150,Low
1,4,rain,B,6,120,Low
1,4,rain,C,10,130,Low
1,5,rain,A,17,150,Low
1,5,rain,B,4,120,Low
1,5,rain,C,8,130,Low
1,6,rain,A,61,150,Moderate
1,6,rain,B,21,120,Low
1,6,rain,C,40,130,Low
1,7,rain,A,68,150,Moderate
1,7,rain,B,27,120,Low
1,7,rain,C,32,130,Low
1,8,rain,A,118,150,High
1,8,rain,B,47,120,Moderate
1,8,rain,C,65,130,Moderate
1,9,rain,A,115,150,High
1,9,rain,B,46,120,Moderate
1,9,rain,C,75,130,Moderate
1,10,rain,A,130,150,High
1,10,rain,B,43,120,Moderate
1,10,rain,C,72,130,Moderate
1,11,rain,A,97,150,Moderate
1,11,rain,B,44,120,Moderate
1,11,rain,C,76,130,Moderate
1,12,rain,A,56,150,Moderate
1,12,rain,B,26,120,Low
1,12,rain,C,49,130,Moderate
1,13,rain,A,59,150,Moderate
1,13,rain,B,21,120,Low
1,13,rain,C,37,130,Low
1,14,rain,A,49,150,Low
1,14,rain,B,31,120,Low
1,14,rain,C,39,130,Low
1,15,rain,A,57,150,Moderate
1,15,rain,B,19,120,Low
1,15,rain,C,39,130,Low
1,16,rain,A,59,150,Moderate
1,16,rain,B,29,120,Low
1,16,rain,C,34,130,Low
1,17,rain,A,101,150,High
1,17,rain,B,51,120,Moderate
1,17,rain,C,82,130,Moderate
1,18,rain,A,127,150,High
1,18,rain,B,52,120,Moderate
1,18,rain,C,85,130,High
1,19,rain,A,131,150,High
1,19,rain,B,37,120,Low
1,19,rain,C,62,130,Moderate
1,20,rain,A,118,150,High
1,20,rain,B,40,120,Low
1,20,rain,C,87,130,High
1,21,rain,A,48,150,Low
1,21,rain,B,22,120,Low
1,21,rain,C,40,130,Low
1,22,rain,A,65,150,Moderate
1,22,rain,B,25,120,Low
1,22,rain,C,39,130,Low
1,23,rain,A,59,150,Moderate
1,23,rain,B,28,120,Low
1,23,rain,C,39,130,Low
2,0,clear,A,13,150,Low
2,0,clear,B,4,120,Low
2,0,clear,C,8,130,Low
2,1,clear,A,14,150,Low
2,1,clear,B,4,120,Low
2,1,clear,C,8,130,Low
2,2,clear,A,16,150,Low
2,2,clear,B,5,120,Low
2,2,clear,C,10,130,Low
2,3,clear,A,10,150,Low
2,3,clear,B,4,120,Low
2,3,clear,C,9,130,Low
2,4,clear,A,15,150,Low
2,4,clear,B,4,120,Low
2,4,clear,C,7,130,Low
2,5,clear,A,16,150,Low
2,5,clear,B,5,120,Low
2,5,clear,C,10,130,Low
2,6,clear,A,51,150,Low
2,6,clear,B,18,120,Low
2,6,clear,C,39,130,Low
2,7,clear,A,52,150,Low
2,7,clear,B,18,120,Low
2,7,clear,C,30,130,Low
2,8,clear,A,91,150,Moderate
2,8,clear,B,40,120,Low
2,8,clear,C,48,130,Moderate
2,9,clear,A,108,150,High
2,9,clear,B,32,120,Low
2,9,clear,C,61,130,Moderate
2,10,clear,A,96,150,Moderate
2,10,clear,B,34,120,Low
2,10,clear,C,60,130,Moderate
2,11,clear,A,92,150,Moderate
2,11,clear,B,32,120,Low
2,11,clear,C,75,130,Moderate
2,12,clear,A,55,150,Moderate
2,12,clear,B,19,120,Low
2,12,clear,C,31,130,Low
2,13,clear,A,51,150,Low
2,13,clear,B,18,120,Low
2,13,clear,C,39,130,Low
2,14,clear,A,48,150,Low
2,14,clear,B,13,120,Low
2,14,clear,C,35,130,Low
2,15,clear,A,52,150,Low
2,15,clear,B,18,120,Low
2,15,clear,C,39,130,Low
2,16,clear,A,32,150,Low
2,16,clear,B,24,120,Low
2,16,clear,C,40,130,Low
2,17,clear,A,99,150,High
2,17,clear,B,37,120,Low
2,17,clear,C,75,130,Moderate
2,18,clear,A,118,150,High
2,18,clear,B,36,120,Low
2,18,clear,C,53,130,Moderate
2,19,clear,A,144,150,High
2,19,clear,B,45,120,Moderate
2,19,clear,C,71,130,Moderate
2,20,clear,A,112,150,High
2,20,clear,B,43,120,Moderate
2,20,clear,C,77,130,Moderate
2,21,clear,A,37,150,Low
2,21,clear,B,18,120,Low
2,21,clear,C,32,130,Low
2,22,clear,A,53,150,Moderate
2,22,clear,B,22,120,Low
2,22,clear,C,25,130,Low
2,23,clear,A,43,150,Low
2,23,clear,B,17,120,Low
2,23,clear,C,35,130,Low
3,0,clear,A,17,150,Low
3,0,clear,B,4,120,Low
3,0,clear,C,9,130,Low
3,1,clear,A,15,150,Low
3,1,clear,B,5,120,Low
3,1,clear,C,8,130,Low
3,2,clear,A,12,150,Low
3,2,clear,B,4,120,Low
3,2,clear,C,7,130,Low
3,3,clear,A,14,150,Low
3,3,clear,B,4,120,Low
3,3,clear,C,8,130,Low
3,4,clear,A,15,150,Low
3,4,clear,B,4,120,Low
3,4,clear,C,7,130,Low
3,5,clear,A,13,150,Low
3,5,clear,B,5,120,Low
3,5,clear,C,7,130,Low
3,6,clear,A,56,150,Moderate
3,6,clear,B,19,120,Low
3,6,clear,C,31,130,Low
3,7,clear,A,52,150,Low
3,7,clear,B,15,120,Low
3,7,clear,C,35,130,Low
3,8,clear,A,78,150,Moderate
3,8,clear,B,41,120,Low
3,8,clear,C,62,130,Moderate
3,9,clear,A,90,150,Moderate
3,9,clear,B,42,120,Moderate
3,9,clear,C,53,130,Moderate
3,10,clear,A,87,150,Moderate
3,10,clear,B,26,120,Low
3,10,clear,C,75,130,Moderate
3,11,clear,A,126,150,High
3,11,clear,B,26,120,Low
3,11,clear,C,55,130,Moderate
3,12,clear,A,55,150,Moderate
3,12,clear,B,18,120,Low
3,12,clear,C,34,130,Low
3,13,clear,A,54,150,Moderate
3,13,clear,B,21,120,Low
3,13,clear,C,29,130,Low
3,14,clear,A,56,150,Moderate
3,14,clear,B,16,120,Low
3,14,clear,C,32,130,Low
3,15,clear,A,40,150,Low
3,15,clear,B,18,120,Low
3,15,clear,C,31,130,Low
3,16,clear,A,62,150,Moderate
3,16,clear,B,19,120,Low
3,16,clear,C,35,130,Low
3,17,clear,A,109,150,High
3,17,clear,B,27,120,Low
3,17,clear,C,49,130,Moderate
3,18,clear,A,104,150,High
3,18,clear,B,41,120,Low
3,18,clear,C,67,130,Moderate
3,19,clear,A,95,150,Moderate
3,19,clear,B,38,120,Low
3,19,clear,C,66,130,Moderate
3,20,clear,A,122,150,High
3,20,clear,B,44,120,Moderate
3,20,clear,C,64,130,Moderate
3,21,clear,A,54,150,Moderate
3,21,clear,B,20,120,Low
3,21,clear,C,37,130,Low
3,22,clear,A,68,150,Moderate
3,22,clear,B,19,120,Low
3,22,clear,C,41,130,Low
3,23,clear,A,45,150,Low
3,23,clear,B,18,120,Low
3,23,clear,C,23,130,Low
4,0,clear,A,15,150,Low
4,0,clear,B,3,120,Low
4,0,clear,C,8,130,Low
4,1,clear,A,14,150,Low
4,1,clear,B,5,120,Low
4,1,clear,C,7,130,Low
4,2,clear,A,15,150,Low
4,2,clear,B,5,120,Low
4,2,clear,C,9,130,Low
4,3,clear,A,13,150,Low
4,3,clear,B,5,120,Low
4,3,clear,C,10,130,Low
4,4,clear,A,13,150,Low
4,4,clear,B,5,120,Low
4,4,clear,C,10,130,Low
4,5,clear,A,13,150,Low
4,5,clear,B,4,120,Low
4,5,clear,C,9,130,Low
4,6,clear,A,66,150,Moderate
4,6,clear,B,23,120,Low
4,6,clear,C,38,130,Low
4,7,clear,A,35,150,Low
4,7,clear,B,18,120,Low
4,7,clear,C,31,130,Low
4,8,clear,A,99,150,High
4,8,clear,B,45,120,Moderate
4,8,clear,C,52,130,Moderate
4,9,clear,A,132,150,High
4,9,clear,B,33,120,Low
4,9,clear,C,55,130,Moderate
4,10,clear,A,111,150,High
4,10,clear,B,40,120,Low
4,10,clear,C,69,130,Moderate
4,11,clear,A,87,150,Moderate
4,11,clear,B,38,120,Low
4,11,clear,C,53,130,Moderate
4,12,clear,A,48,150,Low
4,12,clear,B,19,120,Low
4,12,clear,C,30,130,Low
4,13,clear,A,63,150,Moderate
4,13,clear,B,18,120,Low
4,13,clear,C,33,130,Low
4,14,clear,A,47,150,Low
4,14,clear,B,23,120,Low
4,14,clear,C,31,130,Low
4,15,clear,A,64,150,Moderate
4,15,clear,B,23,120,Low
4,15,clear,C,32,130,Low
4,16,clear,A,55,150,Moderate
4,16,clear,B,18,120,Low
4,16,clear,C,37,130,Low
4,17,clear,A,106,150,High
4,17,clear,B,37,120,Low
4,17,clear,C,70,130,Moderate
4,18,clear,A,83,150,Moderate
4,18,clear,B,39,120,Low
4,18,clear,C,76,130,Moderate
4,19,clear,A,112,150,High
4,19,clear,B,45,120,Moderate
4,19,clear,C,66,130,Moderate
4,20,clear,A,102,150,High
4,20,clear,B,33,120,Low
4,20,clear,C,65,130,Moderate
4,21,clear,A,71,150,Moderate
4,21,clear,B,20,120,Low
4,21,clear,C,31,130,Low
4,22,clear,A,46,150,Low
4,22,clear,B,15,120,Low
4,22,clear,C,30,130,Low
4,23,clear,A,61,150,Moderate
4,23,clear,B,18,120,Low
4,23,clear,C,29,130,Low
5,0,clear,A,10,150,Low
5,0,clear,B,3,120,Low
5,0,clear,C,5,130,Low
5,1,clear,A,9,150,Low
5,1,clear,B,4,120,Low
5,1,clear,C,7,130,Low
5,2,clear,A,11,150,Low
5,2,clear,B,2,120,Low
5,2,clear,C,5,130,Low
5,3,clear,A,8,150,Low
5,3,clear,B,3,120,Low
5,3,clear,C,7,130,Low
5,4,clear,A,10,150,Low
5,4,clear,B,3,120,Low
5,4,clear,C,5,130,Low
5,5,clear,A,10,150,Low
5,5,clear,B,3,120,Low
5,5,clear,C,6,130,Low
5,6,clear,A,39,150,Low
5,6,clear,B,14,120,Low
5,6,clear,C,25,130,Low
5,7,clear,A,42,150,Low
5,7,clear,B,15,120,Low
5,7,clear,C,24,130,Low
5,8,clear,A,68,150,Moderate
5,8,clear,B,24,120,Low
5,8,clear,C,38,130,Low
5,9,clear,A,61,150,Moderate
5,9,clear,B,27,120,Low
5,9,clear,C,39,130,Low
5,10,clear,A,77,150,Moderate
5,10,clear,B,25,120,Low
5,10,clear,C,49,130,Moderate
5,11,clear,A,75,150,Moderate
5,11,clear,B,28,120,Low
5,11,clear,C,40,130,Low
5,12,clear,A,40,150,Low
5,12,clear,B,15,120,Low
5,12,clear,C,18,130,Low
5,13,clear,A,48,150,Low
5,13,clear,B,18,120,Low
5,13,clear,C,27,130,Low
5,14,clear,A,43,150,Low
5,14,clear,B,15,120,Low
5,14,clear,C,23,130,Low
5,15,clear,A,37,150,Low
5,15,clear,B,16,120,Low
5,15,clear,C,20,130,Low
5,16,clear,A,32,150,Low
5,16,clear,B,13,120,Low
5,16,clear,C,26,130,Low
5,17,clear,A,66,150,Moderate
5,17,clear,B,27,120,Low
5,17,clear,C,48,130,Moderate
5,18,clear,A,65,150,Moderate
5,18,clear,B,17,120,Low
5,18,clear,C,41,130,Low
5,19,clear,A,80,150,Moderate
5,19,clear,B,30,120,Low
5,19,clear,C,52,130,Moderate
5,20,clear,A,84,150,Moderate
5,20,clear,B,25,120,Low
5,20,clear,C,42,130,Low
5,21,clear,A,40,150,Low
5,21,clear,B,13,120,Low
5,21,clear,C,27,130,Low
5,22,clear,A,40,150,Low
5,22,clear,B,16,120,Low
5,22,clear,C,22,130,Low
5,23,clear,A,44,150,Low
5,23,clear,B,18,120,Low
5,23,clear,C,24,130,Low
6,0,clear,A,8,150,Low
6,0,clear,B,3,120,Low
6,0,clear,C,7,130,Low
6,1,clear,A,8,150,Low
6,1,clear,B,3,120,Low
6,1,clear,C,6,130,Low
6,2,clear,A,10,150,Low
6,2,clear,B,3,120,Low
6,2,clear,C,6,130,Low
6,3,clear,A,9,150,Low
6,3,clear,B,3,120,Low
6,3,clear,C,7,130,Low
6,4,clear,A,8,150,Low
6,4,clear,B,3,120,Low
6,4,clear,C,4,130,Low
6,5,clear,A,10,150,Low
6,5,clear,B,4,120,Low
6,5,clear,C,5,130,Low
6,6,clear,A,39,150,Low
6,6,clear,B,13,120,Low
6,6,clear,C,23,130,Low
6,7,clear,A,39,150,Low
6,7,clear,B,12,120,Low
6,7,clear,C,23,130,Low
6,8,clear,A,59,150,Moderate
6,8,clear,B,27,120,Low
6,8,clear,C,45,130,Low
6,9,clear,A,64,150,Moderate
6,9,clear,B,25,120,Low
6,9,clear,C,42,130,Low
6,10,clear,A,81,150,Moderate
6,10,clear,B,23,120,Low
6,10,clear,C,48,130,Moderate
6,11,clear,A,61,150,Moderate
6,11,clear,B,28,120,Low
6,11,clear,C,50,130,Moderate
6,12,clear,A,44,150,Low
6,12,clear,B,17,120,Low
6,12,clear,C,25,130,Low
6,13,clear,A,45,150,Low
6,13,clear,B,17,120,Low
6,13,clear,C,20,130,Low
6,14,clear,A,35,150,Low
6,14,clear,B,10,120,Low
6,14,clear,C,28,130,Low
6,15,clear,A,29,150,Low
6,15,clear,B,10,120,Low
6,15,clear,C,20,130,Low
6,16,clear,A,28,150,Low
6,16,clear,B,14,120,Low
6,16,clear,C,20,130,Low
6,17,clear,A,57,150,Moderate
6,17,clear,B,27,120,Low
6,17,clear,C,49,130,Moderate
6,18,clear,A,55,150,Moderate
6,18,clear,B,25,120,Low
6,18,clear,C,48,130,Moderate
6,19,clear,A,72,150,Moderate
6,19,clear,B,26,120,Low
6,19,clear,C,57,130,Moderate
6,20,clear,A,101,150,High
6,20,clear,B,26,120,Low
6,20,clear,C,39,130,Low
6,21,clear,A,37,150,Low
6,21,clear,B,14,120,Low
6,21,clear,C,24,130,Low
6,22,clear,A,42,150,Low
6,22,clear,B,18,120,Low
6,22,clear,C,18,130,Low
6,23,clear,A,35,150,Low
6,23,clear,B,17,120,Low
6,23,clear,C,22,130,Low
0,0,fog,A,16,150,Low
0,0,fog,B,6,120,Low
0,0,fog,C,12,130,Low
0,1,fog,A,15,150,Low
0,1,fog,B,4,120,Low
0,1,fog,C,8,130,Low
0,2,fog,A,20,150,Low
0,2,fog,B,4,120,Low
0,2,fog,C,10,130,Low
0,3,fog,A,9,150,Low
0,3,fog,B,4,120,Low
0,3,fog,C,10,130,Low
0,4,fog,A,15,150,Low
0,4,fog,B,5,120,Low
0,4,fog,C,8,130,Low
0,5,fog,A,10,150,Low
0,5,fog,B,6,120,Low
0,5,fog,C,9,130,Low
0,6,fog,A,46,150,Low
0,6,fog,B,22,120,Low
0,6,fog,C,41,130,Low
0,7,fog,A,58,150,Moderate
0,7,fog,B,22,120,Low
0,7,fog,C,38,130,Low
0,8,fog,A,97,150,Moderate
0,8,fog,B,39,120,Low
0,8,fog,C,76,130,Moderate
0,9,fog,A,125,150,High
0,9,fog,B,44,120,Moderate
0,9,fog,C,62,130,Moderate
0,10,fog,A,119,150,High
0,10,fog,B,42,120,Moderate
0,10,fog,C,61,130,Moderate
0,11,fog,A,101,150,High
0,11,fog,B,43,120,Moderate
0,11,fog,C,83,130,Moderate
0,12,fog,A,44,150,Low
0,12,fog,B,27,120,Low
0,12,fog,C,45,130,Low
0,13,fog,A,62,150,Moderate
0,13,fog,B,21,120,Low
0,13,fog,C,40,130,Low
0,14,fog,A,54,150,Moderate
0,14,fog,B,21,120,Low
0,14,fog,C,29,130,Low
0,15,fog,A,44,150,Low
0,15,fog,B,29,120,Low
0,15,fog,C,38,130,Low
0,16,fog,A,62,150,Moderate
0,16,fog,B,21,120,Low
0,16,fog,C,33,130,Low
0,17,fog,A,115,150,High
0,17,fog,B,44,120,Moderate
0,17,fog,C,74,130,Moderate
0,18,fog,A,107,150,High
0,18,fog,B,47,120,Moderate
0,18,fog,C,79,130,Moderate
0,19,fog,A,128,150,High
0,19,fog,B,48,120,Moderate
0,19,fog,C,75,130,Moderate
0,20,fog,A,117,150,High
0,20,fog,B,53,120,Moderate
0,20,fog,C,66,130,Moderate
0,21,fog,A,43,150,Low
0,21,fog,B,23,120,Low
0,21,fog,C,34,130,Low
0,22,fog,A,50,150,Low
0,22,fog,B,24,120,Low
0,22,fog,C,37,130,Low
0,23,fog,A,49,150,Low
0,23,fog,B,28,120,Low
0,23,fog,C,29,130,Low
1,0,clear,A,9,150,Low
1,0,clear,B,5,120,Low
1,0,clear,C,7,130,Low
1,1,clear,A,15,150,Low
1,1,clear,B,4,120,Low
1,1,clear,C,10,130,Low
1,2,clear,A,12,150,Low
1,2,clear,B,3,120,Low
1,2,clear,C,9,130,Low
1,3,clear,A,13,150,Low
1,3,clear,B,3,120,Low
1,3,clear,C,7,130,Low
1,4,clear,A,12,150,Low
1,4,clear,B,6,120,Low
1,4,clear,C,9,130,Low
1,5,clear,A,13,150,Low
1,5,clear,B,5,120,Low
1,5,clear,C,6,130,Low
1,6,clear,A,50,150,Low
1,6,clear,B,21,120,Low
1,6,clear,C,35,130,Low
1,7,clear,A,50,150,Low
1,7,clear,B,19,120,Low
1,7,clear,C,36,130,Low
1,8,clear,A,98,150,High
1,8,clear,B,40,120,Low
1,8,clear,C,66,130,Moderate
1,9,clear,A,106,150,High
1,9,clear,B,45,120,Moderate
1,9,clear,C,70,130,Moderate
1,10,clear,A,124,150,High
1,10,clear,B,32,120,Low
1,10,clear,C,47,130,Moderate
1,11,clear,A,96,150,Moderate
1,11,clear,B,34,120,Low
1,11,clear,C,76,130,Moderate
1,12,clear,A,45,150,Low
1,12,clear,B,19,120,Low
1,12,clear,C,37,130,Low
1,13,clear,A,55,150,Moderate
1,13,clear,B,19,120,Low
1,13,clear,C,36,130,Low
1,14,clear,A,63,150,Moderate
1,14,clear,B,24,120,Low
1,14,clear,C,35,130,Low
1,15,clear,A,48,150,Low
1,15,clear,B,24,120,Low
1,15,clear,C,29,130,Low
1,16,clear,A,69,150,Moderate
1,16,clear,B,24,120,Low
1,16,clear,C,42,130,Low
1,17,clear,A,121,150,High
1,17,clear,B,27,120,Low
1,17,clear,C,59,130,Moderate
1,18,clear,A,115,150,High
1,18,clear,B,35,120,Low
1,18,clear,C,66,130,Moderate
1,19,clear,A,120,150,High
1,19,clear,B,38,120,Low
1,19,clear,C,57,130,Moderate
1,20,clear,A,124,150,High
1,20,clear,B,43,120,Moderate
1,20,clear,C,67,130,Moderate
1,21,clear,A,60,150,Moderate
1,21,clear,B,20,120,Low
1,21,clear,C,41,130,Low
1,22,clear,A,56,150,Moderate
1,22,clear,B,23,120,Low
1,22,clear,C,25,130,Low
1,23,clear,A,58,150,Moderate
1,23,clear,B,18,120,Low
1,23,clear,C,30,130,Low
2,0,fog,A,17,150,Low
2,0,fog,B,3,120,Low
2,0,fog,C,10,130,Low
2,1,fog,A,16,150,Low
2,1,fog,B,4,120,Low
2,1,fog,C,8,130,Low
2,2,fog,A,11,150,Low
2,2,fog,B,5,120,Low
2,2,fog,C,9,130,Low
2,3,fog,A,16,150,Low
2,3,fog,B,5,120,Low
2,3,fog,C,8,130,Low
2,4,fog,A,15,150,Low
2,4,fog,B,5,120,Low
2,4,fog,C,8,130,Low
2,5,fog,A,11,150,Low
2,5,fog,B,6,120,Low
2,5,fog,C,10,130,Low
2,6,fog,A,65,150,Moderate
2,6,fog,B,19,120,Low
2,6,fog,C,39,130,Low
2,7,fog,A,48,150,Low
2,7,fog,B,18,120,Low
2,7,fog,C,38,130,Low
2,8,fog,A,113,150,High
2,8,fog,B,29,120,Low
2,8,fog,C,58,130,Moderate
2,9,fog,A,102,150,High
2,9,fog,B,45,120,Moderate
2,9,fog,C,60,130,Moderate
2,10,fog,A,111,150,High
2,10,fog,B,41,120,Low
2,10,fog,C,66,130,Moderate
2,11,fog,A,113,150,High
2,11,fog,B,31,120,Low
2,11,fog,C,62,130,Moderate
2,12,fog,A,73,150,Moderate
2,12,fog,B,26,120,Low
2,12,fog,C,43,130,Low
2,13,fog,A,70,150,Moderate
2,13,fog,B,15,120,Low
2,13,fog,C,33,130,Low
2,14,fog,A,57,150,Moderate
2,14,fog,B,29,120,Low
2,14,fog,C,36,130,Low
2,15,fog,A,67,150,Moderate
2,15,fog,B,23,120,Low
2,15,fog,C,40,130,Low
2,16,fog,A,60,150,Moderate
2,16,fog,B,18,120,Low
2,16,fog,C,22,130,Low
2,17,fog,A,144,150,High
2,17,fog,B,39,120,Low
2,17,fog,C,55,130,Moderate
2,18,fog,A,128,150,High
2,18,fog,B,46,120,Moderate
2,18,fog,C,85,130,High
2,19,fog,A,141,150,High
2,19,fog,B,37,120,Low
2,19,fog,C,66,130,Moderate
2,20,fog,A,115,150,High
2,20,fog,B,49,120,Moderate
2,20,fog,C,52,130,Moderate
2,21,fog,A,61,150,Moderate
2,21,fog,B,25,120,Low
2,21,fog,C,43,130,Low
2,22,fog,A,66,150,Moderate
2,22,fog,B,25,120,Low
2,22,fog,C,22,130,Low
2,23,fog,A,75,150,Moderate
2,23,fog,B,23,120,Low
2,23,fog,C,46,130,Moderate
3,0,clear,A,10,150,Low
3,0,clear,B,6,120,Low
3,0,clear,C,7,130,Low
3,1,clear,A,13,150,Low
3,1,clear,B,5,120,Low
3,1,clear,C,9,130,Low
3,2,clear,A,15,150,Low
3,2,clear,B,5,120,Low
3,2,clear,C,7,130,Low
3,3,clear,A,15,150,Low
3,3,clear,B,5,120,Low
3,3,clear,C,6,130,Low
3,4,clear,A,16,150,Low
3,4,clear,B,3,120,Low
3,4,clear,C,10,130,Low
3,5,clear,A,12,150,Low
3,5,clear,B,5,120,Low
3,5,clear,C,9,130,Low
3,6,clear,A,54,150,Moderate
3,6,clear,B,21,120,Low
3,6,clear,C,34,130,Low
3,7,clear,A,60,150,Moderate
3,7,clear,B,26,120,Low
3,7,clear,C,27,130,Low
3,8,clear,A,51,150,Low
3,8,clear,B,33,120,Low
3,8,clear,C,58,130,Moderate
3,9,clear,A,93,150,Moderate
3,9,clear,B,30,120,Low
3,9,clear,C,71,130,Moderate
3,10,clear,A,78,150,Moderate
3,10,clear,B,38,120,Low
3,10,clear,C,69,130,Moderate
3,11,clear,A,103,150,High
3,11,clear,B,38,120,Low
3,11,clear,C,71,130,Moderate
3,12,clear,A,55,150,Moderate
3,12,clear,B,18,120,Low
3,12,clear,C,37,130,Low
3,13,clear,A,59,150,Moderate
3,13,clear,B,22,120,Low
3,13,clear,C,26,130,Low
3,14,clear,A,53,150,Moderate
3,14,clear,B,16,120,Low
3,14,clear,C,37,130,Low
3,15,clear,A,60,150,Moderate
3,15,clear,B,19,120,Low
3,15,clear,C,31,130,Low
3,16,clear,A,59,150,Moderate
3,16,clear,B,19,120,Low
3,16,clear,C,42,130,Low
3,17,clear,A,139,150,High
3,17,clear,B,46,120,Moderate
3,17,clear,C,72,130,Moderate
3,18,clear,A,140,150,High
3,18,clear,B,41,120,Low
3,18,clear,C,64,130,Moderate
3,19,clear,A,98,150,High
3,19,clear,B,35,120,Low
3,19,clear,C,69,130,Moderate
3,20,clear,A,117,150,High
3,20,clear,B,31,120,Low
3,20,clear,C,65,130,Moderate
3,21,clear,A,56,150,Moderate
3,21,clear,B,21,120,Low
3,21,clear,C,34,130,Low
3,22,clear,A,57,150,Moderate
3,22,clear,B,16,120,Low
3,22,clear,C,30,130,Low
3,23,clear,A,54,150,Moderate
3,23,clear,B,21,120,Low
3,23,clear,C,36,130,Low
4,0,rain,A,15,150,Low
4,0,rain,B,7,120,Low
4,0,rain,C,11,130,Low
4,1,rain,A,16,150,Low
4,1,rain,B,5,120,Low
4,1,rain,C,9,130,Low
4,2,rain,A,16,150,Low
4,2,rain,B,6,120,Low
4,2,rain,C,11,130,Low
4,3,rain,A,17,150,Low
4,3,rain,B,5,120,Low
4,3,rain,C,9,130,Low
4,4,rain,A,21,150,Low
4,4,rain,B,5,120,Low
4,4,rain,C,8,130,Low
4,5,rain,A,12,150,Low
4,5,rain,B,5,120,Low
4,5,rain,C,11,130,Low
4,6,rain,A,60,150,Moderate
4,6,rain,B,29,120,Low
4,6,rain,C,41,130,Low
4,7,rain,A,76,150,Moderate
4,7,rain,B,21,120,Low
4,7,rain,C,37,130,Low
4,8,rain,A,120,150,High
4,8,rain,B,46,120,Moderate
4,8,rain,C,73,130,Moderate
4,9,rain,A,124,150,High
4,9,rain,B,47,120,Moderate
4,9,rain,C,59,130,Moderate
4,10,rain,A,112,150,High
4,10,rain,B,39,120,Low
4,10,rain,C,70,130,Moderate
4,11,rain,A,126,150,High
4,11,rain,B,39,120,Low
4,11,rain,C,52,130,Moderate
4,12,rain,A,63,150,Moderate
4,12,rain,B,20,120,Low
4,12,rain,C,45,130,Low
4,13,rain,A,73,150,Moderate
4,13,rain,B,16,120,Low
4,13,rain,C,37,130,Low
4,14,rain,A,69,150,Moderate
4,14,rain,B,18,120,Low
4,14,rain,C,46,130,Moderate
4,15,rain,A,76,150,Moderate
4,15,rain,B,23,120,Low
4,15,rain,C,37,130,Low
4,16,rain,A,43,150,Low
4,16,rain,B,26,120,Low
4,16,rain,C,54,130,Moderate
4,17,rain,A,167,150,High
4,17,rain,B,46,120,Moderate
4,17,rain,C,70,130,Moderate
4,18,rain,A,148,150,High
4,18,rain,B,47,120,Moderate
4,18,rain,C,90,130,High
4,19,rain,A,137,150,High
4,19,rain,B,48,120,Moderate
4,19,rain,C,96,130,High
4,20,rain,A,153,150,High
4,20,rain,B,44,120,Moderate
4,20,rain,C,72,130,Moderate
4,21,rain,A,41,150,Low
4,21,rain,B,22,120,Low
4,21,rain,C,35,130,Low
4,22,rain,A,70,150,Moderate
4,22,rain,B,22,120,Low
4,22,rain,C,40,130,Low
4,23,rain,A,74,150,Moderate
4,23,rain,B,25,120,Low
4,23,rain,C,41,130,Low
5,0,clear,A,10,150,Low
5,0,clear,B,3,120,Low
5,0,clear,C,5,130,Low
5,1,clear,A,10,150,Low
5,1,clear,B,3,120,Low
5,1,clear,C,5,130,Low
5,2,clear,A,10,150,Low
5,2,clear,B,4,120,Low
5,2,clear,C,7,130,Low
5,3,clear,A,11,150,Low
5,3,clear,B,4,120,Low
5,3,clear,C,7,130,Low
5,4,clear,A,10,150,Low
5,4,clear,B,3,120,Low
5,4,clear,C,4,130,Low
5,5,clear,A,9,150,Low
5,5,clear,B,3,120,Low
5,5,clear,C,6,130,Low
5,6,clear,A,27,150,Low
5,6,clear,B,13,120,Low
5,6,clear,C,26,130,Low
5,7,clear,A,32,150,Low
5,7,clear,B,14,120,Low
5,7,clear,C,26,130,Low
5,8,clear,A,80,150,Moderate
5,8,clear,B,31,120,Low
5,8,clear,C,41,130,Low
5,9,clear,A,71,150,Moderate
5,9,clear,B,26,120,Low
5,9,clear,C,48,130,Moderate
5,10,clear,A,74,150,Moderate
5,10,clear,B,30,120,Low
5,10,clear,C,28,130,Low
5,11,clear,A,73,150,Moderate
5,11,clear,B,27,120,Low
5,11,clear,C,42,130,Low
5,12,clear,A,25,150,Low
5,12,clear,B,13,120,Low
5,12,clear,C,21,130,Low
5,13,clear,A,48,150,Low
5,13,clear,B,14,120,Low
5,13,clear,C,21,130,Low
5,14,clear,A,26,150,Low
5,14,clear,B,15,120,Low
5,14,clear,C,27,130,Low
5,15,clear,A,37,150,Low
5,15,clear,B,15,120,Low
5,15,clear,C,23,130,Low
5,16,clear,A,44,150,Low
5,16,clear,B,16,120,Low
5,16,clear,C,18,130,Low
5,17,clear,A,60,150,Moderate
5,17,clear,B,36,120,Low
5,17,clear,C,55,130,Moderate
5,18,clear,A,62,150,Moderate
5,18,clear,B,21,120,Low
5,18,clear,C,50,130,Moderate
5,19,clear,A,63,150,Moderate
5,19,clear,B,26,120,Low
5,19,clear,C,48,130,Moderate
5,20,clear,A,75,150,Moderate
5,20,clear,B,32,120,Low
5,20,clear,C,62,130,Moderate
5,21,clear,A,35,150,Low
5,21,clear,B,11,120,Low
5,21,clear,C,25,130,Low
5,22,clear,A,47,150,Low
5,22,clear,B,13,120,Low
5,22,clear,C,27,130,Low
5,23,clear,A,33,150,Low
5,23,clear,B,14,120,Low
5,23,clear,C,20,130,Low
6,0,rain,A,11,150,Low
6,0,rain,B,4,120,Low
6,0,rain,C,9,130,Low
6,1,rain,A,10,150,Low
6,1,rain,B,2,120,Low
6,1,rain,C,7,130,Low
6,2,rain,A,12,150,Low
6,2,rain,B,4,120,Low
6,2,rain,C,7,130,Low
6,3,rain,A,14,150,Low
6,3,rain,B,4,120,Low
6,3,rain,C,7,130,Low
6,4,rain,A,10,150,Low
6,4,rain,B,3,120,Low
6,4,rain,C,7,130,Low
6,5,rain,A,11,150,Low
6,5,rain,B,3,120,Low
6,5,rain,C,7,130,Low
6,6,rain,A,45,150,Low
6,6,rain,B,15,120,Low
6,6,rain,C,25,130,Low
6,7,rain,A,49,150,Low
6,7,rain,B,16,120,Low
6,7,rain,C,26,130,Low
6,8,rain,A,72,150,Moderate
6,8,rain,B,29,120,Low
6,8,rain,C,60,130,Moderate
6,9,rain,A,85,150,Moderate
6,9,rain,B,29,120,Low
6,9,rain,C,55,130,Moderate
6,10,rain,A,100,150,High
6,10,rain,B,32,120,Low
6,10,rain,C,54,130,Moderate
6,11,rain,A,91,150,Moderate
6,11,rain,B,29,120,Low
6,11,rain,C,54,130,Moderate
6,12,rain,A,42,150,Low
6,12,rain,B,12,120,Low
6,12,rain,C,30,130,Low
6,13,rain,A,48,150,Low
6,13,rain,B,16,120,Low
6,13,rain,C,33,130,Low
6,14,rain,A,41,150,Low
6,14,rain,B,12,120,Low
6,14,rain,C,26,130,Low
6,15,rain,A,35,150,Low
6,15,rain,B,17,120,Low
6,15,rain,C,26,130,Low
6,16,rain,A,53,150,Moderate
6,16,rain,B,19,120,Low
6,16,rain,C,25,130,Low
6,17,rain,A,81,150,Moderate
6,17,rain,B,36,120,Low
6,17,rain,C,67,130,Moderate
6,18,rain,A,64,150,Moderate
6,18,rain,B,35,120,Low
6,18,rain,C,39,130,Low
6,19,rain,A,84,150,Moderate
6,19,rain,B,39,120,Low
6,19,rain,C,85,130,High
6,20,rain,A,89,150,Moderate
6,20,rain,B,27,120,Low
6,20,rain,C,54,130,Moderate
6,21,rain,A,46,150,Low
6,21,rain,B,15,120,Low
6,21,rain,C,25,130,Low
6,22,rain,A,43,150,Low
6,22,rain,B,17,120,Low
6,22,rain,C,28,130,Low
6,23,rain,A,40,150,Low
6,23,rain,B,15,120,Low
6,23,rain,C,27,130,Low
0,0,clear,A,12,150,Low
0,0,clear,B,5,120,Low
0,0,clear,C,8,130,Low
0,1,clear,A,10,150,Low
0,1,clear,B,5,120,Low
0,1,clear,C,9,130,Low
0,2,clear,A,10,150,Low
0,2,clear,B,4,120,Low
0,2,clear,C,7,130,Low
0,3,clear,A,15,150,Low
0,3,clear,B,4,120,Low
0,3,clear,C,8,130,Low
0,4,clear,A,13,150,Low
0,4,clear,B,3,120,Low
0,4,clear,C,10,130,Low
0,5,clear,A,15,150,Low
0,5,clear,B,4,120,Low
0,5,clear,C,9,130,Low
0,6,clear,A,63,150,Moderate
0,6,clear,B,20,120,Low
0,6,clear,C,43,130,Low
0,7,clear,A,79,150,Moderate
0,7,clear,B,19,120,Low
0,7,clear,C,31,130,Low
0,8,clear,A,84,150,Moderate
0,8,clear,B,24,120,Low
0,8,clear,C,74,130,Moderate
0,9,clear,A,93,150,Moderate
0,9,clear,B,40,120,Low
0,9,clear,C,73,130,Moderate
0,10,clear,A,82,150,Moderate
0,10,clear,B,30,120,Low
0,10,clear,C,79,130,Moderate
0,11,clear,A,97,150,Moderate
0,11,clear,B,32,120,Low
0,11,clear,C,53,130,Moderate
0,12,clear,A,53,150,Moderate
0,12,clear,B,24,120,Low
0,12,clear,C,38,130,Low
0,13,clear,A,56,150,Moderate
0,13,clear,B,24,120,Low
0,13,clear,C,42,130,Low
0,14,clear,A,57,150,Moderate
0,14,clear,B,28,120,Low
0,14,clear,C,33,130,Low
0,15,clear,A,64,150,Moderate
0,15,clear,B,18,120,Low
0,15,clear,C,39,130,Low
0,16,clear,A,52,150,Low
0,16,clear,B,21,120,Low
0,16,clear,C,47,130,Moderate
0,17,clear,A,125,150,High
0,17,clear,B,42,120,Moderate
0,17,clear,C,61,130,Moderate
0,18,clear,A,113,150,High
0,18,clear,B,33,120,Low
0,18,clear,C,79,130,Moderate
0,19,clear,A,124,150,High
0,19,clear,B,38,120,Low
0,19,clear,C,87,130,High
0,20,clear,A,135,150,High
0,20,clear,B,40,120,Low
0,20,clear,C,75,130,Moderate
0,21,clear,A,50,150,Low
0,21,clear,B,19,120,Low
0,21,clear,C,29,130,Low
0,22,clear,A,51,150,Low
0,22,clear,B,19,120,Low
0,22,clear,C,26,130,Low
0,23,clear,A,59,150,Moderate
0,23,clear,B,23,120,Low
0,23,clear,C,34,130,Low
1,0,clear,A,13,150,Low
1,0,clear,B,3,120,Low
1,0,clear,C,7,130,Low
1,1,clear,A,16,150,Low
1,1,clear,B,3,120,Low
1,1,clear,C,7,130,Low
1,2,clear,A,15,150,Low
1,2,clear,B,4,120,Low
1,2,clear,C,7,130,Low
1,3,clear,A,17,150,Low
1,3,clear,B,5,120,Low
1,3,clear,C,9,130,Low
1,4,clear,A,14,150,Low
1,4,clear,B,5,120,Low
1,4,clear,C,10,130,Low
1,5,clear,A,17,150,Low
1,5,clear,B,3,120,Low
1,5,clear,C,8,130,Low
1,6,clear,A,54,150,Moderate
1,6,clear,B,18,120,Low
1,6,clear,C,40,130,Low
1,7,clear,A,57,150,Moderate
1,7,clear,B,25,120,Low
1,7,clear,C,40,130,Low
1,8,clear,A,119,150,High
1,8,clear,B,29,120,Low
1,8,clear,C,55,130,Moderate
1,9,clear,A,88,150,Moderate
1,9,clear,B,43,120,Moderate
1,9,clear,C,53,130,Moderate
1,10,clear,A,85,150,Moderate
1,10,clear,B,29,120,Low
1,10,clear,C,89,130,High
1,11,clear,A,96,150,Moderate
1,11,clear,B,38,120,Low
1,11,clear,C,52,130,Moderate
1,12,clear,A,62,150,Moderate
1,12,clear,B,14,120,Low
1,12,clear,C,29,130,Low
1,13,clear,A,48,150,Low
1,13,clear,B,20,120,Low
1,13,clear,C,30,130,Low
1,14,clear,A,67,150,Moderate
1,14,clear,B,21,120,Low
1,14,clear,C,31,130,Low
1,15,clear,A,63,150,Moderate
1,15,clear,B,18,120,Low
1,15,clear,C,31,130,Low
1,16,clear,A,62,150,Moderate
1,16,clear,B,12,120,Low
1,16,clear,C,38,130,Low
1,17,clear,A,98,150,High
1,17,clear,B,35,120,Low
1,17,clear,C,90,130,High
1,18,clear,A,101,150,High
1,18,clear,B,45,120,Moderate
1,18,clear,C,72,130,Moderate
1,19,clear,A,116,150,High
1,19,clear,B,38,120,Low
1,19,clear,C,66,130,Moderate
1,20,clear,A,135,150,High
1,20,clear,B,45,120,Moderate
1,20,clear,C,64,130,Moderate
1,21,clear,A,46,150,Low
1,21,clear,B,18,120,Low
1,21,clear,C,40,130,Low
1,22,clear,A,64,150,Moderate
1,22,clear,B,21,120,Low
1,22,clear,C,26,130,Low
1,23,clear,A,61,150,Moderate
1,23,clear,B,23,120,Low
1,23,clear,C,35,130,Low
2,0,rain,A,13,150,Low
2,0,rain,B,6,120,Low
2,0,rain,C,8,130,Low
2,1,rain,A,19,150,Low
2,1,rain,B,6,120,Low
2,1,rain,C,13,130,Low
2,2,rain,A,17,150,Low
2,2,rain,B,5,120,Low
2,2,rain,C,9,130,Low
2,3,rain,A,15,150,Low
2,3,rain,B,5,120,Low
2,3,rain,C,12,130,Low
2,4,rain,A,19,150,Low
2,4,rain,B,4,120,Low
2,4,rain,C,10,130,Low
2,5,rain,A,16,150,Low
2,5,rain,B,5,120,Low
2,5,rain,C,11,130,Low
2,6,rain,A,80,150,Moderate
2,6,rain,B,27,120,Low
2,6,rain,C,50,130,Moderate
2,7,rain,A,58,150,Moderate
2,7,rain,B,24,120,Low
2,7,rain,C,37,130,Low
2,8,rain,A,123,150,High
2,8,rain,B,45,120,Moderate
2,8,rain,C,86,130,High
2,9,rain,A,142,150,High
2,9,rain,B,47,120,Moderate
2,9,rain,C,65,130,Moderate
2,10,rain,A,94,150,Moderate
2,10,rain,B,46,120,Moderate
2,10,rain,C,92,130,High
2,11,rain,A,118,150,High
2,11,rain,B,33,120,Low
2,11,rain,C,99,130,High
2,12,rain,A,70,150,Moderate
2,12,rain,B,24,120,Low
2,12,rain,C,34,130,Low
2,13,rain,A,66,150,Moderate
2,13,rain,B,26,120,Low
2,13,rain,C,45,130,Low
2,14,rain,A,59,150,Moderate
2,14,rain,B,23,120,Low
2,14,rain,C,38,130,Low
2,15,rain,A,82,150,Moderate
2,15,rain,B,27,120,Low
2,15,rain,C,38,130,Low
2,16,rain,A,54,150,Moderate
2,16,rain,B,25,120,Low
2,16,rain,C,38,130,Low
2,17,rain,A,123,150,High
2,17,rain,B,39,120,Low
2,17,rain,C,71,130,Moderate
2,18,rain,A,135,150,High
2,18,rain,B,46,120,Moderate
2,18,rain,C,115,130,High
2,19,rain,A,143,150,High
2,19,rain,B,39,120,Low
2,19,rain,C,64,130,Moderate
2,20,rain,A,139,150,High
2,20,rain,B,45,120,Moderate
2,20,rain,C,100,130,High
2,21,rain,A,68,150,Moderate
2,21,rain,B,16,120,Low
2,21,rain,C,35,130,Low
2,22,rain,A,59,150,Moderate
2,22,rain,B,25,120,Low
2,22,rain,C,35,130,Low
2,23,rain,A,67,150,Moderate
2,23,rain,B,19,120,Low
2,23,rain,C,42,130,Low
3,0,rain,A,20,150,Low
3,0,rain,B,6,120,Low
3,0,rain,C,9,130,Low
3,1,rain,A,20,150,Low
3,1,rain,B,5,120,Low
3,1,rain,C,11,130,Low
3,2,rain,A,14,150,Low
3,2,rain,B,6,120,Low
3,2,rain,C,9,130,Low
3,3,rain,A,17,150,Low
3,3,rain,B,6,120,Low
3,3,rain,C,9,130,Low
3,4,rain,A,15,150,Low
3,4,rain,B,6,120,Low
3,4,rain,C,9,130,Low
3,5,rain,A,12,150,Low
3,5,rain,B,6,120,Low
3,5,rain,C,10,130,Low
3,6,rain,A,64,150,Moderate
3,6,rain,B,25,120,Low
3,6,rain,C,46,130,Moderate
3,7,rain,A,64,150,Moderate
3,7,rain,B,19,120,Low
3,7,rain,C,37,130,Low
3,8,rain,A,129,150,High
3,8,rain,B,44,120,Moderate
3,8,rain,C,69,130,Moderate
3,9,rain,A,104,150,High
3,9,rain,B,47,120,Moderate
3,9,rain,C,73,130,Moderate
3,10,rain,A,132,150,High
3,10,rain,B,48,120,Moderate
3,10,rain,C,72,130,Moderate
3,11,rain,A,135,150,High
3,11,rain,B,44,120,Moderate
3,11,rain,C,78,130,Moderate
3,12,rain,A,44,150,Low
3,12,rain,B,20,120,Low
3,12,rain,C,36,130,Low
3,13,rain,A,62,150,Moderate
3,13,rain,B,24,120,Low
3,13,rain,C,42,130,Low
3,14,rain,A,68,150,Moderate
3,14,rain,B,21,120,Low
3,14,rain,C,46,130,Moderate
3,15,rain,A,83,150,Moderate
3,15,rain,B,22,120,Low
3,15,rain,C,37,130,Low
3,16,rain,A,59,150,Moderate
3,16,rain,B,24,120,Low
3,16,rain,C,38,130,Low
3,17,rain,A,97,150,Moderate
3,17,rain,B,37,120,Low
3,17,rain,C,96,130,High
3,18,rain,A,157,150,High
3,18,rain,B,59,120,Moderate
3,18,rain,C,86,130,High
3,19,rain,A,112,150,High
3,19,rain,B,44,120,Moderate
3,19,rain,C,65,130,Moderate
3,20,rain,A,101,150,High
3,20,rain,B,49,120,Moderate
3,20,rain,C,90,130,High
3,21,rain,A,85,150,Moderate
3,21,rain,B,23,120,Low
3,21,rain,C,33,130,Low
3,22,rain,A,64,150,Moderate
3,22,rain,B,22,120,Low
3,22,rain,C,38,130,Low
3,23,rain,A,69,150,Moderate
3,23,rain,B,19,120,Low
3,23,rain,C,42,130,Low
4,0,clear,A,14,150,Low
4,0,clear,B,5,120,Low
4,0,clear,C,10,130,Low
4,1,clear,A,14,150,Low
4,1,clear,B,5,120,Low
4,1,clear,C,8,130,Low
4,2,clear,A,13,150,Low
4,2,clear,B,6,120,Low
4,2,clear,C,6,130,Low
4,3,clear,A,12,150,Low
4,3,clear,B,5,120,Low
4,3,clear,C,8,130,Low
4,4,clear,A,13,150,Low
4,4,clear,B,4,120,Low
4,4,clear,C,8,130,Low
4,5,clear,A,15,150,Low
4,5,clear,B,5,120,Low
4,5,clear,C,8,130,Low
4,6,clear,A,64,150,Moderate
4,6,clear,B,21,120,Low
4,6,clear,C,39,130,Low
4,7,clear,A,46,150,Low
4,7,clear,B,25,120,Low
4,7,clear,C,36,130,Low
4,8,clear,A,58,150,Moderate
4,8,clear,B,44,120,Moderate
4,8,clear,C,63,130,Moderate
4,9,clear,A,93,150,Moderate
4,9,clear,B,32,120,Low
4,9,clear,C,67,130,Moderate
4,10,clear,A,85,150,Moderate
4,10,clear,B,32,120,Low
4,10,clear,C,57,130,Moderate
4,11,clear,A,94,150,Moderate
4,11,clear,B,33,120,Low
4,11,clear,C,71,130,Moderate
4,12,clear,A,57,150,Moderate
4,12,clear,B,21,120,Low
4,12,clear,C,38,130,Low
4,13,clear,A,54,150,Moderate
4,13,clear,B,16,120,Low
4,13,clear,C,44,130,Low
4,14,clear,A,62,150,Moderate
4,14,clear,B,24,120,Low
4,14,clear,C,40,130,Low
4,15,clear,A,51,150,Low
4,15,clear,B,12,120,Low
4,15,clear,C,28,130,Low
4,16,clear,A,60,150,Moderate
4,16,clear,B,19,120,Low
4,16,clear,C,32,130,Low
4,17,clear,A,68,150,Moderate
4,17,clear,B,39,120,Low
4,17,clear,C,58,130,Moderate
4,18,clear,A,98,150,High
4,18,clear,B,45,120,Moderate
4,18,clear,C,59,130,Moderate
4,19,clear,A,94,150,Moderate
4,19,clear,B,41,120,Low
4,19,clear,C,79,130,Moderate
4,20,clear,A,103,150,High
4,20,clear,B,48,120,Moderate
4,20,clear,C,56,130,Moderate
4,21,clear,A,43,150,Low
4,21,clear,B,15,120,Low
4,21,clear,C,26,130,Low
4,22,clear,A,57,150,Moderate
4,22,clear,B,17,120,Low
4,22,clear,C,27,130,Low
4,23,clear,A,58,150,Moderate
4,23,clear,B,22,120,Low
4,23,clear,C,40,130,Low
5,0,rain,A,9,150,Low
5,0,rain,B,4,120,Low
5,0,rain,C,7,130,Low
5,1,rain,A,10,150,Low
5,1,rain,B,4,120,Low
5,1,rain,C,5,130,Low
5,2,rain,A,10,150,Low
5,2,rain,B,4,120,Low
5,2,rain,C,9,130,Low
5,3,rain,A,13,150,Low
5,3,rain,B,4,120,Low
5,3,rain,C,7,130,Low
5,4,rain,A,11,150,Low
5,4,rain,B,3,120,Low
5,4,rain,C,6,130,Low
5,5,rain,A,10,150,Low
5,5,rain,B,4,120,Low
5,5,rain,C,8,130,Low
5,6,rain,A,51,150,Low
5,6,rain,B,19,120,Low
5,6,rain,C,29,130,Low
5,7,rain,A,39,150,Low
5,7,rain,B,16,120,Low
5,7,rain,C,26,130,Low
5,8,rain,A,91,150,Moderate
5,8,rain,B,28,120,Low
5,8,rain,C,52,130,Moderate
5,9,rain,A,91,150,Moderate
5,9,rain,B,26,120,Low
5,9,rain,C,60,130,Moderate
5,10,rain,A,66,150,Moderate
5,10,rain,B,31,120,Low
5,10,rain,C,52,130,Moderate
5,11,rain,A,93,150,Moderate
5,11,rain,B,24,120,Low
5,11,rain,C,40,130,Low
5,12,rain,A,51,150,Low
5,12,rain,B,15,120,Low
5,12,rain,C,28,130,Low
5,13,rain,A,41,150,Low
5,13,rain,B,19,120,Low
5,13,rain,C,30,130,Low
5,14,rain,A,47,150,Low
5,14,rain,B,13,120,Low
5,14,rain,C,31,130,Low
5,15,rain,A,39,150,Low
5,15,rain,B,15,120,Low
5,15,rain,C,23,130,Low
5,16,rain,A,45,150,Low
5,16,rain,B,19,120,Low
5,16,rain,C,30,130,Low
5,17,rain,A,86,150,Moderate
5,17,rain,B,34,120,Low
5,17,rain,C,59,130,Moderate
5,18,rain,A,93,150,Moderate
5,18,rain,B,34,120,Low
5,18,rain,C,49,130,Moderate
5,19,rain,A,93,150,Moderate
5,19,rain,B,24,120,Low
5,19,rain,C,63,130,Moderate
5,20,rain,A,77,150,Moderate
5,20,rain,B,39,120,Low
5,20,rain,C,37,130,Low
5,21,rain,A,57,150,Moderate
5,21,rain,B,12,120,Low
5,21,rain,C,24,130,Low
5,22,rain,A,48,150,Low
5,22,rain,B,18,120,Low
5,22,rain,C,28,130,Low
5,23,rain,A,52,150,Low
5,23,rain,B,14,120,Low
5,23,rain,C,27,130,Low
6,0,clear,A,8,150,Low
6,0,clear,B,2,120,Low
6,0,clear,C,6,130,Low
6,1,clear,A,9,150,Low
6,1,clear,B,4,120,Low
6,1,clear,C,4,130,Low
6,2,clear,A,8,150,Low
6,2,clear,B,4,120,Low
6,2,clear,C,6,130,Low
6,3,clear,A,10,150,Low
6,3,clear,B,3,120,Low
6,3,clear,C,6,130,Low
6,4,clear,A,12,150,Low
6,4,clear,B,3,120,Low
6,4,clear,C,5,130,Low
6,5,clear,A,10,150,Low
6,5,clear,B,3,120,Low
6,5,clear,C,6,130,Low
6,6,clear,A,40,150,Low
6,6,clear,B,12,120,Low
6,6,clear,C,22,130,Low
6,7,clear,A,41,150,Low
6,7,clear,B,12,120,Low
6,7,clear,C,28,130,Low
6,8,clear,A,59,150,Moderate
6,8,clear,B,21,120,Low
6,8,clear,C,56,130,Moderate
6,9,clear,A,53,150,Moderate
6,9,clear,B,25,120,Low
6,9,clear,C,56,130,Moderate
6,10,clear,A,69,150,Moderate
6,10,clear,B,30,120,Low
6,10,clear,C,48,130,Moderate
6,11,clear,A,69,150,Moderate
6,11,clear,B,24,120,Low
6,11,clear,C,30,130,Low
6,12,clear,A,36,150,Low
6,12,clear,B,14,120,Low
6,12,clear,C,25,130,Low
6,13,clear,A,52,150,Low
6,13,clear,B,14,120,Low
6,13,clear,C,26,130,Low
6,14,clear,A,45,150,Low
6,14,clear,B,15,120,Low
6,14,clear,C,24,130,Low
6,15,clear,A,38,150,Low
6,15,clear,B,13,120,Low
6,15,clear,C,26,130,Low
6,16,clear,A,37,150,Low
6,16,clear,B,15,120,Low
6,16,clear,C,20,130,Low
6,17,clear,A,78,150,Moderate
6,17,clear,B,34,120,Low
6,17,clear,C,47,130,Moderate
6,18,clear,A,98,150,High
6,18,clear,B,28,120,Low
6,18,clear,C,48,130,Moderate
6,19,clear,A,78,150,Moderate
6,19,clear,B,26,120,Low
6,19,clear,C,34,130,Low
6,20,clear,A,87,150,Moderate
6,20,clear,B,37,120,Low
6,20,clear,C,52,130,Moderate
6,21,clear,A,41,150,Low
6,21,clear,B,13,120,Low
6,21,clear,C,28,130,Low
6,22,clear,A,38,150,Low
6,22,clear,B,14,120,Low
6,22,clear,C,18,130,Low
6,23,clear,A,35,150,Low
6,23,clear,B,14,120,Low
6,23,clear,C,27,130,Low
0,0,clear,A,10,150,Low
0,0,clear,B,3,120,Low
0,0,clear,C,9,130,Low
0,1,clear,A,12,150,Low
0,1,clear,B,5,120,Low
0,1,clear,C,6,130,Low
0,2,clear,A,13,150,Low
0,2,clear,B,4,120,Low
0,2,clear,C,9,130,Low
0,3,clear,A,11,150,Low
0,3,clear,B,3,120,Low
0,3,clear,C,8,130,Low
0,4,clear,A,14,150,Low
0,4,clear,B,5,120,Low
0,4,clear,C,8,130,Low
0,5,clear,A,15,150,Low
0,5,clear,B,5,120,Low
0,5,clear,C,10,130,Low
0,6,clear,A,54,150,Moderate
0,6,clear,B,14,120,Low
0,6,clear,C,34,130,Low
0,7,clear,A,55,150,Moderate
0,7,clear,B,21,120,Low
0,7,clear,C,26,130,Low
0,8,clear,A,94,150,Moderate
0,8,clear,B,40,120,Low
0,8,clear,C,62,130,Moderate
0,9,clear,A,94,150,Moderate
0,9,clear,B,46,120,Moderate
0,9,clear,C,52,130,Moderate
0,10,clear,A,117,150,High
0,10,clear,B,41,120,Low
0,10,clear,C,60,130,Moderate
0,11,clear,A,98,150,High
0,11,clear,B,35,120,Low
0,11,clear,C,64,130,Moderate
0,12,clear,A,50,150,Low
0,12,clear,B,18,120,Low
0,12,clear,C,33,130,Low
0,13,clear,A,52,150,Low
0,13,clear,B,19,120,Low
0,13,clear,C,23,130,Low
0,14,clear,A,55,150,Moderate
0,14,clear,B,18,120,Low
0,14,clear,C,25,130,Low
0,15,clear,A,52,150,Low
0,15,clear,B,18,120,Low
0,15,clear,C,41,130,Low
0,16,clear,A,50,150,Low
0,16,clear,B,22,120,Low
0,16,clear,C,42,130,Low
0,17,clear,A,99,150,High
0,17,clear,B,39,120,Low
0,17,clear,C,88,130,High
0,18,clear,A,113,150,High
0,18,clear,B,42,120,Moderate
0,18,clear,C,65,130,Moderate
0,19,clear,A,121,150,High
0,19,clear,B,39,120,Low
0,19,clear,C,50,130,Moderate
0,20,clear,A,104,150,High
0,20,clear,B,32,120,Low
0,20,clear,C,71,130,Moderate
0,21,clear,A,47,150,Low
0,21,clear,B,21,120,Low
0,21,clear,C,35,130,Low
0,22,clear,A,44,150,Low
0,22,clear,B,18,120,Low
0,22,clear,C,38,130,Low
0,23,clear,A,64,150,Moderate
0,23,clear,B,17,120,Low
0,23,clear,C,29,130,Low
1,0,clear,A,13,150,Low
1,0,clear,B,5,120,Low
1,0,clear,C,7,130,Low
1,1,clear,A,14,150,Low
1,1,clear,B,6,120,Low
1,1,clear,C,9,130,Low
1,2,clear,A,15,150,Low
1,2,clear,B,5,120,Low
1,2,clear,C,7,130,Low
1,3,clear,A,12,150,Low
1,3,clear,B,4,120,Low
1,3,clear,C,9,130,Low
1,4,clear,A,16,150,Low
1,4,clear,B,5,120,Low
1,4,clear,C,8,130,Low
1,5,clear,A,12,150,Low
1,5,clear,B,5,120,Low
1,5,clear,C,7,130,Low
1,6,clear,A,45,150,Low
1,6,clear,B,22,120,Low
1,6,clear,C,33,130,Low
1,7,clear,A,52,150,Low
1,7,clear,B,19,120,Low
1,7,clear,C,38,130,Low
1,8,clear,A,101,150,High
1,8,clear,B,31,120,Low
1,8,clear,C,56,130,Moderate
1,9,clear,A,96,150,Moderate
1,9,clear,B,37,120,Low
1,9,clear,C,62,130,Moderate
1,10,clear,A,97,150,Moderate
1,10,clear,B,36,120,Low
1,10,clear,C,62,130,Moderate
1,11,clear,A,87,150,Moderate
1,11,clear,B,41,120,Low
1,11,clear,C,58,130,Moderate
1,12,clear,A,56,150,Moderate
1,12,clear,B,13,120,Low
1,12,clear,C,33,130,Low
1,13,clear,A,45,150,Low
1,13,clear,B,17,120,Low
1,13,clear,C,47,130,Moderate
1,14,clear,A,57,150,Moderate
1,14,clear,B,23,120,Low
1,14,clear,C,39,130,Low
1,15,clear,A,63,150,Moderate
1,15,clear,B,19,120,Low
1,15,clear,C,43,130,Low
1,16,clear,A,61,150,Moderate
1,16,clear,B,20,120,Low
1,16,clear,C,36,130,Low
1,17,clear,A,107,150,High
1,17,clear,B,40,120,Low
1,17,clear,C,69,130,Moderate
1,18,clear,A,116,150,High
1,18,clear,B,50,120,Moderate
1,18,clear,C,57,130,Moderate
1,19,clear,A,128,150,High
1,19,clear,B,37,120,Low
1,19,clear,C,83,130,Moderate
1,20,clear,A,104,150,High
1,20,clear,B,42,120,Moderate
1,20,clear,C,68,130,Moderate
1,21,clear,A,40,150,Low
1,21,clear,B,25,120,Low
1,21,clear,C,30,130,Low
1,22,clear,A,55,150,Moderate
1,22,clear,B,16,120,Low
1,22,clear,C,27,130,Low
1,23,clear,A,53,150,Moderate
1,23,clear,B,18,120,Low
1,23,clear,C,28,130,Low
2,0,clear,A,10,150,Low
2,0,clear,B,5,120,Low
2,0,clear,C,8,130,Low
2,1,clear,A,8,150,Low
2,1,clear,B,4,120,Low
2,1,clear,C,9,130,Low
2,2,clear,A,11,150,Low
2,2,clear,B,5,120,Low
2,2,clear,C,9,130,Low
2,3,clear,A,11,150,Low
2,3,clear,B,4,120,Low
2,3,clear,C,9,130,Low
2,4,clear,A,11,150,Low
2,4,clear,B,4,120,Low
2,4,clear,C,10,130,Low
2,5,clear,A,11,150,Low
2,5,clear,B,5,120,Low
2,5,clear,C,7,130,Low
2,6,clear,A,53,150,Moderate
2,6,clear,B,21,120,Low
2,6,clear,C,22,130,Low
2,7,clear,A,50,150,Low
2,7,clear,B,21,120,Low
2,7,clear,C,36,130,Low
2,8,clear,A,91,150,Moderate
2,8,clear,B,30,120,Low
2,8,clear,C,68,130,Moderate
2,9,clear,A,94,150,Moderate
2,9,clear,B,38,120,Low
2,9,clear,C,66,130,Moderate
2,10,clear,A,92,150,Moderate
2,10,clear,B,41,120,Low
2,10,clear,C,57,130,Moderate
2,11,clear,A,116,150,High
2,11,clear,B,43,120,Moderate
2,11,clear,C,72,130,Moderate
2,12,clear,A,53,150,Moderate
2,12,clear,B,27,120,Low
2,12,clear,C,35,130,Low
2,13,clear,A,56,150,Moderate
2,13,clear,B,19,120,Low
2,13,clear,C,29,130,Low
2,14,clear,A,65,150,Moderate
2,14,clear,B,18,120,Low
2,14,clear,C,39,130,Low
2,15,clear,A,64,150,Moderate
2,15,clear,B,21,120,Low
2,15,clear,C,31,130,Low
2,16,clear,A,52,150,Low
2,16,clear,B,11,120,Low
2,16,clear,C,34,130,Low
2,17,clear,A,123,150,High
2,17,clear,B,38,120,Low
2,17,clear,C,63,130,Moderate
2,18,clear,A,105,150,High
2,18,clear,B,47,120,Moderate
2,18,clear,C,69,130,Moderate
2,19,clear,A,140,150,High
2,19,clear,B,36,120,Low
2,19,clear,C,72,130,Moderate
2,20,clear,A,102,150,High
2,20,clear,B,52,120,Moderate
2,20,clear,C,71,130,Moderate
2,21,clear,A,72,150,Moderate
2,21,clear,B,18,120,Low
2,21,clear,C,43,130,Low
2,22,clear,A,55,150,Moderate
2,22,clear,B,22,120,Low
2,22,clear,C,28,130,Low
2,23,clear,A,57,150,Moderate
2,23,clear,B,16,120,Low
2,23,clear,C,36,130,Low
3,0,clear,A,13,150,Low
3,0,clear,B,5,120,Low
3,0,clear,C,9,130,Low
3,1,clear,A,11,150,Low
3,1,clear,B,3,120,Low
3,1,clear,C,9,130,Low
3,2,clear,A,17,150,Low
3,2,clear,B,4,120,Low
3,2,clear,C,11,130,Low
3,3,clear,A,13,150,Low
3,3,clear,B,3,120,Low
3,3,clear,C,6,130,Low
3,4,clear,A,15,150,Low
3,4,clear,B,5,120,Low
3,4,clear,C,10,130,Low
3,5,clear,A,11,150,Low
3,5,clear,B,5,120,Low
3,5,clear,C,8,130,Low
3,6,clear,A,53,150,Moderate
3,6,clear,B,18,120,Low
3,6,clear,C,33,130,Low
3,7,clear,A,56,150,Moderate
3,7,clear,B,20,120,Low
3,7,clear,C,36,130,Low
3,8,clear,A,116,150,High
3,8,clear,B,29,120,Low
3,8,clear,C,45,130,Low
3,9,clear,A,114,150,High
3,9,clear,B,30,120,Low
3,9,clear,C,59,130,Moderate
3,10,clear,A,89,150,Moderate
3,10,clear,B,32,120,Low
3,10,clear,C,49,130,Moderate
3,11,clear,A,90,150,Moderate
3,11,clear,B,39,120,Low
3,11,clear,C,62,130,Moderate
3,12,clear,A,59,150,Moderate
3,12,clear,B,18,120,Low
3,12,clear,C,39,130,Low
3,13,clear,A,50,150,Low
3,13,clear,B,13,120,Low
3,13,clear,C,36,130,Low
3,14,clear,A,61,150,Moderate
3,14,clear,B,18,120,Low
3,14,clear,C,41,130,Low
3,15,clear,A,47,150,Low
3,15,clear,B,22,120,Low
3,15,clear,C,44,130,Low
3,16,clear,A,55,150,Moderate
3,16,clear,B,19,120,Low
3,16,clear,C,34,130,Low
3,17,clear,A,136,150,High
3,17,clear,B,42,120,Moderate
3,17,clear,C,92,130,High
3,18,clear,A,114,150,High
3,18,clear,B,36,120,Low
3,18,clear,C,63,130,Moderate
3,19,clear,A,111,150,High
3,19,clear,B,27,120,Low
3,19,clear,C,65,130,Moderate
3,20,clear,A,102,150,High
3,20,clear,B,41,120,Low
3,20,clear,C,90,130,High
3,21,clear,A,55,150,Moderate
3,21,clear,B,14,120,Low
3,21,clear,C,30,130,Low
3,22,clear,A,57,150,Moderate
3,22,clear,B,20,120,Low
3,22,clear,C,43,130,Low
3,23,clear,A,62,150,Moderate
3,23,clear,B,22,120,Low
3,23,clear,C,33,130,Low
4,0,fog,A,13,150,Low
4,0,fog,B,6,120,Low
4,0,fog,C,9,130,Low
4,1,fog,A,11,150,Low
4,1,fog,B,5,120,Low
4,1,fog,C,11,130,Low
4,2,fog,A,14,150,Low
4,2,fog,B,6,120,Low
4,2,fog,C,7,130,Low
4,3,fog,A,12,150,Low
4,3,fog,B,5,120,Low
4,3,fog,C,9,130,Low
4,4,fog,A,13,150,Low
4,4,fog,B,5,120,Low
4,4,fog,C,8,130,Low
4,5,fog,A,14,150,Low
4,5,fog,B,5,120,Low
4,5,fog,C,8,130,Low
4,6,fog,A,59,150,Moderate
4,6,fog,B,19,120,Low
4,6,fog,C,31,130,Low
4,7,fog,A,67,150,Moderate
4,7,fog,B,27,120,Low
4,7,fog,C,44,130,Low
4,8,fog,A,114,150,High
4,8,fog,B,35,120,Low
4,8,fog,C,66,130,Moderate
4,9,fog,A,126,150,High
4,9,fog,B,26,120,Low
4,9,fog,C,65,130,Moderate
4,10,fog,A,120,150,High
4,10,fog,B,32,120,Low
4,10,fog,C,73,130,Moderate
4,11,fog,A,115,150,High
4,11,fog,B,30,120,Low
4,11,fog,C,70,130,Moderate
4,12,fog,A,54,150,Moderate
4,12,fog,B,23,120,Low
4,12,fog,C,42,130,Low
4,13,fog,A,64,150,Moderate
4,13,fog,B,22,120,Low
4,13,fog,C,40,130,Low
4,14,fog,A,49,150,Low
4,14,fog,B,21,120,Low
4,14,fog,C,33,130,Low
4,15,fog,A,69,150,Moderate
4,15,fog,B,24,120,Low
4,15,fog,C,42,130,Low
4,16,fog,A,76,150,Moderate
4,16,fog,B,20,120,Low
4,16,fog,C,35,130,Low
4,17,fog,A,114,150,High
4,17,fog,B,33,120,Low
4,17,fog,C,59,130,Moderate
4,18,fog,A,132,150,High
4,18,fog,B,34,120,Low
4,18,fog,C,64,130,Moderate
4,19,fog,A,119,150,High
4,19,fog,B,41,120,Low
4,19,fog,C,87,130,High
4,20,fog,A,122,150,High
4,20,fog,B,38,120,Low
4,20,fog,C,88,130,High
4,21,fog,A,67,150,Moderate
4,21,fog,B,17,120,Low
4,21,fog,C,39,130,Low
4,22,fog,A,54,150,Moderate
4,22,fog,B,19,120,Low
4,22,fog,C,49,130,Moderate
4,23,fog,A,61,150,Moderate
4,23,fog,B,21,120,Low
4,23,fog,C,38,130,Low
5,0,fog,A,9,150,Low
5,0,fog,B,3,120,Low
5,0,fog,C,7,130,Low
5,1,fog,A,8,150,Low
5,1,fog,B,4,120,Low
5,1,fog,C,5,130,Low
5,2,fog,A,10,150,Low
5,2,fog,B,2,120,Low
5,2,fog,C,5,130,Low
5,3,fog,A,12,150,Low
5,3,fog,B,4,120,Low
5,3,fog,C,7,130,Low
5,4,fog,A,8,150,Low
5,4,fog,B,3,120,Low
5,4,fog,C,7,130,Low
5,5,fog,A,11,150,Low
5,5,fog,B,3,120,Low
5,5,fog,C,6,130,Low
5,6,fog,A,35,150,Low
5,6,fog,B,19,120,Low
5,6,fog,C,25,130,Low
5,7,fog,A,42,150,Low
5,7,fog,B,15,120,Low
5,7,fog,C,31,130,Low
5,8,fog,A,65,150,Moderate
5,8,fog,B,32,120,Low
5,8,fog,C,39,130,Low
5,9,fog,A,89,150,Moderate
5,9,fog,B,20,120,Low
5,9,fog,C,47,130,Moderate
5,10,fog,A,94,150,Moderate
5,10,fog,B,30,120,Low
5,10,fog,C,51,130,Moderate
5,11,fog,A,64,150,Moderate
5,11,fog,B,24,120,Low
5,11,fog,C,58,130,Moderate
5,12,fog,A,45,150,Low
5,12,fog,B,17,120,Low
5,12,fog,C,27,130,Low
5,13,fog,A,40,150,Low
5,13,fog,B,17,120,Low
5,13,fog,C,27,130,Low
5,14,fog,A,41,150,Low
5,14,fog,B,12,120,Low
5,14,fog,C,30,130,Low
5,15,fog,A,45,150,Low
5,15,fog,B,13,120,Low
5,15,fog,C,31,130,Low
5,16,fog,A,43,150,Low
5,16,fog,B,16,120,Low
5,16,fog,C,30,130,Low
5,17,fog,A,93,150,Moderate
5,17,fog,B,32,120,Low
5,17,fog,C,52,130,Moderate
5,18,fog,A,109,150,High
5,18,fog,B,27,120,Low
5,18,fog,C,59,130,Moderate
5,19,fog,A,83,150,Moderate
5,19,fog,B,32,120,Low
5,19,fog,C,63,130,Moderate
5,20,fog,A,80,150,Moderate
5,20,fog,B,33,120,Low
5,20,fog,C,56,130,Moderate
5,21,fog,A,38,150,Low
5,21,fog,B,18,120,Low
5,21,fog,C,29,130,Low
5,22,fog,A,39,150,Low
5,22,fog,B,17,120,Low
5,22,fog,C,23,130,Low
5,23,fog,A,42,150,Low
5,23,fog,B,14,120,Low
5,23,fog,C,29,130,Low
6,0,clear,A,10,150,Low
6,0,clear,B,3,120,Low
6,0,clear,C,5,130,Low
6,1,clear,A,12,150,Low
6,1,clear,B,3,120,Low
6,1,clear,C,4,130,Low
6,2,clear,A,10,150,Low
6,2,clear,B,2,120,Low
6,2,clear,C,7,130,Low
6,3,clear,A,9,150,Low
6,3,clear,B,2,120,Low
6,3,clear,C,5,130,Low
6,4,clear,A,7,150,Low
6,4,clear,B,3,120,Low
6,4,clear,C,4,130,Low
6,5,clear,A,10,150,Low
6,5,clear,B,3,120,Low
6,5,clear,C,5,130,Low
6,6,clear,A,41,150,Low
6,6,clear,B,15,120,Low
6,6,clear,C,28,130,Low
6,7,clear,A,34,150,Low
6,7,clear,B,13,120,Low
6,7,clear,C,22,130,Low
6,8,clear,A,70,150,Moderate
6,8,clear,B,22,120,Low
6,8,clear,C,41,130,Low
6,9,clear,A,64,150,Moderate
6,9,clear,B,26,120,Low
6,9,clear,C,44,130,Low
6,10,clear,A,74,150,Moderate
6,10,clear,B,24,120,Low
6,10,clear,C,40,130,Low
6,11,clear,A,71,150,Moderate
6,11,clear,B,21,120,Low
6,11,clear,C,47,130,Moderate
6,12,clear,A,36,150,Low
6,12,clear,B,14,120,Low
6,12,clear,C,25,130,Low
6,13,clear,A,47,150,Low
6,13,clear,B,14,120,Low
6,13,clear,C,24,130,Low
6,14,clear,A,34,150,Low
6,14,clear,B,15,120,Low
6,14,clear,C,23,130,Low
6,15,clear,A,29,150,Low
6,15,clear,B,13,120,Low
6,15,clear,C,25,130,Low
6,16,clear,A,33,150,Low
6,16,clear,B,13,120,Low
6,16,clear,C,24,130,Low
6,17,clear,A,76,150,Moderate
6,17,clear,B,33,120,Low
6,17,clear,C,39,130,Low
6,18,clear,A,100,150,High
6,18,clear,B,27,120,Low
6,18,clear,C,53,130,Moderate
6,19,clear,A,78,150,Moderate
6,19,clear,B,20,120,Low
6,19,clear,C,41,130,Low
6,20,clear,A,70,150,Moderate
6,20,clear,B,32,120,Low
6,20,clear,C,38,130,Low
6,21,clear,A,33,150,Low
6,21,clear,B,14,120,Low
6,21,clear,C,26,130,Low
6,22,clear,A,41,150,Low
6,22,clear,B,11,120,Low
6,22,clear,C,18,130,Low
6,23,clear,A,41,150,Low
6,23,clear,B,17,120,Low
6,23,clear,C,23,130,Low
0,0,clear,A,12,150,Low
0,0,clear,B,5,120,Low
0,0,clear,C,8,130,Low
0,1,clear,A,16,150,Low
0,1,clear,B,5,120,Low
0,1,clear,C,8,130,Low
0,2,clear,A,9,150,Low
0,2,clear,B,4,120,Low
0,2,clear,C,8,130,Low
0,3,clear,A,12,150,Low
0,3,clear,B,5,120,Low
0,3,clear,C,9,130,Low
0,4,clear,A,10,150,Low
0,4,clear,B,5,120,Low
0,4,clear,C,8,130,Low
0,5,clear,A,14,150,Low
0,5,clear,B,5,120,Low
0,5,clear,C,7,130,Low
0,6,clear,A,65,150,Moderate
0,6,clear,B,19,120,Low
0,6,clear,C,42,130,Low
0,7,clear,A,47,150,Low
0,7,clear,B,24,120,Low
0,7,clear,C,30,130,Low
0,8,clear,A,136,150,High
0,8,clear,B,30,120,Low
0,8,clear,C,72,130,Moderate
0,9,clear,A,93,150,Moderate
0,9,clear,B,39,120,Low
0,9,clear,C,62,130,Moderate
0,10,clear,A,82,150,Moderate
0,10,clear,B,20,120,Low
0,10,clear,C,86,130,High
0,11,clear,A,100,150,High
0,11,clear,B,20,120,Low
0,11,clear,C,65,130,Moderate
0,12,clear,A,60,150,Moderate
0,12,clear,B,17,120,Low
0,12,clear,C,31,130,Low
0,13,clear,A,54,150,Moderate
0,13,clear,B,23,120,Low
0,13,clear,C,35,130,Low
0,14,clear,A,67,150,Moderate
0,14,clear,B,23,120,Low
0,14,clear,C,33,130,Low
0,15,clear,A,42,150,Low
0,15,clear,B,19,120,Low
0,15,clear,C,37,130,Low
0,16,clear,A,55,150,Moderate
0,16,clear,B,21,120,Low
0,16,clear,C,39,130,Low
0,17,clear,A,118,150,High
0,17,clear,B,38,120,Low
0,17,clear,C,75,130,Moderate
0,18,clear,A,146,150,High
0,18,clear,B,31,120,Low
0,18,clear,C,75,130,Moderate
0,19,clear,A,140,150,High
0,19,clear,B,32,120,Low
0,19,clear,C,80,130,Moderate
0,20,clear,A,128,150,High
0,20,clear,B,31,120,Low
0,20,clear,C,77,130,Moderate
0,21,clear,A,52,150,Low
0,21,clear,B,19,120,Low
0,21,clear,C,33,130,Low
0,22,clear,A,65,150,Moderate
0,22,clear,B,19,120,Low
0,22,clear,C,32,130,Low
0,23,clear,A,51,150,Low
0,23,clear,B,18,120,Low
0,23,clear,C,29,130,Low
1,0,clear,A,13,150,Low
1,0,clear,B,5,120,Low
1,0,clear,C,10,130,Low
1,1,clear,A,14,150,Low
1,1,clear,B,4,120,Low
1,1,clear,C,7,130,Low
1,2,clear,A,14,150,Low
1,2,clear,B,4,120,Low
1,2,clear,C,8,130,Low
1,3,clear,A,14,150,Low
1,3,clear,B,5,120,Low
1,3,clear,C,9,130,Low
1,4,clear,A,13,150,Low
1,4,clear,B,4,120,Low
1,4,clear,C,7,130,Low
1,5,clear,A,15,150,Low
1,5,clear,B,4,120,Low
1,5,clear,C,6,130,Low
1,6,clear,A,64,150,Moderate
1,6,clear,B,17,120,Low
1,6,clear,C,35,130,Low
1,7,clear,A,59,150,Moderate
1,7,clear,B,20,120,Low
1,7,clear,C,21,130,Low
1,8,clear,A,104,150,High
1,8,clear,B,43,120,Moderate
1,8,clear,C,70,130,Moderate
1,9,clear,A,67,150,Moderate
1,9,clear,B,47,120,Moderate
1,9,clear,C,50,130,Moderate
1,10,clear,A,82,150,Moderate
1,10,clear,B,40,120,Low
1,10,clear,C,67,130,Moderate
1,11,clear,A,100,150,High
1,11,clear,B,32,120,Low
1,11,clear,C,75,130,Moderate
1,12,clear,A,54,150,Moderate
1,12,clear,B,15,120,Low
1,12,clear,C,41,130,Low
1,13,clear,A,56,150,Moderate
1,13,clear,B,23,120,Low
1,13,clear,C,38,130,Low
1,14,clear,A,74,150,Moderate
1,14,clear,B,19,120,Low
1,14,clear,C,35,130,Low
1,15,clear,A,60,150,Moderate
1,15,clear,B,19,120,Low
1,15,clear,C,39,130,Low
1,16,clear,A,30,150,Low
1,16,clear,B,19,120,Low
1,16,clear,C,34,130,Low
1,17,clear,A,107,150,High
1,17,clear,B,34,120,Low
1,17,clear,C,79,130,Moderate
1,18,clear,A,101,150,High
1,18,clear,B,41,120,Low
1,18,clear,C,69,130,Moderate
1,19,clear,A,118,150,High
1,19,clear,B,48,120,Moderate
1,19,clear,C,72,130,Moderate
1,20,clear,A,123,150,High
1,20,clear,B,40,120,Low
1,20,clear,C,64,130,Moderate
1,21,clear,A,53,150,Moderate
1,21,clear,B,19,120,Low
1,21,clear,C,37,130,Low
1,22,clear,A,55,150,Moderate
1,22,clear,B,17,120,Low
1,22,clear,C,33,130,Low
1,23,clear,A,42,150,Low
1,23,clear,B,19,120,Low
1,23,clear,C,35,130,Low
2,0,clear,A,16,150,Low
2,0,clear,B,4,120,Low
2,0,clear,C,9,130,Low
2,1,clear,A,14,150,Low
2,1,clear,B,4,120,Low
2,1,clear,C,8,130,Low
2,2,clear,A,13,150,Low
2,2,clear,B,6,120,Low
2,2,clear,C,8,130,Low
2,3,clear,A,14,150,Low
2,3,clear,B,3,120,Low
2,3,clear,C,9,130,Low
2,4,clear,A,16,150,Low
2,4,clear,B,4,120,Low
2,4,clear,C,8,130,Low
2,5,clear,A,14,150,Low
2,5,clear,B,5,120,Low
2,5,clear,C,9,130,Low
2,6,clear,A,52,150,Low
2,6,clear,B,25,120,Low
2,6,clear,C,31,130,Low
2,7,clear,A,77,150,Moderate
2,7,clear,B,23,120,Low
2,7,clear,C,39,130,Low
2,8,clear,A,83,150,Moderate
2,8,clear,B,40,120,Low
2,8,clear,C,68,130,Moderate
2,9,clear,A,67,150,Moderate
2,9,clear,B,28,120,Low
2,9,clear,C,66,130,Moderate
2,10,clear,A,97,150,Moderate
2,10,clear,B,33,120,Low
2,10,clear,C,73,130,Moderate
2,11,clear,A,85,150,Moderate
2,11,clear,B,33,120,Low
2,11,clear,C,56,130,Moderate
2,12,clear,A,59,150,Moderate
2,12,clear,B,14,120,Low
2,12,clear,C,32,130,Low
2,13,clear,A,40,150,Low
2,13,clear,B,19,120,Low
2,13,clear,C,38,130,Low
2,14,clear,A,61,150,Moderate
2,14,clear,B,17,120,Low
2,14,clear,C,37,130,Low
2,15,clear,A,53,150,Moderate
2,15,clear,B,24,120,Low
2,15,clear,C,34,130,Low
2,16,clear,A,30,150,Low
2,16,clear,B,22,120,Low
2,16,clear,C,32,130,Low
2,17,clear,A,105,150,High
2,17,clear,B,42,120,Moderate
2,17,clear,C,55,130,Moderate
2,18,clear,A,111,150,High
2,18,clear,B,43,120,Moderate
2,18,clear,C,73,130,Moderate
2,19,clear,A,100,150,High
2,19,clear,B,45,120,Moderate
2,19,clear,C,59,130,Moderate
2,20,clear,A,99,150,High
2,20,clear,B,39,120,Low
2,20,clear,C,73,130,Moderate
2,21,clear,A,52,150,Low
2,21,clear,B,23,120,Low
2,21,clear,C,36,130,Low
2,22,clear,A,55,150,Moderate
2,22,clear,B,20,120,Low
2,22,clear,C,38,130,Low
2,23,clear,A,56,150,Moderate
2,23,clear,B,14,120,Low
2,23,clear,C,40,130,Low
3,0,clear,A,15,150,Low
3,0,clear,B,4,120,Low
3,0,clear,C,6,130,Low
3,1,clear,A,9,150,Low
3,1,clear,B,4,120,Low
3,1,clear,C,9,130,Low
3,2,clear,A,16,150,Low
3,2,clear,B,5,120,Low
3,2,clear,C,7,130,Low
3,3,clear,A,12,150,Low
3,3,clear,B,6,120,Low
3,3,clear,C,7,130,Low
3,4,clear,A,18,150,Low
3,4,clear,B,6,120,Low
3,4,clear,C,11,130,Low
3,5,clear,A,14,150,Low
3,5,clear,B,4,120,Low
3,5,clear,C,9,130,Low
3,6,clear,A,62,150,Moderate
3,6,clear,B,18,120,Low
3,6,clear,C,29,130,Low
3,7,clear,A,52,150,Low
3,7,clear,B,17,120,Low
3,7,clear,C,41,130,Low
3,8,clear,A,89,150,Moderate
3,8,clear,B,36,120,Low
3,8,clear,C,72,130,Moderate
3,9,clear,A,118,150,High
3,9,clear,B,37,120,Low
3,9,clear,C,66,130,Moderate
3,10,clear,A,83,150,Moderate
3,10,clear,B,41,120,Low
3,10,clear,C,74,130,Moderate
3,11,clear,A,71,150,Moderate
3,11,clear,B,45,120,Moderate
3,11,clear,C,56,130,Moderate
3,12,clear,A,59,150,Moderate
3,12,clear,B,20,120,Low
3,12,clear,C,34,130,Low
3,13,clear,A,53,150,Moderate
3,13,clear,B,17,120,Low
3,13,clear,C,37,130,Low
3,14,clear,A,52,150,Low
3,14,clear,B,16,120,Low
3,14,clear,C,29,130,Low
3,15,clear,A,44,150,Low
3,15,clear,B,18,120,Low
3,15,clear,C,37,130,Low
3,16,clear,A,49,150,Low
3,16,clear,B,22,120,Low
3,16,clear,C,34,130,Low
3,17,clear,A,105,150,High
3,17,clear,B,40,120,Low
3,17,clear,C,84,130,Moderate
3,18,clear,A,87,150,Moderate
3,18,clear,B,49,120,Moderate
3,18,clear,C,80,130,Moderate
3,19,clear,A,109,150,High
3,19,clear,B,47,120,Moderate
3,19,clear,C,66,130,Moderate
3,20,clear,A,114,150,High
3,20,clear,B,36,120,Low
3,20,clear,C,80,130,Moderate
3,21,clear,A,49,150,Low
3,21,clear,B,19,120,Low
3,21,clear,C,38,130,Low
3,22,clear,A,63,150,Moderate
3,22,clear,B,17,120,Low
3,22,clear,C,38,130,Low
3,23,clear,A,46,150,Low
3,23,clear,B,13,120,Low
3,23,clear,C,31,130,Low
4,0,clear,A,13,150,Low
4,0,clear,B,4,120,Low
4,0,clear,C,8,130,Low
4,1,clear,A,13,150,Low
4,1,clear,B,5,120,Low
4,1,clear,C,6,130,Low
4,2,clear,A,13,150,Low
4,2,clear,B,5,120,Low
4,2,clear,C,6,130,Low
4,3,clear,A,10,150,Low
4,3,clear,B,4,120,Low
4,3,clear,C,8,130,Low
4,4,clear,A,13,150,Low
4,4,clear,B,4,120,Low
4,4,clear,C,7,130,Low
4,5,clear,A,12,150,Low
4,5,clear,B,5,120,Low
4,5,clear,C,10,130,Low
4,6,clear,A,36,150,Low
4,6,clear,B,21,120,Low
4,6,clear,C,34,130,Low
4,7,clear,A,59,150,Moderate
4,7,clear,B,23,120,Low
4,7,clear,C,31,130,Low
4,8,clear,A,113,150,High
4,8,clear,B,29,120,Low
4,8,clear,C,64,130,Moderate
4,9,clear,A,95,150,Moderate
4,9,clear,B,36,120,Low
4,9,clear,C,53,130,Moderate
4,10,clear,A,105,150,High
4,10,clear,B,44,120,Moderate
4,10,clear,C,53,130,Moderate
4,11,clear,A,101,150,High
4,11,clear,B,40,120,Low
4,11,clear,C,60,130,Moderate
4,12,clear,A,66,150,Moderate
4,12,clear,B,18,120,Low
4,12,clear,C,34,130,Low
4,13,clear,A,46,150,Low
4,13,clear,B,20,120,Low
4,13,clear,C,35,130,Low
4,14,clear,A,60,150,Moderate
4,14,clear,B,18,120,Low
4,14,clear,C,31,130,Low
4,15,clear,A,58,150,Moderate
4,15,clear,B,24,120,Low
4,15,clear,C,38,130,Low
4,16,clear,A,70,150,Moderate
4,16,clear,B,21,120,Low
4,16,clear,C,37,130,Low
4,17,clear,A,121,150,High
4,17,clear,B,48,120,Moderate
4,17,clear,C,82,130,Moderate
4,18,clear,A,92,150,Moderate
4,18,clear,B,44,120,Moderate
4,18,clear,C,72,130,Moderate
4,19,clear,A,106,150,High
4,19,clear,B,29,120,Low
4,19,clear,C,53,130,Moderate
4,20,clear,A,103,150,High
4,20,clear,B,31,120,Low
4,20,clear,C,66,130,Moderate
4,21,clear,A,60,150,Moderate
4,21,clear,B,18,120,Low
4,21,clear,C,35,130,Low
4,22,clear,A,46,150,Low
4,22,clear,B,20,120,Low
4,22,clear,C,37,130,Low
4,23,clear,A,43,150,Low
4,23,clear,B,17,120,Low
4,23,clear,C,28,130,Low
5,0,clear,A,9,150,Low
5,0,clear,B,3,120,Low
5,0,clear,C,6,130,Low
5,1,clear,A,10,150,Low
5,1,clear,B,3,120,Low
5,1,clear,C,5,130,Low
5,2,clear,A,8,150,Low
5,2,clear,B,3,120,Low
5,2,clear,C,5,130,Low
5,3,clear,A,12,150,Low
5,3,clear,B,3,120,Low
5,3,clear,C,6,130,Low
5,4,clear,A,10,150,Low
5,4,clear,B,4,120,Low
5,4,clear,C,5,130,Low
5,5,clear,A,11,150,Low
5,5,clear,B,3,120,Low
5,5,clear,C,8,130,Low
5,6,clear,A,40,150,Low
5,6,clear,B,11,120,Low
5,6,clear,C,23,130,Low
5,7,clear,A,46,150,Low
5,7,clear,B,14,120,Low
5,7,clear,C,24,130,Low
5,8,clear,A,76,150,Moderate
5,8,clear,B,23,120,Low
5,8,clear,C,42,130,Low
5,9,clear,A,59,150,Moderate
5,9,clear,B,31,120,Low
5,9,clear,C,36,130,Low
5,10,clear,A,71,150,Moderate
5,10,clear,B,27,120,Low
5,10,clear,C,44,130,Low
5,11,clear,A,56,150,Moderate
5,11,clear,B,21,120,Low
5,11,clear,C,47,130,Moderate
5,12,clear,A,33,150,Low
5,12,clear,B,9,120,Low
5,12,clear,C,25,130,Low
5,13,clear,A,33,150,Low
5,13,clear,B,15,120,Low
5,13,clear,C,23,130,Low
5,14,clear,A,37,150,Low
5,14,clear,B,14,120,Low
5,14,clear,C,20,130,Low
5,15,clear,A,33,150,Low
5,15,clear,B,13,120,Low
5,15,clear,C,20,130,Low
5,16,clear,A,42,150,Low
5,16,clear,B,13,120,Low
5,16,clear,C,19,130,Low
5,17,clear,A,70,150,Moderate
5,17,clear,B,28,120,Low
5,17,clear,C,45,130,Low
5,18,clear,A,81,150,Moderate
5,18,clear,B,30,120,Low
5,18,clear,C,66,130,Moderate
5,19,clear,A,90,150,Moderate
5,19,clear,B,21,120,Low
5,19,clear,C,46,130,Moderate
5,20,clear,A,73,150,Moderate
5,20,clear,B,30,120,Low
5,20,clear,C,42,130,Low
5,21,clear,A,35,150,Low
5,21,clear,B,11,120,Low
5,21,clear,C,22,130,Low
5,22,clear,A,35,150,Low
5,22,clear,B,13,120,Low
5,22,clear,C,20,130,Low
5,23,clear,A,44,150,Low
5,23,clear,B,14,120,Low
5,23,clear,C,19,130,Low
6,0,clear,A,7,150,Low
6,0,clear,B,4,120,Low
6,0,clear,C,7,130,Low
6,1,clear,A,9,150,Low
6,1,clear,B,3,120,Low
6,1,clear,C,5,130,Low
6,2,clear,A,8,150,Low
6,2,clear,B,3,120,Low
6,2,clear,C,7,130,Low
6,3,clear,A,11,150,Low
6,3,clear,B,4,120,Low
6,3,clear,C,6,130,Low
6,4,clear,A,7,150,Low
6,4,clear,B,3,120,Low
6,4,clear,C,6,130,Low
6,5,clear,A,7,150,Low
6,5,clear,B,3,120,Low
6,5,clear,C,6,130,Low
6,6,clear,A,41,150,Low
6,6,clear,B,15,120,Low
6,6,clear,C,17,130,Low
6,7,clear,A,46,150,Low
6,7,clear,B,10,120,Low
6,7,clear,C,23,130,Low
6,8,clear,A,75,150,Moderate
6,8,clear,B,26,120,Low
6,8,clear,C,35,130,Low
6,9,clear,A,57,150,Moderate
6,9,clear,B,26,120,Low
6,9,clear,C,47,130,Moderate
6,10,clear,A,57,150,Moderate
6,10,clear,B,26,120,Low
6,10,clear,C,34,130,Low
6,11,clear,A,75,150,Moderate
6,11,clear,B,21,120,Low
6,11,clear,C,44,130,Low
6,12,clear,A,37,150,Low
6,12,clear,B,16,120,Low
6,12,clear,C,25,130,Low
6,13,clear,A,35,150,Low
6,13,clear,B,14,120,Low
6,13,clear,C,32,130,Low
6,14,clear,A,42,150,Low
6,14,clear,B,13,120,Low
6,14,clear,C,21,130,Low
6,15,clear,A,34,150,Low
6,15,clear,B,15,120,Low
6,15,clear,C,21,130,Low
6,16,clear,A,38,150,Low
6,16,clear,B,17,120,Low
6,16,clear,C,25,130,Low
6,17,clear,A,64,150,Moderate
6,17,clear,B,37,120,Low
6,17,clear,C,61,130,Moderate
6,18,clear,A,82,150,Moderate
6,18,clear,B,33,120,Low
6,18,clear,C,47,130,Moderate
6,19,clear,A,85,150,Moderate
6,19,clear,B,26,120,Low
6,19,clear,C,39,130,Low
6,20,clear,A,106,150,High
6,20,clear,B,22,120,Low
6,20,clear,C,51,130,Moderate
6,21,clear,A,40,150,Low
6,21,clear,B,15,120,Low
6,21,clear,C,24,130,Low
6,22,clear,A,38,150,Low
6,22,clear,B,14,120,Low
6,22,clear,C,26,130,Low
6,23,clear,A,38,150,Low
6,23,clear,B,13,120,Low
6,23,clear,C,19,130,Low
0,0,fog,A,16,150,Low
0,0,fog,B,5,120,Low
0,0,fog,C,8,130,Low
0,1,fog,A,12,150,Low
0,1,fog,B,6,120,Low
0,1,fog,C,9,130,Low
0,2,fog,A,16,150,Low
0,2,fog,B,4,120,Low
0,2,fog,C,11,130,Low
0,3,fog,A,17,150,Low
0,3,fog,B,5,120,Low
0,3,fog,C,10,130,Low
0,4,fog,A,16,150,Low
0,4,fog,B,4,120,Low
0,4,fog,C,12,130,Low
0,5,fog,A,16,150,Low
0,5,fog,B,4,120,Low
0,5,fog,C,8,130,Low
0,6,fog,A,69,150,Moderate
0,6,fog,B,22,120,Low
0,6,fog,C,41,130,Low
0,7,fog,A,60,150,Moderate
0,7,fog,B,18,120,Low
0,7,fog,C,41,130,Low
0,8,fog,A,105,150,High
0,8,fog,B,39,120,Low
0,8,fog,C,94,130,High
0,9,fog,A,123,150,High
0,9,fog,B,45,120,Moderate
0,9,fog,C,97,130,High
0,10,fog,A,115,150,High
0,10,fog,B,40,120,Low
0,10,fog,C,62,130,Moderate
0,11,fog,A,101,150,High
0,11,fog,B,27,120,Low
0,11,fog,C,77,130,Moderate
0,12,fog,A,49,150,Low
0,12,fog,B,24,120,Low
0,12,fog,C,38,130,Low
0,13,fog,A,61,150,Moderate
0,13,fog,B,21,120,Low
0,13,fog,C,46,130,Moderate
0,14,fog,A,71,150,Moderate
0,14,fog,B,21,120,Low
0,14,fog,C,33,130,Low
0,15,fog,A,68,150,Moderate
0,15,fog,B,18,120,Low
0,15,fog,C,29,130,Low
0,16,fog,A,65,150,Moderate
0,16,fog,B,26,120,Low
0,16,fog,C,36,130,Low
0,17,fog,A,128,150,High
0,17,fog,B,41,120,Low
0,17,fog,C,85,130,High
0,18,fog,A,140,150,High
0,18,fog,B,42,120,Moderate
0,18,fog,C,65,130,Moderate
0,19,fog,A,94,150,Moderate
0,19,fog,B,50,120,Moderate
0,19,fog,C,63,130,Moderate
0,20,fog,A,127,150,High
0,20,fog,B,49,120,Moderate
0,20,fog,C,71,130,Moderate
0,21,fog,A,58,150,Moderate
0,21,fog,B,25,120,Low
0,21,fog,C,33,130,Low
0,22,fog,A,52,150,Low
0,22,fog,B,21,120,Low
0,22,fog,C,45,130,Low
0,23,fog,A,75,150,Moderate
0,23,fog,B,21,120,Low
0,23,fog,C,34,130,Low
1,0,rain,A,12,150,Low
1,0,rain,B,6,120,Low
1,0,rain,C,10,130,Low
1,1,rain,A,19,150,Low
1,1,rain,B,7,120,Low
1,1,rain,C,9,130,Low
1,2,rain,A,16,150,Low
1,2,rain,B,5,120,Low
1,2,rain,C,10,130,Low
1,3,rain,A,18,150,Low
1,3,rain,B,5,120,Low
1,3,rain,C,10,130,Low
1,4,rain,A,18,150,Low
1,4,rain,B,7,120,Low
1,4,rain,C,10,130,Low
1,5,rain,A,16,150,Low
1,5,rain,B,5,120,Low
1,5,rain,C,12,130,Low
1,6,rain,A,70,150,Moderate
1,6,rain,B,24,120,Low
1,6,rain,C,42,130,Low
1,7,rain,A,69,150,Moderate
1,7,rain,B,26,120,Low
1,7,rain,C,47,130,Moderate
1,8,rain,A,147,150,High
1,8,rain,B,44,120,Moderate
1,8,rain,C,95,130,High
1,9,rain,A,137,150,High
1,9,rain,B,42,120,Moderate
1,9,rain,C,56,130,Moderate
1,10,rain,A,120,150,High
1,10,rain,B,53,120,Moderate
1,10,rain,C,66,130,Moderate
1,11,rain,A,120,150,High
1,11,rain,B,44,120,Moderate
1,11,rain,C,86,130,High
1,12,rain,A,62,150,Moderate
1,12,rain,B,20,120,Low
1,12,rain,C,45,130,Low
1,13,rain,A,58,150,Moderate
1,13,rain,B,17,120,Low
1,13,rain,C,53,130,Moderate
1,14,rain,A,75,150,Moderate
1,14,rain,B,30,120,Low
1,14,rain,C,47,130,Moderate
1,15,rain,A,72,150,Moderate
1,15,rain,B,25,120,Low
1,15,rain,C,40,130,Low
1,16,rain,A,71,150,Moderate
1,16,rain,B,22,120,Low
1,16,rain,C,35,130,Low
1,17,rain,A,125,150,High
1,17,rain,B,57,120,Moderate
1,17,rain,C,68,130,Moderate
1,18,rain,A,107,150,High
1,18,rain,B,52,120,Moderate
1,18,rain,C,78,130,Moderate
1,19,rain,A,141,150,High
1,19,rain,B,55,120,Moderate
1,19,rain,C,89,130,High
1,20,rain,A,119,150,High
1,20,rain,B,57,120,Moderate
1,20,rain,C,93,130,High
1,21,rain,A,66,150,Moderate
1,21,rain,B,23,120,Low
1,21,rain,C,44,130,Low
1,22,rain,A,62,150,Moderate
1,22,rain,B,18,120,Low
1,22,rain,C,46,130,Moderate
1,23,rain,A,72,150,Moderate
1,23,rain,B,15,120,Low
1,23,rain,C,45,130,Low
2,0,clear,A,11,150,Low
2,0,clear,B,4,120,Low
2,0,clear,C,8,130,Low
2,1,clear,A,17,150,Low
2,1,clear,B,5,120,Low
2,1,clear,C,7,130,Low
2,2,clear,A,14,150,Low
2,2,clear,B,6,120,Low
2,2,clear,C,7,130,Low
2,3,clear,A,13,150,Low
2,3,clear,B,5,120,Low
2,3,clear,C,7,130,Low
2,4,clear,A,17,150,Low
2,4,clear,B,4,120,Low
2,4,clear,C,6,130,Low
2,5,clear,A,12,150,Low
2,5,clear,B,5,120,Low
2,5,clear,C,7,130,Low
2,6,clear,A,57,150,Moderate
2,6,clear,B,21,120,Low
2,6,clear,C,28,130,Low
2,7,clear,A,50,150,Low
2,7,clear,B,21,120,Low
2,7,clear,C,38,130,Low
2,8,clear,A,90,150,Moderate
2,8,clear,B,36,120,Low
2,8,clear,C,60,130,Moderate
2,9,clear,A,109,150,High
2,9,clear,B,38,120,Low
2,9,clear,C,59,130,Moderate
2,10,clear,A,106,150,High
2,10,clear,B,33,120,Low
2,10,clear,C,67,130,Moderate
2,11,clear,A,105,150,High
2,11,clear,B,48,120,Moderate
2,11,clear,C,59,130,Moderate
2,12,clear,A,53,150,Moderate
2,12,clear,B,18,120,Low
2,12,clear,C,29,130,Low
2,13,clear,A,51,150,Low
2,13,clear,B,21,120,Low
2,13,clear,C,38,130,Low
2,14,clear,A,57,150,Moderate
2,14,clear,B,19,120,Low
2,14,clear,C,32,130,Low
2,15,clear,A,47,150,Low
2,15,clear,B,18,120,Low
2,15,clear,C,28,130,Low
2,16,clear,A,66,150,Moderate
2,16,clear,B,25,120,Low
2,16,clear,C,24,130,Low
2,17,clear,A,114,150,High
2,17,clear,B,41,120,Low
2,17,clear,C,72,130,Moderate
2,18,clear,A,100,150,High
2,18,clear,B,46,120,Moderate
2,18,clear,C,74,130,Moderate
2,19,clear,A,127,150,High
2,19,clear,B,35,120,Low
2,19,clear,C,55,130,Moderate
2,20,clear,A,117,150,High
2,20,clear,B,34,120,Low
2,20,clear,C,81,130,Moderate
2,21,clear,A,37,150,Low
2,21,clear,B,18,120,Low
2,21,clear,C,31,130,Low
2,22,clear,A,52,150,Low
2,22,clear,B,20,120,Low
2,22,clear,C,37,130,Low
2,23,clear,A,60,150,Moderate
2,23,clear,B,22,120,Low
2,23,clear,C,34,130,Low
3,0,clear,A,16,150,Low
3,0,clear,B,4,120,Low
3,0,clear,C,8,130,Low
3,1,clear,A,13,150,Low
3,1,clear,B,5,120,Low
3,1,clear,C,7,130,Low
3,2,clear,A,12,150,Low
3,2,clear,B,3,120,Low
3,2,clear,C,8,130,Low
3,3,clear,A,15,150,Low
3,3,clear,B,4,120,Low
3,3,clear,C,8,130,Low
3,4,clear,A,14,150,Low
3,4,clear,B,4,120,Low
3,4,clear,C,8,130,Low
3,5,clear,A,15,150,Low
3,5,clear,B,5,120,Low
3,5,clear,C,10,130,Low
3,6,clear,A,65,150,Moderate
3,6,clear,B,21,120,Low
3,6,clear,C,31,130,Low
3,7,clear,A,52,150,Low
3,7,clear,B,25,120,Low
3,7,clear,C,36,130,Low
3,8,clear,A,101,150,High
3,8,clear,B,31,120,Low
3,8,clear,C,62,130,Moderate
3,9,clear,A,109,150,High
3,9,clear,B,36,120,Low
3,9,clear,C,58,130,Moderate
3,10,clear,A,94,150,Moderate
3,10,clear,B,42,120,Moderate
3,10,clear,C,69,130,Moderate
3,11,clear,A,106,150,High
3,11,clear,B,38,120,Low
3,11,clear,C,51,130,Moderate
3,12,clear,A,57,150,Moderate
3,12,clear,B,23,120,Low
3,12,clear,C,33,130,Low
3,13,clear,A,63,150,Moderate
3,13,clear,B,21,120,Low
3,13,clear,C,39,130,Low
3,14,clear,A,55,150,Moderate
3,14,clear,B,22,120,Low
3,14,clear,C,27,130,Low
3,15,clear,A,55,150,Moderate
3,15,clear,B,22,120,Low
3,15,clear,C,36,130,Low
3,16,clear,A,64,150,Moderate
3,16,clear,B,19,120,Low
3,16,clear,C,32,130,Low
3,17,clear,A,82,150,Moderate
3,17,clear,B,38,120,Low
3,17,clear,C,75,130,Moderate
3,18,clear,A,122,150,High
3,18,clear,B,31,120,Low
3,18,clear,C,82,130,Moderate
3,19,clear,A,93,150,Moderate
3,19,clear,B,39,120,Low
3,19,clear,C,64,130,Moderate
3,20,clear,A,116,150,High
3,20,clear,B,40,120,Low
3,20,clear,C,77,130,Moderate
3,21,clear,A,70,150,Moderate
3,21,clear,B,21,120,Low
3,21,clear,C,31,130,Low
3,22,clear,A,58,150,Moderate
3,22,clear,B,25,120,Low
3,22,clear,C,38,130,Low
3,23,clear,A,62,150,Moderate
3,23,clear,B,15,120,Low
3,23,clear,C,37,130,Low
4,0,rain,A,14,150,Low
4,0,rain,B,5,120,Low
4,0,rain,C,10,130,Low
4,1,rain,A,14,150,Low
4,1,rain,B,6,120,Low
4,1,rain,C,10,130,Low
4,2,rain,A,18,150,Low
4,2,rain,B,6,120,Low
4,2,rain,C,11,130,Low
4,3,rain,A,18,150,Low
4,3,rain,B,6,120,Low
4,3,rain,C,10,130,Low
4,4,rain,A,11,150,Low
4,4,rain,B,6,120,Low
4,4,rain,C,9,130,Low
4,5,rain,A,16,150,Low
4,5,rain,B,6,120,Low
4,5,rain,C,12,130,Low
4,6,rain,A,84,150,Moderate
4,6,rain,B,20,120,Low
4,6,rain,C,33,130,Low
4,7,rain,A,69,150,Moderate
4,7,rain,B,24,120,Low
4,7,rain,C,34,130,Low
4,8,rain,A,118,150,High
4,8,rain,B,47,120,Moderate
4,8,rain,C,61,130,Moderate
4,9,rain,A,101,150,High
4,9,rain,B,39,120,Low
4,9,rain,C,73,130,Moderate
4,10,rain,A,131,150,High
4,10,rain,B,41,120,Low
4,10,rain,C,76,130,Moderate
4,11,rain,A,158,150,High
4,11,rain,B,37,120,Low
4,11,rain,C,68,130,Moderate
4,12,rain,A,72,150,Moderate
4,12,rain,B,27,120,Low
4,12,rain,C,44,130,Low
4,13,rain,A,83,150,Moderate
4,13,rain,B,25,120,Low
4,13,rain,C,29,130,Low
4,14,rain,A,66,150,Moderate
4,14,rain,B,21,120,Low
4,14,rain,C,50,130,Moderate
4,15,rain,A,75,150,Moderate
4,15,rain,B,18,120,Low
4,15,rain,C,50,130,Moderate
4,16,rain,A,75,150,Moderate
4,16,rain,B,22,120,Low
4,16,rain,C,41,130,Low
4,17,rain,A,159,150,High
4,17,rain,B,33,120,Low
4,17,rain,C,89,130,High
4,18,rain,A,153,150,High
4,18,rain,B,47,120,Moderate
4,18,rain,C,92,130,High
4,19,rain,A,134,150,High
4,19,rain,B,42,120,Moderate
4,19,rain,C,73,130,Moderate
4,20,rain,A,146,150,High
4,20,rain,B,43,120,Moderate
4,20,rain,C,64,130,Moderate
4,21,rain,A,67,150,Moderate
4,21,rain,B,22,120,Low
4,21,rain,C,34,130,Low
4,22,rain,A,66,150,Moderate
4,22,rain,B,26,120,Low
4,22,rain,C,42,130,Low
4,23,rain,A,55,150,Moderate
4,23,rain,B,25,120,Low
4,23,rain,C,48,130,Moderate
5,0,clear,A,11,150,Low
5,0,clear,B,2,120,Low
5,0,clear,C,6,130,Low
5,1,clear,A,9,150,Low
5,1,clear,B,2,120,Low
5,1,clear,C,6,130,Low
5,2,clear,A,12,150,Low
5,2,clear,B,4,120,Low
5,2,clear,C,5,130,Low
5,3,clear,A,9,150,Low
5,3,clear,B,3,120,Low
5,3,clear,C,4,130,Low
5,4,clear,A,7,150,Low
5,4,clear,B,3,120,Low
5,4,clear,C,6,130,Low
5,5,clear,A,6,150,Low
5,5,clear,B,3,120,Low
5,5,clear,C,7,130,Low
5,6,clear,A,37,150,Low
5,6,clear,B,14,120,Low
5,6,clear,C,26,130,Low
5,7,clear,A,41,150,Low
5,7,clear,B,10,120,Low
5,7,clear,C,21,130,Low
5,8,clear,A,65,150,Moderate
5,8,clear,B,21,120,Low
5,8,clear,C,53,130,Moderate
5,9,clear,A,75,150,Moderate
5,9,clear,B,21,120,Low
5,9,clear,C,42,130,Low
5,10,clear,A,81,150,Moderate
5,10,clear,B,22,120,Low
5,10,clear,C,49,130,Moderate
5,11,clear,A,83,150,Moderate
5,11,clear,B,29,120,Low
5,11,clear,C,45,130,Low
5,12,clear,A,45,150,Low
5,12,clear,B,12,120,Low
5,12,clear,C,33,130,Low
5,13,clear,A,39,150,Low
5,13,clear,B,16,120,Low
5,13,clear,C,23,130,Low
5,14,clear,A,41,150,Low
5,14,clear,B,15,120,Low
5,14,clear,C,21,130,Low
5,15,clear,A,32,150,Low
5,15,clear,B,13,120,Low
5,15,clear,C,28,130,Low
5,16,clear,A,27,150,Low
5,16,clear,B,13,120,Low
5,16,clear,C,29,130,Low
5,17,clear,A,62,150,Moderate
5,17,clear,B,33,120,Low
5,17,clear,C,40,130,Low
5,18,clear,A,66,150,Moderate
5,18,clear,B,27,120,Low
5,18,clear,C,62,130,Moderate
5,19,clear,A,69,150,Moderate
5,19,clear,B,20,120,Low
5,19,clear,C,38,130,Low
5,20,clear,A,87,150,Moderate
5,20,clear,B,22,120,Low
5,20,clear,C,57,130,Moderate
5,21,clear,A,38,150,Low
5,21,clear,B,13,120,Low
5,21,clear,C,25,130,Low
5,22,clear,A,33,150,Low
5,22,clear,B,14,120,Low
5,22,clear,C,20,130,Low
5,23,clear,A,46,150,Low
5,23,clear,B,11,120,Low
5,23,clear,C,26,130,Low
6,0,clear,A,8,150,Low
6,0,clear,B,3,120,Low
6,0,clear,C,8,130,Low
6,1,clear,A,9,150,Low
6,1,clear,B,3,120,Low
6,1,clear,C,5,130,Low
6,2,clear,A,7,150,Low
6,2,clear,B,3,120,Low
6,2,clear,C,7,130,Low
6,3,clear,A,10,150,Low
6,3,clear,B,3,120,Low
6,3,clear,C,5,130,Low
6,4,clear,A,9,150,Low
6,4,clear,B,3,120,Low
6,4,clear,C,5,130,Low
6,5,clear,A,10,150,Low
6,5,clear,B,3,120,Low
6,5,clear,C,6,130,Low
6,6,clear,A,37,150,Low
6,6,clear,B,16,120,Low
6,6,clear,C,23,130,Low
6,7,clear,A,36,150,Low
6,7,clear,B,17,120,Low
6,7,clear,C,20,130,Low
6,8,clear,A,51,150,Low
6,8,clear,B,21,120,Low
6,8,clear,C,46,130,Moderate
6,9,clear,A,82,150,Moderate
6,9,clear,B,22,120,Low
6,9,clear,C,56,130,Moderate
6,10,clear,A,69,150,Moderate
6,10,clear,B,24,120,Low
6,10,clear,C,38,130,Low
6,11,clear,A,89,150,Moderate
6,11,clear,B,24,120,Low
6,11,clear,C,35,130,Low
6,12,clear,A,52,150,Low
6,12,clear,B,14,120,Low
6,12,clear,C,27,130,Low
6,13,clear,A,48,150,Low
6,13,clear,B,15,120,Low
6,13,clear,C,28,130,Low
6,14,clear,A,38,150,Low
6,14,clear,B,15,120,Low
6,14,clear,C,24,130,Low
6,15,clear,A,38,150,Low
6,15,clear,B,14,120,Low
6,15,clear,C,23,130,Low
6,16,clear,A,41,150,Low
6,16,clear,B,15,120,Low
6,16,clear,C,27,130,Low
6,17,clear,A,84,150,Moderate
6,17,clear,B,36,120,Low
6,17,clear,C,56,130,Moderate
6,18,clear,A,74,150,Moderate
6,18,clear,B,29,120,Low
6,18,clear,C,59,130,Moderate
6,19,clear,A,66,150,Moderate
6,19,clear,B,36,120,Low
6,19,clear,C,43,130,Low
6,20,clear,A,87,150,Moderate
6,20,clear,B,28,120,Low
6,20,clear,C,48,130,Moderate
6,21,clear,A,30,150,Low
6,21,clear,B,15,120,Low
6,21,clear,C,19,130,Low
6,22,clear,A,30,150,Low
6,22,clear,B,16,120,Low
6,22,clear,C,31,130,Low
6,23,clear,A,34,150,Low
6,23,clear,B,16,120,Low
6,23,clear,C,27,130,Low
0,0,clear,A,16,150,Low
0,0,clear,B,4,120,Low
0,0,clear,C,9,130,Low
0,1,clear,A,11,150,Low
0,1,clear,B,4,120,Low
0,1,clear,C,10,130,Low
0,2,clear,A,14,150,Low
0,2,clear,B,4,120,Low
0,2,clear,C,11,130,Low
0,3,clear,A,17,150,Low
0,3,clear,B,5,120,Low
0,3,clear,C,6,130,Low
0,4,clear,A,13,150,Low
0,4,clear,B,4,120,Low
0,4,clear,C,8,130,Low
0,5,clear,A,11,150,Low
0,5,clear,B,4,120,Low
0,5,clear,C,5,130,Low
0,6,clear,A,56,150,Moderate
0,6,clear,B,13,120,Low
0,6,clear,C,33,130,Low
0,7,clear,A,60,150,Moderate
0,7,clear,B,17,120,Low
0,7,clear,C,29,130,Low
0,8,clear,A,97,150,Moderate
0,8,clear,B,31,120,Low
0,8,clear,C,64,130,Moderate
0,9,clear,A,83,150,Moderate
0,9,clear,B,35,120,Low
0,9,clear,C,59,130,Moderate
0,10,clear,A,98,150,High
0,10,clear,B,44,120,Moderate
0,10,clear,C,64,130,Moderate
0,11,clear,A,106,150,High
0,11,clear,B,32,120,Low
0,11,clear,C,65,130,Moderate
0,12,clear,A,52,150,Low
0,12,clear,B,20,120,Low
0,12,clear,C,38,130,Low
0,13,clear,A,50,150,Low
0,13,clear,B,18,120,Low
0,13,clear,C,32,130,Low
0,14,clear,A,50,150,Low
0,14,clear,B,20,120,Low
0,14,clear,C,33,130,Low
0,15,clear,A,67,150,Moderate
0,15,clear,B,28,120,Low
0,15,clear,C,32,130,Low
0,16,clear,A,57,150,Moderate
0,16,clear,B,23,120,Low
0,16,clear,C,33,130,Low
0,17,clear,A,93,150,Moderate
0,17,clear,B,50,120,Moderate
0,17,clear,C,77,130,Moderate
0,18,clear,A,115,150,High
0,18,clear,B,48,120,Moderate
0,18,clear,C,78,130,Moderate
0,19,clear,A,109,150,High
0,19,clear,B,34,120,Low
0,19,clear,C,64,130,Moderate
0,20,clear,A,129,150,High
0,20,clear,B,44,120,Moderate
0,20,clear,C,68,130,Moderate
0,21,clear,A,69,150,Moderate
0,21,clear,B,19,120,Low
0,21,clear,C,40,130,Low
0,22,clear,A,56,150,Moderate
0,22,clear,B,25,120,Low
0,22,clear,C,38,130,Low
0,23,clear,A,55,150,Moderate
0,23,clear,B,19,120,Low
0,23,clear,C,34,130,Low
1,0,clear,A,10,150,Low
1,0,clear,B,5,120,Low
1,0,clear,C,8,130,Low
1,1,clear,A,12,150,Low
1,1,clear,B,4,120,Low
1,1,clear,C,8,130,Low
1,2,clear,A,13,150,Low
1,2,clear,B,6,120,Low
1,2,clear,C,9,130,Low
1,3,clear,A,18,150,Low
1,3,clear,B,4,120,Low
1,3,clear,C,9,130,Low
1,4,clear,A,12,150,Low
1,4,clear,B,4,120,Low
1,4,clear,C,11,130,Low
1,5,clear,A,12,150,Low
1,5,clear,B,3,120,Low
1,5,clear,C,7,130,Low
1,6,clear,A,38,150,Low
1,6,clear,B,17,120,Low
1,6,clear,C,30,130,Low
1,7,clear,A,55,150,Moderate
1,7,clear,B,13,120,Low
1,7,clear,C,41,130,Low
1,8,clear,A,71,150,Moderate
1,8,clear,B,35,120,Low
1,8,clear,C,59,130,Moderate
1,9,clear,A,111,150,High
1,9,clear,B,37,120,Low
1,9,clear,C,74,130,Moderate
1,10,clear,A,93,150,Moderate
1,10,clear,B,33,120,Low
1,10,clear,C,66,130,Moderate
1,11,clear,A,114,150,High
1,11,clear,B,40,120,Low
1,11,clear,C,66,130,Moderate
1,12,clear,A,56,150,Moderate
1,12,clear,B,19,120,Low
1,12,clear,C,37,130,Low
1,13,clear,A,71,150,Moderate
1,13,clear,B,19,120,Low
1,13,clear,C,33,130,Low
1,14,clear,A,51,150,Low
1,14,clear,B,21,120,Low
1,14,clear,C,23,130,Low
1,15,clear,A,53,150,Moderate
1,15,clear,B,22,120,Low
1,15,clear,C,32,130,Low
1,16,clear,A,56,150,Moderate
1,16,clear,B,26,120,Low
1,16,clear,C,36,130,Low
1,17,clear,A,73,150,Moderate
1,17,clear,B,31,120,Low
1,17,clear,C,67,130,Moderate
1,18,clear,A,96,150,Moderate
1,18,clear,B,40,120,Low
1,18,clear,C,66,130,Moderate
1,19,clear,A,129,150,High
1,19,clear,B,33,120,Low
1,19,clear,C,67,130,Moderate
1,20,clear,A,113,150,High
1,20,clear,B,42,120,Moderate
1,20,clear,C,71,130,Moderate
1,21,clear,A,35,150,Low
1,21,clear,B,20,120,Low
1,21,clear,C,34,130,Low
1,22,clear,A,62,150,Moderate
1,22,clear,B,22,120,Low
1,22,clear,C,36,130,Low
1,23,clear,A,57,150,Moderate
1,23,clear,B,24,120,Low
1,23,clear,C,41,130,Low
2,0,rain,A,21,150,Low
2,0,rain,B,5,120,Low
2,0,rain,C,8,130,Low
2,1,rain,A,16,150,Low
2,1,rain,B,5,120,Low
2,1,rain,C,6,130,Low
2,2,rain,A,14,150,Low
2,2,rain,B,6,120,Low
2,2,rain,C,10,130,Low
2,3,rain,A,14,150,Low
2,3,rain,B,6,120,Low
2,3,rain,C,10,130,Low
2,4,rain,A,18,150,Low
2,4,rain,B,5,120,Low
2,4,rain,C,11,130,Low
2,5,rain,A,13,150,Low
2,5,rain,B,5,120,Low
2,5,rain,C,13,130,Low
2,6,rain,A,55,150,Moderate
2,6,rain,B,21,120,Low
2,6,rain,C,34,130,Low
2,7,rain,A,57,150,Moderate
2,7,rain,B,24,120,Low
2,7,rain,C,46,130,Moderate
2,8,rain,A,118,150,High
2,8,rain,B,41,120,Low
2,8,rain,C,61,130,Moderate
2,9,rain,A,105,150,High
2,9,rain,B,33,120,Low
2,9,rain,C,83,130,Moderate
2,10,rain,A,133,150,High
2,10,rain,B,42,120,Moderate
2,10,rain,C,80,130,Moderate
2,11,rain,A,134,150,High
2,11,rain,B,43,120,Moderate
2,11,rain,C,91,130,High
2,12,rain,A,55,150,Moderate
2,12,rain,B,22,120,Low
2,12,rain,C,39,130,Low
2,13,rain,A,72,150,Moderate
2,13,rain,B,18,120,Low
2,13,rain,C,51,130,Moderate
2,14,rain,A,71,150,Moderate
2,14,rain,B,30,120,Low
2,14,rain,C,41,130,Low
2,15,rain,A,60,150,Moderate
2,15,rain,B,26,120,Low
2,15,rain,C,48,130,Moderate
2,16,rain,A,58,150,Moderate
2,16,rain,B,16,120,Low
2,16,rain,C,30,130,Low
2,17,rain,A,137,150,High
2,17,rain,B,59,120,Moderate
2,17,rain,C,67,130,Moderate
2,18,rain,A,126,150,High
2,18,rain,B,45,120,Moderate
2,18,rain,C,108,130,High
2,19,rain,A,176,150,High
2,19,rain,B,51,120,Moderate
2,19,rain,C,95,130,High
2,20,rain,A,149,150,High
2,20,rain,B,38,120,Low
2,20,rain,C,92,130,High
2,21,rain,A,55,150,Moderate
2,21,rain,B,23,120,Low
2,21,rain,C,49,130,Moderate
2,22,rain,A,66,150,Moderate
2,22,rain,B,27,120,Low
2,22,rain,C,50,130,Moderate
2,23,rain,A,48,150,Low
2,23,rain,B,16,120,Low
2,23,rain,C,49,130,Moderate
3,0,clear,A,14,150,Low
3,0,clear,B,5,120,Low
3,0,clear,C,9,130,Low
3,1,clear,A,15,150,Low
3,1,clear,B,4,120,Low
3,1,clear,C,10,130,Low
3,2,clear,A,13,150,Low
3,2,clear,B,5,120,Low
3,2,clear,C,9,130,Low
3,3,clear,A,11,150,Low
3,3,clear,B,4,120,Low
3,3,clear,C,11,130,Low
3,4,clear,A,11,150,Low
3,4,clear,B,5,120,Low
3,4,clear,C,9,130,Low
3,5,clear,A,13,150,Low
3,5,clear,B,5,120,Low
3,5,clear,C,9,130,Low
3,6,clear,A,47,150,Low
3,6,clear,B,21,120,Low
3,6,clear,C,32,130,Low
3,7,clear,A,69,150,Moderate
3,7,clear,B,21,120,Low
3,7,clear,C,31,130,Low
3,8,clear,A,104,150,High
3,8,clear,B,31,120,Low
3,8,clear,C,65,130,Moderate
3,9,clear,A,95,150,Moderate
3,9,clear,B,31,120,Low
3,9,clear,C,55,130,Moderate
3,10,clear,A,135,150,High
3,10,clear,B,36,120,Low
3,10,clear,C,58,130,Moderate
3,11,clear,A,90,150,Moderate
3,11,clear,B,38,120,Low
3,11,clear,C,56,130,Moderate
3,12,clear,A,45,150,Low
3,12,clear,B,19,120,Low
3,12,clear,C,34,130,Low
3,13,clear,A,51,150,Low
3,13,clear,B,17,120,Low
3,13,clear,C,32,130,Low
3,14,clear,A,51,150,Low
3,14,clear,B,18,120,Low
3,14,clear,C,36,130,Low
3,15,clear,A,73,150,Moderate
3,15,clear,B,23,120,Low
3,15,clear,C,45,130,Low
3,16,clear,A,50,150,Low
3,16,clear,B,25,120,Low
3,16,clear,C,36,130,Low
3,17,clear,A,126,150,High
3,17,clear,B,42,120,Moderate
3,17,clear,C,66,130,Moderate
3,18,clear,A,121,150,High
3,18,clear,B,42,120,Moderate
3,18,clear,C,51,130,Moderate
3,19,clear,A,107,150,High
3,19,clear,B,45,120,Moderate
3,19,clear,C,72,130,Moderate
3,20,clear,A,117,150,High
3,20,clear,B,35,120,Low
3,20,clear,C,72,130,Moderate
3,21,clear,A,54,150,Moderate
3,21,clear,B,19,120,Low
3,21,clear,C,31,130,Low
3,22,clear,A,62,150,Moderate
3,22,clear,B,21,120,Low
3,22,clear,C,36,130,Low
3,23,clear,A,71,150,Moderate
3,23,clear,B,21,120,Low
3,23,clear,C,41,130,Low
4,0,clear,A,13,150,Low
4,0,clear,B,4,120,Low
4,0,clear,C,9,130,Low
4,1,clear,A,8,150,Low
4,1,clear,B,5,120,Low
4,1,clear,C,9,130,Low
4,2,clear,A,13,150,Low
4,2,clear,B,4,120,Low
4,2,clear,C,7,130,Low
4,3,clear,A,16,150,Low
4,3,clear,B,4,120,Low
4,3,clear,C,7,130,Low
4,4,clear,A,14,150,Low
4,4,clear,B,5,120,Low
4,4,clear,C,8,130,Low
4,5,clear,A,12,150,Low
4,5,clear,B,4,120,Low
4,5,clear,C,10,130,Low
4,6,clear,A,58,150,Moderate
4,6,clear,B,19,120,Low
4,6,clear,C,39,130,Low
4,7,clear,A,55,150,Moderate
4,7,clear,B,21,120,Low
4,7,clear,C,35,130,Low
4,8,clear,A,107,150,High
4,8,clear,B,33,120,Low
4,8,clear,C,52,130,Moderate
4,9,clear,A,112,150,High
4,9,clear,B,44,120,Moderate
4,9,clear,C,52,130,Moderate
4,10,clear,A,101,150,High
4,10,clear,B,33,120,Low
4,10,clear,C,71,130,Moderate
4,11,clear,A,102,150,High
4,11,clear,B,53,120,Moderate
4,11,clear,C,60,130,Moderate
4,12,clear,A,67,150,Moderate
4,12,clear,B,24,120,Low
4,12,clear,C,37,130,Low
4,13,clear,A,55,150,Moderate
4,13,clear,B,20,120,Low
4,13,clear,C,35,130,Low
4,14,clear,A,64,150,Moderate
4,14,clear,B,17,120,Low
4,14,clear,C,34,130,Low
4,15,clear,A,52,150,Low
4,15,clear,B,14,120,Low
4,15,clear,C,39,130,Low
4,16,clear,A,63,150,Moderate
4,16,clear,B,18,120,Low
4,16,clear,C,40,130,Low
4,17,clear,A,83,150,Moderate
4,17,clear,B,40,120,Low
4,17,clear,C,68,130,Moderate
4,18,clear,A,111,150,High
4,18,clear,B,40,120,Low
4,18,clear,C,69,130,Moderate
4,19,clear,A,103,150,High
4,19,clear,B,39,120,Low
4,19,clear,C,84,130,Moderate
4,20,clear,A,100,150,High
4,20,clear,B,53,120,Moderate
4,20,clear,C,63,130,Moderate
4,21,clear,A,56,150,Moderate
4,21,clear,B,21,120,Low
4,21,clear,C,33,130,Low
4,22,clear,A,66,150,Moderate
4,22,clear,B,21,120,Low
4,22,clear,C,33,130,Low
4,23,clear,A,66,150,Moderate
4,23,clear,B,16,120,Low
4,23,clear,C,32,130,Low
5,0,rain,A,12,150,Low
5,0,rain,B,4,120,Low
5,0,rain,C,7,130,Low
5,1,rain,A,11,150,Low
5,1,rain,B,4,120,Low
5,1,rain,C,7,130,Low
5,2,rain,A,10,150,Low
5,2,rain,B,3,120,Low
5,2,rain,C,9,130,Low
5,3,rain,A,10,150,Low
5,3,rain,B,4,120,Low
5,3,rain,C,8,130,Low
5,4,rain,A,12,150,Low
5,4,rain,B,3,120,Low
5,4,rain,C,6,130,Low
5,5,rain,A,14,150,Low
5,5,rain,B,3,120,Low
5,5,rain,C,6,130,Low
5,6,rain,A,48,150,Low
5,6,rain,B,16,120,Low
5,6,rain,C,31,130,Low
5,7,rain,A,36,150,Low
5,7,rain,B,16,120,Low
5,7,rain,C,32,130,Low
5,8,rain,A,91,150,Moderate
5,8,rain,B,27,120,Low
5,8,rain,C,44,130,Low
5,9,rain,A,85,150,Moderate
5,9,rain,B,24,120,Low
5,9,rain,C,63,130,Moderate
5,10,rain,A,85,150,Moderate
5,10,rain,B,27,120,Low
5,10,rain,C,44,130,Low
5,11,rain,A,75,150,Moderate
5,11,rain,B,23,120,Low
5,11,rain,C,56,130,Moderate
5,12,rain,A,40,150,Low
5,12,rain,B,17,120,Low
5,12,rain,C,31,130,Low
5,13,rain,A,52,150,Low
5,13,rain,B,17,120,Low
5,13,rain,C,34,130,Low
5,14,rain,A,55,150,Moderate
5,14,rain,B,17,120,Low
5,14,rain,C,30,130,Low
5,15,rain,A,42,150,Low
5,15,rain,B,14,120,Low
5,15,rain,C,35,130,Low
5,16,rain,A,50,150,Low
5,16,rain,B,18,120,Low
5,16,rain,C,26,130,Low
5,17,rain,A,114,150,High
5,17,rain,B,32,120,Low
5,17,rain,C,51,130,Moderate
5,18,rain,A,84,150,Moderate
5,18,rain,B,41,120,Low
5,18,rain,C,49,130,Moderate
5,19,rain,A,81,150,Moderate
5,19,rain,B,48,120,Moderate
5,19,rain,C,67,130,Moderate
5,20,rain,A,82,150,Moderate
5,20,rain,B,28,120,Low
5,20,rain,C,44,130,Low
5,21,rain,A,46,150,Low
5,21,rain,B,18,120,Low
5,21,rain,C,36,130,Low
5,22,rain,A,33,150,Low
5,22,rain,B,13,120,Low
5,22,rain,C,28,130,Low
5,23,rain,A,65,150,Moderate
5,23,rain,B,19,120,Low
5,23,rain,C,31,130,Low
6,0,rain,A,7,150,Low
6,0,rain,B,4,120,Low
6,0,rain,C,7,130,Low
6,1,rain,A,11,150,Low
6,1,rain,B,3,120,Low
6,1,rain,C,6,130,Low
6,2,rain,A,9,150,Low
6,2,rain,B,5,120,Low
6,2,rain,C,6,130,Low
6,3,rain,A,11,150,Low
6,3,rain,B,4,120,Low
6,3,rain,C,8,130,Low
6,4,rain,A,10,150,Low
6,4,rain,B,4,120,Low
6,4,rain,C,6,130,Low
6,5,rain,A,11,150,Low
6,5,rain,B,5,120,Low
6,5,rain,C,6,130,Low
6,6,rain,A,51,150,Low
6,6,rain,B,19,120,Low
6,6,rain,C,30,130,Low
6,7,rain,A,45,150,Low
6,7,rain,B,22,120,Low
6,7,rain,C,29,130,Low
6,8,rain,A,85,150,Moderate
6,8,rain,B,28,120,Low
6,8,rain,C,54,130,Moderate
6,9,rain,A,95,150,Moderate
6,9,rain,B,28,120,Low
6,9,rain,C,36,130,Low
6,10,rain,A,89,150,Moderate
6,10,rain,B,25,120,Low
6,10,rain,C,58,130,Moderate
6,11,rain,A,83,150,Moderate
6,11,rain,B,34,120,Low
6,11,rain,C,45,130,Low
6,12,rain,A,42,150,Low
6,12,rain,B,15,120,Low
6,12,rain,C,22,130,Low
6,13,rain,A,53,150,Moderate
6,13,rain,B,12,120,Low
6,13,rain,C,34,130,Low
6,14,rain,A,49,150,Low
6,14,rain,B,16,120,Low
6,14,rain,C,30,130,Low
6,15,rain,A,48,150,Low
6,15,rain,B,15,120,Low
6,15,rain,C,30,130,Low
6,16,rain,A,51,150,Low
6,16,rain,B,14,120,Low
6,16,rain,C,30,130,Low
6,17,rain,A,55,150,Moderate
6,17,rain,B,23,120,Low
6,17,rain,C,63,130,Moderate
6,18,rain,A,86,150,Moderate
6,18,rain,B,29,120,Low
6,18,rain,C,58,130,Moderate
6,19,rain,A,86,150,Moderate
6,19,rain,B,28,120,Low
6,19,rain,C,44,130,Low
6,20,rain,A,65,150,Moderate
6,20,rain,B,37,120,Low
6,20,rain,C,55,130,Moderate
6,21,rain,A,52,150,Low
6,21,rain,B,15,120,Low
6,21,rain,C,30,130,Low
6,22,rain,A,45,150,Low
6,22,rain,B,16,120,Low
6,22,rain,C,29,130,Low
6,23,rain,A,43,150,Low
6,23,rain,B,13,120,Low
6,23,rain,C,32,130,Low
0,0,clear,A,17,150,Low
0,0,clear,B,4,120,Low
0,0,clear,C,7,130,Low
0,1,clear,A,12,150,Low
0,1,clear,B,4,120,Low
0,1,clear,C,8,130,Low
0,2,clear,A,11,150,Low
0,2,clear,B,3,120,Low
0,2,clear,C,8,130,Low
0,3,clear,A,6,150,Low
0,3,clear,B,4,120,Low
0,3,clear,C,7,130,Low
0,4,clear,A,15,150,Low
0,4,clear,B,5,120,Low
0,4,clear,C,10,130,Low
0,5,clear,A,13,150,Low
0,5,clear,B,4,120,Low
0,5,clear,C,7,130,Low
0,6,clear,A,57,150,Moderate
0,6,clear,B,15,120,Low
0,6,clear,C,42,130,Low
0,7,clear,A,52,150,Low
0,7,clear,B,21,120,Low
0,7,clear,C,25,130,Low
0,8,clear,A,85,150,Moderate
0,8,clear,B,25,120,Low
0,8,clear,C,72,130,Moderate
0,9,clear,A,96,150,Moderate
0,9,clear,B,39,120,Low
0,9,clear,C,63,130,Moderate
0,10,clear,A,105,150,High
0,10,clear,B,34,120,Low
0,10,clear,C,61,130,Moderate
0,11,clear,A,97,150,Moderate
0,11,clear,B,38,120,Low
0,11,clear,C,67,130,Moderate
0,12,clear,A,78,150,Moderate
0,12,clear,B,25,120,Low
0,12,clear,C,25,130,Low
0,13,clear,A,53,150,Moderate
0,13,clear,B,18,120,Low
0,13,clear,C,41,130,Low
0,14,clear,A,52,150,Low
0,14,clear,B,21,120,Low
0,14,clear,C,22,130,Low
0,15,clear,A,42,150,Low
0,15,clear,B,26,120,Low
0,15,clear,C,35,130,Low
0,16,clear,A,46,150,Low
0,16,clear,B,20,120,Low
0,16,clear,C,29,130,Low
0,17,clear,A,105,150,High
0,17,clear,B,31,120,Low
0,17,clear,C,61,130,Moderate
0,18,clear,A,103,150,High
0,18,clear,B,46,120,Moderate
0,18,clear,C,74,130,Moderate
0,19,clear,A,120,150,High
0,19,clear,B,39,120,Low
0,19,clear,C,78,130,Moderate
0,20,clear,A,95,150,Moderate
0,20,clear,B,35,120,Low
0,20,clear,C,74,130,Moderate
0,21,clear,A,52,150,Low
0,21,clear,B,19,120,Low
0,21,clear,C,34,130,Low
0,22,clear,A,65,150,Moderate
0,22,clear,B,23,120,Low
0,22,clear,C,31,130,Low
0,23,clear,A,40,150,Low
0,23,clear,B,17,120,Low
0,23,clear,C,30,130,Low
1,0,fog,A,17,150,Low
1,0,fog,B,4,120,Low
1,0,fog,C,8,130,Low
1,1,fog,A,11,150,Low
1,1,fog,B,5,120,Low
1,1,fog,C,9,130,Low
1,2,fog,A,16,150,Low
1,2,fog,B,5,120,Low
1,2,fog,C,10,130,Low
1,3,fog,A,11,150,Low
1,3,fog,B,4,120,Low
1,3,fog,C,10,130,Low
1,4,fog,A,13,150,Low
1,4,fog,B,4,120,Low
1,4,fog,C,10,130,Low
1,5,fog,A,13,150,Low
1,5,fog,B,6,120,Low
1,5,fog,C,9,130,Low
1,6,fog,A,57,150,Moderate
1,6,fog,B,26,120,Low
1,6,fog,C,30,130,Low
1,7,fog,A,73,150,Moderate
1,7,fog,B,19,120,Low
1,7,fog,C,39,130,Low
1,8,fog,A,111,150,High
1,8,fog,B,37,120,Low
1,8,fog,C,61,130,Moderate
1,9,fog,A,102,150,High
1,9,fog,B,33,120,Low
1,9,fog,C,89,130,High
1,10,fog,A,101,150,High
1,10,fog,B,46,120,Moderate
1,10,fog,C,79,130,Moderate
1,11,fog,A,114,150,High
1,11,fog,B,38,120,Low
1,11,fog,C,71,130,Moderate
1,12,fog,A,65,150,Moderate
1,12,fog,B,22,120,Low
1,12,fog,C,29,130,Low
1,13,fog,A,43,150,Low
1,13,fog,B,26,120,Low
1,13,fog,C,23,130,Low
1,14,fog,A,62,150,Moderate
1,14,fog,B,21,120,Low
1,14,fog,C,39,130,Low
1,15,fog,A,50,150,Low
1,15,fog,B,23,120,Low
1,15,fog,C,39,130,Low
1,16,fog,A,85,150,Moderate
1,16,fog,B,22,120,Low
1,16,fog,C,46,130,Moderate
1,17,fog,A,93,150,Moderate
1,17,fog,B,50,120,Moderate
1,17,fog,C,79,130,Moderate
1,18,fog,A,125,150,High
1,18,fog,B,45,120,Moderate
1,18,fog,C,96,130,High
1,19,fog,A,125,150,High
1,19,fog,B,38,120,Low
1,19,fog,C,69,130,Moderate
1,20,fog,A,135,150,High
1,20,fog,B,46,120,Moderate
1,20,fog,C,59,130,Moderate
1,21,fog,A,65,150,Moderate
1,21,fog,B,18,120,Low
1,21,fog,C,41,130,Low
1,22,fog,A,53,150,Moderate
1,22,fog,B,21,120,Low
1,22,fog,C,35,130,Low
1,23,fog,A,74,150,Moderate
1,23,fog,B,23,120,Low
1,23,fog,C,45,130,Low
2,0,clear,A,13,150,Low
2,0,clear,B,6,120,Low
2,0,clear,C,7,130,Low
2,1,clear,A,16,150,Low
2,1,clear,B,4,120,Low
2,1,clear,C,8,130,Low
2,2,clear,A,14,150,Low
2,2,clear,B,5,120,Low
2,2,clear,C,7,130,Low
2,3,clear,A,11,150,Low
2,3,clear,B,5,120,Low
2,3,clear,C,8,130,Low
2,4,clear,A,10,150,Low
2,4,clear,B,4,120,Low
2,4,clear,C,8,130,Low
2,5,clear,A,14,150,Low
2,5,clear,B,5,120,Low
2,5,clear,C,9,130,Low
2,6,clear,A,48,150,Low
2,6,clear,B,18,120,Low
2,6,clear,C,39,130,Low
2,7,clear,A,50,150,Low
2,7,clear,B,18,120,Low
2,7,clear,C,27,130,Low
2,8,clear,A,98,150,High
2,8,clear,B,37,120,Low
2,8,clear,C,44,130,Low
2,9,clear,A,83,150,Moderate
2,9,clear,B,28,120,Low
2,9,clear,C,70,130,Moderate
2,10,clear,A,70,150,Moderate
2,10,clear,B,35,120,Low
2,10,clear,C,69,130,Moderate
2,11,clear,A,101,150,High
2,11,clear,B,33,120,Low
2,11,clear,C,66,130,Moderate
2,12,clear,A,63,150,Moderate
2,12,clear,B,19,120,Low
2,12,clear,C,23,130,Low
2,13,clear,A,64,150,Moderate
2,13,clear,B,21,120,Low
2,13,clear,C,34,130,Low
2,14,clear,A,38,150,Low
2,14,clear,B,19,120,Low
2,14,clear,C,30,130,Low
2,15,clear,A,44,150,Low
2,15,clear,B,19,120,Low
2,15,clear,C,32,130,Low
2,16,clear,A,51,150,Low
2,16,clear,B,22,120,Low
2,16,clear,C,36,130,Low
2,17,clear,A,101,150,High
2,17,clear,B,36,120,Low
2,17,clear,C,65,130,Moderate
2,18,clear,A,105,150,High
2,18,clear,B,43,120,Moderate
2,18,clear,C,59,130,Moderate
2,19,clear,A,134,150,High
2,19,clear,B,43,120,Moderate
2,19,clear,C,41,130,Low
2,20,clear,A,111,150,High
2,20,clear,B,46,120,Moderate
2,20,clear,C,74,130,Moderate
2,21,clear,A,51,150,Low
2,21,clear,B,19,120,Low
2,21,clear,C,35,130,Low
2,22,clear,A,61,150,Moderate
2,22,clear,B,15,120,Low
2,22,clear,C,31,130,Low
2,23,clear,A,68,150,Moderate
2,23,clear,B,20,120,Low
2,23,clear,C,43,130,Low
3,0,clear,A,12,150,Low
3,0,clear,B,4,120,Low
3,0,clear,C,8,130,Low
3,1,clear,A,16,150,Low
3,1,clear,B,5,120,Low
3,1,clear,C,11,130,Low
3,2,clear,A,13,150,Low
3,2,clear,B,5,120,Low
3,2,clear,C,7,130,Low
3,3,clear,A,8,150,Low
3,3,clear,B,4,120,Low
3,3,clear,C,7,130,Low
3,4,clear,A,15,150,Low
3,4,clear,B,3,120,Low
3,4,clear,C,7,130,Low
3,5,clear,A,14,150,Low
3,5,clear,B,5,120,Low
3,5,clear,C,8,130,Low
3,6,clear,A,70,150,Moderate
3,6,clear,B,24,120,Low
3,6,clear,C,31,130,Low
3,7,clear,A,68,150,Moderate
3,7,clear,B,25,120,Low
3,7,clear,C,34,130,Low
3,8,clear,A,99,150,High
3,8,clear,B,35,120,Low
3,8,clear,C,56,130,Moderate
3,9,clear,A,90,150,Moderate
3,9,clear,B,43,120,Moderate
3,9,clear,C,67,130,Moderate
3,10,clear,A,90,150,Moderate
3,10,clear,B,30,120,Low
3,10,clear,C,55,130,Moderate
3,11,clear,A,96,150,Moderate
3,11,clear,B,40,120,Low
3,11,clear,C,54,130,Moderate
3,12,clear,A,62,150,Moderate
3,12,clear,B,20,120,Low
3,12,clear,C,35,130,Low
3,13,clear,A,63,150,Moderate
3,13,clear,B,22,120,Low
3,13,clear,C,27,130,Low
3,14,clear,A,46,150,Low
3,14,clear,B,19,120,Low
3,14,clear,C,36,130,Low
3,15,clear,A,66,150,Moderate
3,15,clear,B,20,120,Low
3,15,clear,C,43,130,Low
3,16,clear,A,49,150,Low
3,16,clear,B,18,120,Low
3,16,clear,C,33,130,Low
3,17,clear,A,96,150,Moderate
3,17,clear,B,46,120,Moderate
3,17,clear,C,40,130,Low
3,18,clear,A,101,150,High
3,18,clear,B,46,120,Moderate
3,18,clear,C,66,130,Moderate
3,19,clear,A,127,150,High
3,19,clear,B,53,120,Moderate
3,19,clear,C,70,130,Moderate
3,20,clear,A,129,150,High
3,20,clear,B,54,120,Moderate
3,20,clear,C,74,130,Moderate
3,21,clear,A,54,150,Moderate
3,21,clear,B,22,120,Low
3,21,clear,C,41,130,Low
3,22,clear,A,54,150,Moderate
3,22,clear,B,18,120,Low
3,22,clear,C,44,130,Low
3,23,clear,A,52,150,Low
3,23,clear,B,23,120,Low
3,23,clear,C,36,130,Low
4,0,clear,A,11,150,Low
4,0,clear,B,4,120,Low
4,0,clear,C,9,130,Low
4,1,clear,A,11,150,Low
4,1,clear,B,5,120,Low
4,1,clear,C,10,130,Low
4,2,clear,A,10,150,Low
4,2,clear,B,5,120,Low
4,2,clear,C,10,130,Low
4,3,clear,A,13,150,Low
4,3,clear,B,4,120,Low
4,3,clear,C,8,130,Low
4,4,clear,A,12,150,Low
4,4,clear,B,5,120,Low
4,4,clear,C,8,130,Low
4,5,clear,A,12,150,Low
4,5,clear,B,5,120,Low
4,5,clear,C,10,130,Low
4,6,clear,A,57,150,Moderate
4,6,clear,B,24,120,Low
4,6,clear,C,43,130,Low
4,7,clear,A,50,150,Low
4,7,clear,B,20,120,Low
4,7,clear,C,32,130,Low
4,8,clear,A,76,150,Moderate
4,8,clear,B,37,120,Low
4,8,clear,C,53,130,Moderate
4,9,clear,A,106,150,High
4,9,clear,B,27,120,Low
4,9,clear,C,64,130,Moderate
4,10,clear,A,75,150,Moderate
4,10,clear,B,39,120,Low
4,10,clear,C,59,130,Moderate
4,11,clear,A,91,150,Moderate
4,11,clear,B,42,120,Moderate
4,11,clear,C,59,130,Moderate
4,12,clear,A,55,150,Moderate
4,12,clear,B,19,120,Low
4,12,clear,C,37,130,Low
4,13,clear,A,63,150,Moderate
4,13,clear,B,22,120,Low
4,13,clear,C,32,130,Low
4,14,clear,A,64,150,Moderate
4,14,clear,B,17,120,Low
4,14,clear,C,31,130,Low
4,15,clear,A,53,150,Moderate
4,15,clear,B,23,120,Low
4,15,clear,C,28,130,Low
4,16,clear,A,62,150,Moderate
4,16,clear,B,19,120,Low
4,16,clear,C,32,130,Low
4,17,clear,A,128,150,High
4,17,clear,B,35,120,Low
4,17,clear,C,93,130,High
4,18,clear,A,107,150,High
4,18,clear,B,40,120,Low
4,18,clear,C,86,130,High
4,19,clear,A,112,150,High
4,19,clear,B,47,120,Moderate
4,19,clear,C,49,130,Moderate
4,20,clear,A,102,150,High
4,20,clear,B,42,120,Moderate
4,20,clear,C,81,130,Moderate
4,21,clear,A,61,150,Moderate
4,21,clear,B,22,120,Low
4,21,clear,C,40,130,Low
4,22,clear,A,58,150,Moderate
4,22,clear,B,13,120,Low
4,22,clear,C,42,130,Low
4,23,clear,A,48,150,Low
4,23,clear,B,20,120,Low
4,23,clear,C,35,130,Low
5,0,clear,A,8,150,Low
5,0,clear,B,2,120,Low
5,0,clear,C,5,130,Low
5,1,clear,A,10,150,Low
5,1,clear,B,2,120,Low
5,1,clear,C,5,130,Low
5,2,clear,A,10,150,Low
5,2,clear,B,2,120,Low
5,2,clear,C,5,130,Low
5,3,clear,A,9,150,Low
5,3,clear,B,3,120,Low
5,3,clear,C,5,130,Low
5,4,clear,A,9,150,Low
5,4,clear,B,3,120,Low
5,4,clear,C,4,130,Low
5,5,clear,A,9,150,Low
5,5,clear,B,3,120,Low
5,5,clear,C,6,130,Low
5,6,clear,A,42,150,Low
5,6,clear,B,13,120,Low
5,6,clear,C,27,130,Low
5,7,clear,A,43,150,Low
5,7,clear,B,15,120,Low
5,7,clear,C,25,130,Low
5,8,clear,A,80,150,Moderate
5,8,clear,B,26,120,Low
5,8,clear,C,33,130,Low
5,9,clear,A,61,150,Moderate
5,9,clear,B,24,120,Low
5,9,clear,C,43,130,Low
5,10,clear,A,73,150,Moderate
5,10,clear,B,22,120,Low
5,10,clear,C,57,130,Moderate
5,11,clear,A,68,150,Moderate
5,11,clear,B,25,120,Low
5,11,clear,C,39,130,Low
5,12,clear,A,32,150,Low
5,12,clear,B,13,120,Low
5,12,clear,C,24,130,Low
5,13,clear,A,37,150,Low
5,13,clear,B,17,120,Low
5,13,clear,C,24,130,Low
5,14,clear,A,38,150,Low
5,14,clear,B,15,120,Low
5,14,clear,C,23,130,Low
5,15,clear,A,41,150,Low
5,15,clear,B,11,120,Low
5,15,clear,C,19,130,Low
5,16,clear,A,39,150,Low
5,16,clear,B,13,120,Low
5,16,clear,C,21,130,Low
5,17,clear,A,78,150,Moderate
5,17,clear,B,28,120,Low
5,17,clear,C,43,130,Low
5,18,clear,A,71,150,Moderate
5,18,clear,B,28,120,Low
5,18,clear,C,41,130,Low
5,19,clear,A,70,150,Moderate
5,19,clear,B,30,120,Low
5,19,clear,C,48,130,Moderate
5,20,clear,A,71,150,Moderate
5,20,clear,B,24,120,Low
5,20,clear,C,41,130,Low
5,21,clear,A,37,150,Low
5,21,clear,B,18,120,Low
5,21,clear,C,26,130,Low
5,22,clear,A,30,150,Low
5,22,clear,B,15,120,Low
5,22,clear,C,21,130,Low
5,23,clear,A,38,150,Low
5,23,clear,B,12,120,Low
5,23,clear,C,31,130,Low
6,0,clear,A,10,150,Low
6,0,clear,B,3,120,Low
6,0,clear,C,6,130,Low
6,1,clear,A,10,150,Low
6,1,clear,B,4,120,Low
6,1,clear,C,6,130,Low
6,2,clear,A,8,150,Low
6,2,clear,B,5,120,Low
6,2,clear,C,6,130,Low
6,3,clear,A,8,150,Low
6,3,clear,B,3,120,Low
6,3,clear,C,6,130,Low
6,4,clear,A,10,150,Low
6,4,clear,B,3,120,Low
6,4,clear,C,7,130,Low
6,5,clear,A,10,150,Low
6,5,clear,B,3,120,Low
6,5,clear,C,8,130,Low
6,6,clear,A,49,150,Low
6,6,clear,B,15,120,Low
6,6,clear,C,24,130,Low
6,7,clear,A,38,150,Low
6,7,clear,B,13,120,Low
6,7,clear,C,23,130,Low
6,8,clear,A,46,150,Low
6,8,clear,B,30,120,Low
6,8,clear,C,51,130,Moderate
6,9,clear,A,51,150,Low
6,9,clear,B,28,120,Low
6,9,clear,C,44,130,Low
6,10,clear,A,67,150,Moderate
6,10,clear,B,27,120,Low
6,10,clear,C,32,130,Low
6,11,clear,A,69,150,Moderate
6,11,clear,B,25,120,Low
6,11,clear,C,44,130,Low
6,12,clear,A,30,150,Low
6,12,clear,B,14,120,Low
6,12,clear,C,28,130,Low
6,13,clear,A,40,150,Low
6,13,clear,B,13,120,Low
6,13,clear,C,34,130,Low
6,14,clear,A,33,150,Low
6,14,clear,B,15,120,Low
6,14,clear,C,25,130,Low
6,15,clear,A,50,150,Low
6,15,clear,B,14,120,Low
6,15,clear,C,26,130,Low
6,16,clear,A,41,150,Low
6,16,clear,B,11,120,Low
6,16,clear,C,21,130,Low
6,17,clear,A,73,150,Moderate
6,17,clear,B,32,120,Low
6,17,clear,C,50,130,Moderate
6,18,clear,A,74,150,Moderate
6,18,clear,B,33,120,Low
6,18,clear,C,34,130,Low
6,19,clear,A,62,150,Moderate
6,19,clear,B,17,120,Low
6,19,clear,C,57,130,Moderate
6,20,clear,A,75,150,Moderate
6,20,clear,B,32,120,Low
6,20,clear,C,48,130,Moderate
6,21,clear,A,44,150,Low
6,21,clear,B,13,120,Low
6,21,clear,C,26,130,Low
6,22,clear,A,40,150,Low
6,22,clear,B,14,120,Low
6,22,clear,C,30,130,Low
6,23,clear,A,29,150,Low
6,23,clear,B,13,120,Low
6,23,clear,C,25,130,Low
0,0,clear,A,12,150,Low
0,0,clear,B,4,120,Low
0,0,clear,C,10,130,Low
0,1,clear,A,13,150,Low
0,1,clear,B,6,120,Low
0,1,clear,C,9,130,Low
0,2,clear,A,13,150,Low
0,2,clear,B,5,120,Low
0,2,clear,C,8,130,Low
0,3,clear,A,16,150,Low
0,3,clear,B,4,120,Low
0,3,clear,C,6,130,Low
0,4,clear,A,14,150,Low
0,4,clear,B,5,120,Low
0,4,clear,C,9,130,Low
0,5,clear,A,15,150,Low
0,5,clear,B,5,120,Low
0,5,clear,C,6,130,Low
0,6,clear,A,57,150,Moderate
0,6,clear,B,23,120,Low
0,6,clear,C,35,130,Low
0,7,clear,A,44,150,Low
0,7,clear,B,18,120,Low
0,7,clear,C,37,130,Low
0,8,clear,A,125,150,High
0,8,clear,B,25,120,Low
0,8,clear,C,66,130,Moderate
0,9,clear,A,85,150,Moderate
0,9,clear,B,38,120,Low
0,9,clear,C,68,130,Moderate
0,10,clear,A,95,150,Moderate
0,10,clear,B,39,120,Low
0,10,clear,C,73,130,Moderate
0,11,clear,A,96,150,Moderate
0,11,clear,B,28,120,Low
0,11,clear,C,76,130,Moderate
0,12,clear,A,61,150,Moderate
0,12,clear,B,21,120,Low
0,12,clear,C,31,130,Low
0,13,clear,A,63,150,Moderate
0,13,clear,B,26,120,Low
0,13,clear,C,34,130,Low
0,14,clear,A,55,150,Moderate
0,14,clear,B,16,120,Low
0,14,clear,C,31,130,Low
0,15,clear,A,46,150,Low
0,15,clear,B,20,120,Low
0,15,clear,C,33,130,Low
0,16,clear,A,58,150,Moderate
0,16,clear,B,17,120,Low
0,16,clear,C,34,130,Low
0,17,clear,A,94,150,Moderate
0,17,clear,B,41,120,Low
0,17,clear,C,52,130,Moderate
0,18,clear,A,112,150,High
0,18,clear,B,38,120,Low
0,18,clear,C,71,130,Moderate
0,19,clear,A,82,150,Moderate
0,19,clear,B,43,120,Moderate
0,19,clear,C,66,130,Moderate
0,20,clear,A,113,150,High
0,20,clear,B,28,120,Low
0,20,clear,C,56,130,Moderate
0,21,clear,A,51,150,Low
0,21,clear,B,24,120,Low
0,21,clear,C,37,130,Low
0,22,clear,A,56,150,Moderate
0,22,clear,B,17,120,Low
0,22,clear,C,29,130,Low
0,23,clear,A,57,150,Moderate
0,23,clear,B,22,120,Low
0,23,clear,C,36,130,Low
1,0,clear,A,12,150,Low
1,0,clear,B,5,120,Low
1,0,clear,C,6,130,Low
1,1,clear,A,14,150,Low
1,1,clear,B,6,120,Low
1,1,clear,C,7,130,Low
1,2,clear,A,15,150,Low
1,2,clear,B,6,120,Low
1,2,clear,C,7,130,Low
1,3,clear,A,14,150,Low
1,3,clear,B,6,120,Low
1,3,clear,C,9,130,Low
1,4,clear,A,15,150,Low
1,4,clear,B,3,120,Low
1,4,clear,C,9,130,Low
1,5,clear,A,14,150,Low
1,5,clear,B,4,120,Low
1,5,clear,C,7,130,Low
1,6,clear,A,59,150,Moderate
1,6,clear,B,19,120,Low
1,6,clear,C,40,130,Low
1,7,clear,A,57,150,Moderate
1,7,clear,B,20,120,Low
1,7,clear,C,34,130,Low
1,8,clear,A,103,150,High
1,8,clear,B,40,120,Low
1,8,clear,C,68,130,Moderate
1,9,clear,A,92,150,Moderate
1,9,clear,B,42,120,Moderate
1,9,clear,C,69,130,Moderate
1,10,clear,A,104,150,High
1,10,clear,B,36,120,Low
1,10,clear,C,67,130,Moderate
1,11,clear,A,71,150,Moderate
1,11,clear,B,37,120,Low
1,11,clear,C,78,130,Moderate
1,12,clear,A,56,150,Moderate
1,12,clear,B,20,120,Low
1,12,clear,C,31,130,Low
1,13,clear,A,59,150,Moderate
1,13,clear,B,19,120,Low
1,13,clear,C,41,130,Low
1,14,clear,A,47,150,Low
1,14,clear,B,18,120,Low
1,14,clear,C,31,130,Low
1,15,clear,A,70,150,Moderate
1,15,clear,B,19,120,Low
1,15,clear,C,32,130,Low
1,16,clear,A,37,150,Low
1,16,clear,B,17,120,Low
1,16,clear,C,37,130,Low
1,17,clear,A,118,150,High
1,17,clear,B,36,120,Low
1,17,clear,C,63,130,Moderate
1,18,clear,A,140,150,High
1,18,clear,B,56,120,Moderate
1,18,clear,C,82,130,Moderate
1,19,clear,A,135,150,High
1,19,clear,B,50,120,Moderate
1,19,clear,C,93,130,High
1,20,clear,A,105,150,High
1,20,clear,B,34,120,Low
1,20,clear,C,89,130,High
1,21,clear,A,47,150,Low
1,21,clear,B,16,120,Low
1,21,clear,C,29,130,Low
1,22,clear,A,53,150,Moderate
1,22,clear,B,14,120,Low
1,22,clear,C,27,130,Low
1,23,clear,A,49,150,Low
1,23,clear,B,16,120,Low
1,23,clear,C,40,130,Low
2,0,clear,A,14,150,Low
2,0,clear,B,5,120,Low
2,0,clear,C,8,130,Low
2,1,clear,A,15,150,Low
2,1,clear,B,5,120,Low
2,1,clear,C,8,130,Low
2,2,clear,A,10,150,Low
2,2,clear,B,5,120,Low
2,2,clear,C,7,130,Low
2,3,clear,A,14,150,Low
2,3,clear,B,5,120,Low
2,3,clear,C,6,130,Low
2,4,clear,A,14,150,Low
2,4,clear,B,5,120,Low
2,4,clear,C,9,130,Low
2,5,clear,A,14,150,Low
2,5,clear,B,4,120,Low
2,5,clear,C,9,130,Low
2,6,clear,A,49,150,Low
2,6,clear,B,16,120,Low
2,6,clear,C,38,130,Low
2,7,clear,A,62,150,Moderate
2,7,clear,B,21,120,Low
2,7,clear,C,33,130,Low
2,8,clear,A,70,150,Moderate
2,8,clear,B,44,120,Moderate
2,8,clear,C,44,130,Low
2,9,clear,A,107,150,High
2,9,clear,B,47,120,Moderate
2,9,clear,C,64,130,Moderate
2,10,clear,A,103,150,High
2,10,clear,B,38,120,Low
2,10,clear,C,64,130,Moderate
2,11,clear,A,133,150,High
2,11,clear,B,31,120,Low
2,11,clear,C,53,130,Moderate
2,12,clear,A,52,150,Low
2,12,clear,B,25,120,Low
2,12,clear,C,31,130,Low
2,13,clear,A,58,150,Moderate
2,13,clear,B,23,120,Low
2,13,clear,C,39,130,Low
2,14,clear,A,63,150,Moderate
2,14,clear,B,24,120,Low
2,14,clear,C,36,130,Low
2,15,clear,A,51,150,Low
2,15,clear,B,20,120,Low
2,15,clear,C,33,130,Low
2,16,clear,A,75,150,Moderate
2,16,clear,B,18,120,Low
2,16,clear,C,37,130,Low
2,17,clear,A,85,150,Moderate
2,17,clear,B,40,120,Low
2,17,clear,C,66,130,Moderate
2,18,clear,A,121,150,High
2,18,clear,B,44,120,Moderate
2,18,clear,C,84,130,Moderate
2,19,clear,A,132,150,High
2,19,clear,B,39,120,Low
2,19,clear,C,60,130,Moderate
2,20,clear,A,96,150,Moderate
2,20,clear,B,41,120,Low
2,20,clear,C,71,130,Moderate
2,21,clear,A,57,150,Moderate
2,21,clear,B,18,120,Low
2,21,clear,C,42,130,Low
2,22,clear,A,42,150,Low
2,22,clear,B,18,120,Low
2,22,clear,C,29,130,Low
2,23,clear,A,53,150,Moderate
2,23,clear,B,23,120,Low
2,23,clear,C,33,130,Low
3,0,clear,A,15,150,Low
3,0,clear,B,4,120,Low
3,0,clear,C,9,130,Low
3,1,clear,A,14,150,Low
3,1,clear,B,4,120,Low
3,1,clear,C,8,130,Low
3,2,clear,A,14,150,Low
3,2,clear,B,5,120,Low
3,2,clear,C,10,130,Low
3,3,clear,A,18,150,Low
3,3,clear,B,5,120,Low
3,3,clear,C,8,130,Low
3,4,clear,A,13,150,Low
3,4,clear,B,4,120,Low
3,4,clear,C,8,130,Low
3,5,clear,A,14,150,Low
3,5,clear,B,5,120,Low
3,5,clear,C,7,130,Low
3,6,clear,A,63,150,Moderate
3,6,clear,B,14,120,Low
3,6,clear,C,33,130,Low
3,7,clear,A,64,150,Moderate
3,7,clear,B,21,120,Low
3,7,clear,C,33,130,Low
3,8,clear,A,128,150,High
3,8,clear,B,33,120,Low
3,8,clear,C,44,130,Low
3,9,clear,A,105,150,High
3,9,clear,B,26,120,Low
3,9,clear,C,55,130,Moderate
3,10,clear,A,108,150,High
3,10,clear,B,33,120,Low
3,10,clear,C,68,130,Moderate
3,11,clear,A,81,150,Moderate
3,11,clear,B,40,120,Low
3,11,clear,C,47,130,Moderate
3,12,clear,A,65,150,Moderate
3,12,clear,B,18,120,Low
3,12,clear,C,43,130,Low
3,13,clear,A,48,150,Low
3,13,clear,B,25,120,Low
3,13,clear,C,29,130,Low
3,14,clear,A,40,150,Low
3,14,clear,B,20,120,Low
3,14,clear,C,41,130,Low
3,15,clear,A,61,150,Moderate
3,15,clear,B,23,120,Low
3,15,clear,C,39,130,Low
3,16,clear,A,48,150,Low
3,16,clear,B,22,120,Low
3,16,clear,C,35,130,Low
3,17,clear,A,98,150,High
3,17,clear,B,41,120,Low
3,17,clear,C,69,130,Moderate
3,18,clear,A,133,150,High
3,18,clear,B,36,120,Low
3,18,clear,C,64,130,Moderate
3,19,clear,A,98,150,High
3,19,clear,B,51,120,Moderate
3,19,clear,C,63,130,Moderate
3,20,clear,A,131,150,High
3,20,clear,B,33,120,Low
3,20,clear,C,75,130,Moderate
3,21,clear,A,57,150,Moderate
3,21,clear,B,23,120,Low
3,21,clear,C,40,130,Low
3,22,clear,A,55,150,Moderate
3,22,clear,B,18,120,Low
3,22,clear,C,43,130,Low
3,23,clear,A,49,150,Low
3,23,clear,B,13,120,Low
3,23,clear,C,25,130,Low
4,0,rain,A,17,150,Low
4,0,rain,B,7,120,Low
4,0,rain,C,7,130,Low
4,1,rain,A,14,150,Low
4,1,rain,B,6,120,Low
4,1,rain,C,12,130,Low
4,2,rain,A,14,150,Low
4,2,rain,B,6,120,Low
4,2,rain,C,10,130,Low
4,3,rain,A,22,150,Low
4,3,rain,B,6,120,Low
4,3,rain,C,11,130,Low
4,4,rain,A,16,150,Low
4,4,rain,B,5,120,Low
4,4,rain,C,11,130,Low
4,5,rain,A,13,150,Low
4,5,rain,B,4,120,Low
4,5,rain,C,10,130,Low
4,6,rain,A,74,150,Moderate
4,6,rain,B,21,120,Low
4,6,rain,C,43,130,Low
4,7,rain,A,53,150,Moderate
4,7,rain,B,27,120,Low
4,7,rain,C,46,130,Moderate
4,8,rain,A,119,150,High
4,8,rain,B,44,120,Moderate
4,8,rain,C,59,130,Moderate
4,9,rain,A,94,150,Moderate
4,9,rain,B,42,120,Moderate
4,9,rain,C,81,130,Moderate
4,10,rain,A,128,150,High
4,10,rain,B,40,120,Low
4,10,rain,C,84,130,Moderate
4,11,rain,A,144,150,High
4,11,rain,B,42,120,Moderate
4,11,rain,C,79,130,Moderate
4,12,rain,A,63,150,Moderate
4,12,rain,B,23,120,Low
4,12,rain,C,43,130,Low
4,13,rain,A,82,150,Moderate
4,13,rain,B,27,120,Low
4,13,rain,C,47,130,Moderate
4,14,rain,A,61,150,Moderate
4,14,rain,B,20,120,Low
4,14,rain,C,44,130,Low
4,15,rain,A,78,150,Moderate
4,15,rain,B,30,120,Low
4,15,rain,C,26,130,Low
4,16,rain,A,90,150,Moderate
4,16,rain,B,25,120,Low
4,16,rain,C,47,130,Moderate
4,17,rain,A,97,150,Moderate
4,17,rain,B,46,120,Moderate
4,17,rain,C,94,130,High
4,18,rain,A,108,150,High
4,18,rain,B,27,120,Low
4,18,rain,C,88,130,High
4,19,rain,A,131,150,High
4,19,rain,B,58,120,Moderate
4,19,rain,C,81,130,Moderate
4,20,rain,A,130,150,High
4,20,rain,B,53,120,Moderate
4,20,rain,C,97,130,High
4,21,rain,A,58,150,Moderate
4,21,rain,B,27,120,Low
4,21,rain,C,38,130,Low
4,22,rain,A,66,150,Moderate
4,22,rain,B,26,120,Low
4,22,rain,C,47,130,Moderate
4,23,rain,A,69,150,Moderate
4,23,rain,B,20,120,Low
4,23,rain,C,30,130,Low
5,0,clear,A,11,150,Low
5,0,clear,B,3,120,Low
5,0,clear,C,6,130,Low
5,1,clear,A,9,150,Low
5,1,clear,B,3,120,Low
5,1,clear,C,5,130,Low
5,2,clear,A,10,150,Low
5,2,clear,B,3,120,Low
5,2,clear,C,5,130,Low
5,3,clear,A,10,150,Low
5,3,clear,B,2,120,Low
5,3,clear,C,6,130,Low
5,4,clear,A,9,150,Low
5,4,clear,B,4,120,Low
5,4,clear,C,5,130,Low
5,5,clear,A,10,150,Low
5,5,clear,B,3,120,Low
5,5,clear,C,4,130,Low
5,6,clear,A,37,150,Low
5,6,clear,B,14,120,Low
5,6,clear,C,25,130,Low
5,7,clear,A,39,150,Low
5,7,clear,B,12,120,Low
5,7,clear,C,23,130,Low
5,8,clear,A,57,150,Moderate
5,8,clear,B,17,120,Low
5,8,clear,C,43,130,Low
5,9,clear,A,61,150,Moderate
5,9,clear,B,29,120,Low
5,9,clear,C,29,130,Low
5,10,clear,A,72,150,Moderate
5,10,clear,B,33,120,Low
5,10,clear,C,42,130,Low
5,11,clear,A,69,150,Moderate
5,11,clear,B,26,120,Low
5,11,clear,C,47,130,Moderate
5,12,clear,A,36,150,Low
5,12,clear,B,11,120,Low
5,12,clear,C,26,130,Low
5,13,clear,A,27,150,Low
5,13,clear,B,15,120,Low
5,13,clear,C,23,130,Low
5,14,clear,A,38,150,Low
5,14,clear,B,12,120,Low
5,14,clear,C,29,130,Low
5,15,clear,A,39,150,Low
5,15,clear,B,13,120,Low
5,15,clear,C,23,130,Low
5,16,clear,A,37,150,Low
5,16,clear,B,19,120,Low
5,16,clear,C,19,130,Low
5,17,clear,A,89,150,Moderate
5,17,clear,B,30,120,Low
5,17,clear,C,60,130,Moderate
5,18,clear,A,84,150,Moderate
5,18,clear,B,28,120,Low
5,18,clear,C,56,130,Moderate
5,19,clear,A,79,150,Moderate
5,19,clear,B,31,120,Low
5,19,clear,C,59,130,Moderate
5,20,clear,A,78,150,Moderate
5,20,clear,B,26,120,Low
5,20,clear,C,44,130,Low
5,21,clear,A,41,150,Low
5,21,clear,B,12,120,Low
5,21,clear,C,23,130,Low
5,22,clear,A,32,150,Low
5,22,clear,B,15,120,Low
5,22,clear,C,21,130,Low
5,23,clear,A,31,150,Low
5,23,clear,B,11,120,Low
5,23,clear,C,22,130,Low
6,0,clear,A,9,150,Low
6,0,clear,B,3,120,Low
6,0,clear,C,6,130,Low
6,1,clear,A,10,150,Low
6,1,clear,B,3,120,Low
6,1,clear,C,4,130,Low
6,2,clear,A,7,150,Low
6,2,clear,B,3,120,Low
6,2,clear,C,6,130,Low
6,3,clear,A,11,150,Low
6,3,clear,B,2,120,Low
6,3,clear,C,5,130,Low
6,4,clear,A,9,150,Low
6,4,clear,B,3,120,Low
6,4,clear,C,6,130,Low
6,5,clear,A,10,150,Low
6,5,clear,B,3,120,Low
6,5,clear,C,7,130,Low
6,6,clear,A,48,150,Low
6,6,clear,B,11,120,Low
6,6,clear,C,24,130,Low
6,7,clear,A,43,150,Low
6,7,clear,B,15,120,Low
6,7,clear,C,23,130,Low
6,8,clear,A,71,150,Moderate
6,8,clear,B,19,120,Low
6,8,clear,C,43,130,Low
6,9,clear,A,54,150,Moderate
6,9,clear,B,27,120,Low
6,9,clear,C,36,130,Low
6,10,clear,A,70,150,Moderate
6,10,clear,B,26,120,Low
6,10,clear,C,44,130,Low
6,11,clear,A,62,150,Moderate
6,11,clear,B,24,120,Low
6,11,clear,C,51,130,Moderate
6,12,clear,A,36,150,Low
6,12,clear,B,14,120,Low
6,12,clear,C,22,130,Low
6,13,clear,A,44,150,Low
6,13,clear,B,14,120,Low
6,13,clear,C,21,130,Low
6,14,clear,A,38,150,Low
6,14,clear,B,13,120,Low
6,14,clear,C,29,130,Low
6,15,clear,A,38,150,Low
6,15,clear,B,11,120,Low
6,15,clear,C,26,130,Low
6,16,clear,A,48,150,Low
6,16,clear,B,16,120,Low
6,16,clear,C,20,130,Low
6,17,clear,A,73,150,Moderate
6,17,clear,B,27,120,Low
6,17,clear,C,48,130,Moderate
6,18,clear,A,81,150,Moderate
6,18,clear,B,26,120,Low
6,18,clear,C,42,130,Low
6,19,clear,A,87,150,Moderate
6,19,clear,B,23,120,Low
6,19,clear,C,43,130,Low
6,20,clear,A,63,150,Moderate
6,20,clear,B,30,120,Low
6,20,clear,C,49,130,Moderate
6,21,clear,A,43,150,Low
6,21,clear,B,12,120,Low
6,21,clear,C,19,130,Low
6,22,clear,A,35,150,Low
6,22,clear,B,13,120,Low
6,22,clear,C,25,130,Low
6,23,clear,A,28,150,Low
6,23,clear,B,15,120,Low
6,23,clear,C,21,130,Low
0,0,fog,A,17,150,Low
0,0,fog,B,3,120,Low
0,0,fog,C,10,130,Low
0,1,fog,A,15,150,Low
0,1,fog,B,4,120,Low
0,1,fog,C,8,130,Low
0,2,fog,A,17,150,Low
0,2,fog,B,7,120,Low
0,2,fog,C,11,130,Low
0,3,fog,A,19,150,Low
0,3,fog,B,4,120,Low
0,3,fog,C,7,130,Low
0,4,fog,A,15,150,Low
0,4,fog,B,6,120,Low
0,4,fog,C,6,130,Low
0,5,fog,A,13,150,Low
0,5,fog,B,4,120,Low
0,5,fog,C,10,130,Low
0,6,fog,A,62,150,Moderate
0,6,fog,B,19,120,Low
0,6,fog,C,39,130,Low
0,7,fog,A,50,150,Low
0,7,fog,B,20,120,Low
0,7,fog,C,31,130,Low
0,8,fog,A,106,150,High
0,8,fog,B,34,120,Low
0,8,fog,C,76,130,Moderate
0,9,fog,A,108,150,High
0,9,fog,B,38,120,Low
0,9,fog,C,87,130,High
0,10,fog,A,115,150,High
0,10,fog,B,37,120,Low
0,10,fog,C,63,130,Moderate
0,11,fog,A,89,150,Moderate
0,11,fog,B,39,120,Low
0,11,fog,C,72,130,Moderate
0,12,fog,A,43,150,Low
0,12,fog,B,17,120,Low
0,12,fog,C,35,130,Low
0,13,fog,A,50,150,Low
0,13,fog,B,22,120,Low
0,13,fog,C,39,130,Low
0,14,fog,A,59,150,Moderate
0,14,fog,B,23,120,Low
0,14,fog,C,35,130,Low
0,15,fog,A,60,150,Moderate
0,15,fog,B,18,120,Low
0,15,fog,C,40,130,Low
0,16,fog,A,61,150,Moderate
0,16,fog,B,18,120,Low
0,16,fog,C,37,130,Low
0,17,fog,A,120,150,High
0,17,fog,B,45,120,Moderate
0,17,fog,C,80,130,Moderate
0,18,fog,A,107,150,High
0,18,fog,B,49,120,Moderate
0,18,fog,C,83,130,Moderate
0,19,fog,A,107,150,High
0,19,fog,B,36,120,Low
0,19,fog,C,69,130,Moderate
0,20,fog,A,94,150,Moderate
0,20,fog,B,45,120,Moderate
0,20,fog,C,90,130,High
0,21,fog,A,73,150,Moderate
0,21,fog,B,18,120,Low
0,21,fog,C,43,130,Low
0,22,fog,A,61,150,Moderate
0,22,fog,B,14,120,Low
0,22,fog,C,36,130,Low
0,23,fog,A,56,150,Moderate
0,23,fog,B,25,120,Low
0,23,fog,C,33,130,Low
1,0,clear,A,13,150,Low
1,0,clear,B,3,120,Low
1,0,clear,C,8,130,Low
1,1,clear,A,16,150,Low
1,1,clear,B,4,120,Low
1,1,clear,C,9,130,Low
1,2,clear,A,15,150,Low
1,2,clear,B,4,120,Low
1,2,clear,C,7,130,Low
1,3,clear,A,11,150,Low
1,3,clear,B,6,120,Low
1,3,clear,C,8,130,Low
1,4,clear,A,10,150,Low
1,4,clear,B,5,120,Low
1,4,clear,C,6,130,Low
1,5,clear,A,12,150,Low
1,5,clear,B,5,120,Low
1,5,clear,C,12,130,Low
1,6,clear,A,61,150,Moderate
1,6,clear,B,18,120,Low
1,6,clear,C,35,130,Low
1,7,clear,A,62,150,Moderate
1,7,clear,B,24,120,Low
1,7,clear,C,33,130,Low
1,8,clear,A,95,150,Moderate
1,8,clear,B,31,120,Low
1,8,clear,C,69,130,Moderate
1,9,clear,A,114,150,High
1,9,clear,B,25,120,Low
1,9,clear,C,59,130,Moderate
1,10,clear,A,80,150,Moderate
1,10,clear,B,36,120,Low
1,10,clear,C,51,130,Moderate
1,11,clear,A,79,150,Moderate
1,11,clear,B,42,120,Moderate
1,11,clear,C,61,130,Moderate
1,12,clear,A,54,150,Moderate
1,12,clear,B,21,120,Low
1,12,clear,C,40,130,Low
1,13,clear,A,51,150,Low
1,13,clear,B,18,120,Low
1,13,clear,C,32,130,Low
1,14,clear,A,63,150,Moderate
1,14,clear,B,19,120,Low
1,14,clear,C,33,130,Low
1,15,clear,A,58,150,Moderate
1,15,clear,B,25,120,Low
1,15,clear,C,35,130,Low
1,16,clear,A,52,150,Low
1,16,clear,B,25,120,Low
1,16,clear,C,41,130,Low
1,17,clear,A,129,150,High
1,17,clear,B,36,120,Low
1,17,clear,C,63,130,Moderate
1,18,clear,A,79,150,Moderate
1,18,clear,B,45,120,Moderate
1,18,clear,C,70,130,Moderate
1,19,clear,A,80,150,Moderate
1,19,clear,B,47,120,Moderate
1,19,clear,C,66,130,Moderate
1,20,clear,A,106,150,High
1,20,clear,B,30,120,Low
1,20,clear,C,75,130,Moderate
1,21,clear,A,59,150,Moderate
1,21,clear,B,19,120,Low
1,21,clear,C,32,130,Low
1,22,clear,A,76,150,Moderate
1,22,clear,B,16,120,Low
1,22,clear,C,31,130,Low
1,23,clear,A,60,150,Moderate
1,23,clear,B,16,120,Low
1,23,clear,C,29,130,Low
2,0,fog,A,16,150,Low
2,0,fog,B,5,120,Low
2,0,fog,C,9,130,Low
2,1,fog,A,13,150,Low
2,1,fog,B,5,120,Low
2,1,fog,C,9,130,Low
2,2,fog,A,17,150,Low
2,2,fog,B,5,120,Low
2,2,fog,C,8,130,Low
2,3,fog,A,16,150,Low
2,3,fog,B,4,120,Low
2,3,fog,C,9,130,Low
2,4,fog,A,12,150,Low
2,4,fog,B,4,120,Low
2,4,fog,C,12,130,Low
2,5,fog,A,11,150,Low
2,5,fog,B,4,120,Low
2,5,fog,C,10,130,Low
2,6,fog,A,56,150,Moderate
2,6,fog,B,22,120,Low
2,6,fog,C,46,130,Moderate
2,7,fog,A,66,150,Moderate
2,7,fog,B,20,120,Low
2,7,fog,C,37,130,Low
2,8,fog,A,117,150,High
2,8,fog,B,43,120,Moderate
2,8,fog,C,69,130,Moderate
2,9,fog,A,114,150,High
2,9,fog,B,41,120,Low
2,9,fog,C,68,130,Moderate
2,10,fog,A,99,150,High
2,10,fog,B,44,120,Moderate
2,10,fog,C,72,130,Moderate
2,11,fog,A,74,150,Moderate
2,11,fog,B,34,120,Low
2,11,fog,C,64,130,Moderate
2,12,fog,A,58,150,Moderate
2,12,fog,B,25,120,Low
2,12,fog,C,56,130,Moderate
2,13,fog,A,38,150,Low
2,13,fog,B,23,120,Low
2,13,fog,C,38,130,Low
2,14,fog,A,58,150,Moderate
2,14,fog,B,23,120,Low
2,14,fog,C,39,130,Low
2,15,fog,A,57,150,Moderate
2,15,fog,B,22,120,Low
2,15,fog,C,41,130,Low
2,16,fog,A,64,150,Moderate
2,16,fog,B,22,120,Low
2,16,fog,C,35,130,Low
2,17,fog,A,172,150,High
2,17,fog,B,46,120,Moderate
2,17,fog,C,85,130,High
2,18,fog,A,111,150,High
2,18,fog,B,45,120,Moderate
2,18,fog,C,79,130,Moderate
2,19,fog,A,86,150,Moderate
2,19,fog,B,39,120,Low
2,19,fog,C,68,130,Moderate
2,20,fog,A,110,150,High
2,20,fog,B,36,120,Low
2,20,fog,C,77,130,Moderate
2,21,fog,A,73,150,Moderate
2,21,fog,B,22,120,Low
2,21,fog,C,31,130,Low
2,22,fog,A,51,150,Low
2,22,fog,B,20,120,Low
2,22,fog,C,30,130,Low
2,23,fog,A,63,150,Moderate
2,23,fog,B,26,120,Low
2,23,fog,C,35,130,Low
3,0,clear,A,12,150,Low
3,0,clear,B,4,120,Low
3,0,clear,C,8,130,Low
3,1,clear,A,12,150,Low
3,1,clear,B,4,120,Low
3,1,clear,C,6,130,Low
3,2,clear,A,13,150,Low
3,2,clear,B,5,120,Low
3,2,clear,C,9,130,Low
3,3,clear,A,16,150,Low
3,3,clear,B,4,120,Low
3,3,clear,C,9,130,Low
3,4,clear,A,11,150,Low
3,4,clear,B,5,120,Low
3,4,clear,C,10,130,Low
3,5,clear,A,14,150,Low
3,5,clear,B,6,120,Low
3,5,clear,C,7,130,Low
3,6,clear,A,53,150,Moderate
3,6,clear,B,17,120,Low
3,6,clear,C,35,130,Low
3,7,clear,A,57,150,Moderate
3,7,clear,B,20,120,Low
3,7,clear,C,32,130,Low
3,8,clear,A,91,150,Moderate
3,8,clear,B,37,120,Low
3,8,clear,C,61,130,Moderate
3,9,clear,A,81,150,Moderate
3,9,clear,B,25,120,Low
3,9,clear,C,57,130,Moderate
3,10,clear,A,78,150,Moderate
3,10,clear,B,31,120,Low
3,10,clear,C,58,130,Moderate
3,11,clear,A,96,150,Moderate
3,11,clear,B,32,120,Low
3,11,clear,C,83,130,Moderate
3,12,clear,A,44,150,Low
3,12,clear,B,23,120,Low
3,12,clear,C,34,130,Low
3,13,clear,A,49,150,Low
3,13,clear,B,21,120,Low
3,13,clear,C,32,130,Low
3,14,clear,A,48,150,Low
3,14,clear,B,25,120,Low
3,14,clear,C,23,130,Low
3,15,clear,A,52,150,Low
3,15,clear,B,20,120,Low
3,15,clear,C,42,130,Low
3,16,clear,A,51,150,Low
3,16,clear,B,27,120,Low
3,16,clear,C,38,130,Low
3,17,clear,A,70,150,Moderate
3,17,clear,B,31,120,Low
3,17,clear,C,72,130,Moderate
3,18,clear,A,91,150,Moderate
3,18,clear,B,43,120,Moderate
3,18,clear,C,65,130,Moderate
3,19,clear,A,90,150,Moderate
3,19,clear,B,34,120,Low
3,19,clear,C,78,130,Moderate
3,20,clear,A,76,150,Moderate
3,20,clear,B,46,120,Moderate
3,20,clear,C,81,130,Moderate
3,21,clear,A,52,150,Low
3,21,clear,B,15,120,Low
3,21,clear,C,37,130,Low
3,22,clear,A,50,150,Low
3,22,clear,B,15,120,Low
3,22,clear,C,45,130,Low
3,23,clear,A,47,150,Low
3,23,clear,B,15,120,Low
3,23,clear,C,36,130,Low
4,0,clear,A,16,150,Low
4,0,clear,B,4,120,Low
4,0,clear,C,8,130,Low
4,1,clear,A,14,150,Low
4,1,clear,B,5,120,Low
4,1,clear,C,9,130,Low
4,2,clear,A,14,150,Low
4,2,clear,B,5,120,Low
4,2,clear,C,8,130,Low
4,3,clear,A,15,150,Low
4,3,clear,B,4,120,Low
4,3,clear,C,9,130,Low
4,4,clear,A,16,150,Low
4,4,clear,B,4,120,Low
4,4,clear,C,11,130,Low
4,5,clear,A,12,150,Low
4,5,clear,B,4,120,Low
4,5,clear,C,9,130,Low
4,6,clear,A,58,150,Moderate
4,6,clear,B,20,120,Low
4,6,clear,C,39,130,Low
4,7,clear,A,57,150,Moderate
4,7,clear,B,26,120,Low
4,7,clear,C,34,130,Low
4,8,clear,A,86,150,Moderate
4,8,clear,B,33,120,Low
4,8,clear,C,67,130,Moderate
4,9,clear,A,106,150,High
4,9,clear,B,37,120,Low
4,9,clear,C,54,130,Moderate
4,10,clear,A,115,150,High
4,10,clear,B,46,120,Moderate
4,10,clear,C,63,130,Moderate
4,11,clear,A,125,150,High
4,11,clear,B,40,120,Low
4,11,clear,C,83,130,Moderate
4,12,clear,A,58,150,Moderate
4,12,clear,B,20,120,Low
4,12,clear,C,39,130,Low
4,13,clear,A,51,150,Low
4,13,clear,B,21,120,Low
4,13,clear,C,41,130,Low
4,14,clear,A,61,150,Moderate
4,14,clear,B,19,120,Low
4,14,clear,C,36,130,Low
4,15,clear,A,61,150,Moderate
4,15,clear,B,22,120,Low
4,15,clear,C,38,130,Low
4,16,clear,A,57,150,Moderate
4,16,clear,B,17,120,Low
4,16,clear,C,31,130,Low
4,17,clear,A,117,150,High
4,17,clear,B,44,120,Moderate
4,17,clear,C,77,130,Moderate
4,18,clear,A,98,150,High
4,18,clear,B,39,120,Low
4,18,clear,C,57,130,Moderate
4,19,clear,A,87,150,Moderate
4,19,clear,B,40,120,Low
4,19,clear,C,84,130,Moderate
4,20,clear,A,111,150,High
4,20,clear,B,51,120,Moderate
4,20,clear,C,68,130,Moderate
4,21,clear,A,55,150,Moderate
4,21,clear,B,17,120,Low
4,21,clear,C,33,130,Low
4,22,clear,A,45,150,Low
4,22,clear,B,15,120,Low
4,22,clear,C,28,130,Low
4,23,clear,A,55,150,Moderate
4,23,clear,B,17,120,Low
4,23,clear,C,32,130,Low
5,0,rain,A,8,150,Low
5,0,rain,B,4,120,Low
5,0,rain,C,8,130,Low
5,1,rain,A,13,150,Low
5,1,rain,B,4,120,Low
5,1,rain,C,7,130,Low
5,2,rain,A,10,150,Low
5,2,rain,B,4,120,Low
5,2,rain,C,9,130,Low
5,3,rain,A,12,150,Low
5,3,rain,B,4,120,Low
5,3,rain,C,7,130,Low
5,4,rain,A,11,150,Low
5,4,rain,B,4,120,Low
5,4,rain,C,7,130,Low
5,5,rain,A,10,150,Low
5,5,rain,B,4,120,Low
5,5,rain,C,5,130,Low
5,6,rain,A,49,150,Low
5,6,rain,B,15,120,Low
5,6,rain,C,20,130,Low
5,7,rain,A,39,150,Low
5,7,rain,B,16,120,Low
5,7,rain,C,29,130,Low
5,8,rain,A,92,150,Moderate
5,8,rain,B,33,120,Low
5,8,rain,C,40,130,Low
5,9,rain,A,87,150,Moderate
5,9,rain,B,33,120,Low
5,9,rain,C,54,130,Moderate
5,10,rain,A,89,150,Moderate
5,10,rain,B,21,120,Low
5,10,rain,C,45,130,Low
5,11,rain,A,100,150,High
5,11,rain,B,28,120,Low
5,11,rain,C,70,130,Moderate
5,12,rain,A,37,150,Low
5,12,rain,B,20,120,Low
5,12,rain,C,26,130,Low
5,13,rain,A,52,150,Low
5,13,rain,B,16,120,Low
5,13,rain,C,29,130,Low
5,14,rain,A,50,150,Low
5,14,rain,B,15,120,Low
5,14,rain,C,32,130,Low
5,15,rain,A,44,150,Low
5,15,rain,B,17,120,Low
5,15,rain,C,17,130,Low
5,16,rain,A,43,150,Low
5,16,rain,B,19,120,Low
5,16,rain,C,32,130,Low
5,17,rain,A,104,150,High
5,17,rain,B,33,120,Low
5,17,rain,C,73,130,Moderate
5,18,rain,A,96,150,Moderate
5,18,rain,B,30,120,Low
5,18,rain,C,66,130,Moderate
5,19,rain,A,105,150,High
5,19,rain,B,36,120,Low
5,19,rain,C,55,130,Moderate
5,20,rain,A,96,150,Moderate
5,20,rain,B,40,120,Low
5,20,rain,C,63,130,Moderate
5,21,rain,A,35,150,Low
5,21,rain,B,15,120,Low
5,21,rain,C,26,130,Low
5,22,rain,A,40,150,Low
5,22,rain,B,11,120,Low
5,22,rain,C,37,130,Low
5,23,rain,A,40,150,Low
5,23,rain,B,14,120,Low
5,23,rain,C,20,130,Low
6,0,clear,A,9,150,Low
6,0,clear,B,3,120,Low
6,0,clear,C,5,130,Low
6,1,clear,A,10,150,Low
6,1,clear,B,3,120,Low
6,1,clear,C,4,130,Low
6,2,clear,A,7,150,Low
6,2,clear,B,2,120,Low
6,2,clear,C,6,130,Low
6,3,clear,A,10,150,Low
6,3,clear,B,4,120,Low
6,3,clear,C,4,130,Low
6,4,clear,A,10,150,Low
6,4,clear,B,3,120,Low
6,4,clear,C,8,130,Low
6,5,clear,A,11,150,Low
6,5,clear,B,4,120,Low
6,5,clear,C,6,130,Low
6,6,clear,A,40,150,Low
6,6,clear,B,13,120,Low
6,6,clear,C,22,130,Low
6,7,clear,A,33,150,Low
6,7,clear,B,15,120,Low
6,7,clear,C,30,130,Low
6,8,clear,A,65,150,Moderate
6,8,clear,B,22,120,Low
6,8,clear,C,34,130,Low
6,9,clear,A,71,150,Moderate
6,9,clear,B,29,120,Low
6,9,clear,C,52,130,Moderate
6,10,clear,A,83,150,Moderate
6,10,clear,B,26,120,Low
6,10,clear,C,44,130,Low
6,11,clear,A,82,150,Moderate
6,11,clear,B,21,120,Low
6,11,clear,C,41,130,Low
6,12,clear,A,48,150,Low
6,12,clear,B,11,120,Low
6,12,clear,C,24,130,Low
6,13,clear,A,42,150,Low
6,13,clear,B,14,120,Low
6,13,clear,C,28,130,Low
6,14,clear,A,47,150,Low
6,14,clear,B,15,120,Low
6,14,clear,C,29,130,Low
6,15,clear,A,33,150,Low
6,15,clear,B,13,120,Low
6,15,clear,C,33,130,Low
6,16,clear,A,49,150,Low
6,16,clear,B,11,120,Low
6,16,clear,C,24,130,Low
6,17,clear,A,78,150,Moderate
6,17,clear,B,29,120,Low
6,17,clear,C,58,130,Moderate
6,18,clear,A,98,150,High
6,18,clear,B,28,120,Low
6,18,clear,C,57,130,Moderate
6,19,clear,A,84,150,Moderate
6,19,clear,B,27,120,Low
6,19,clear,C,36,130,Low
6,20,clear,A,88,150,Moderate
6,20,clear,B,30,120,Low
6,20,clear,C,51,130,Moderate
6,21,clear,A,32,150,Low
6,21,clear,B,18,120,Low
6,21,clear,C,25,130,Low
6,22,clear,A,31,150,Low
6,22,clear,B,11,120,Low
6,22,clear,C,26,130,Low
6,23,clear,A,42,150,Low
6,23,clear,B,13,120,Low
6,23,clear,C,26,130,Low
0,0,clear,A,14,150,Low
0,0,clear,B,4,120,Low
0,0,clear,C,10,130,Low
0,1,clear,A,15,150,Low
0,1,clear,B,5,120,Low
0,1,clear,C,7,130,Low
0,2,clear,A,11,150,Low
0,2,clear,B,5,120,Low
0,2,clear,C,9,130,Low
0,3,clear,A,15,150,Low
0,3,clear,B,5,120,Low
0,3,clear,C,8,130,Low
0,4,clear,A,12,150,Low
0,4,clear,B,4,120,Low
0,4,clear,C,8,130,Low
0,5,clear,A,16,150,Low
0,5,clear,B,4,120,Low
0,5,clear,C,8,130,Low
0,6,clear,A,71,150,Moderate
0,6,clear,B,24,120,Low
0,6,clear,C,30,130,Low
0,7,clear,A,67,150,Moderate
0,7,clear,B,16,120,Low
0,7,clear,C,32,130,Low
0,8,clear,A,94,150,Moderate
0,8,clear,B,35,120,Low
0,8,clear,C,68,130,Moderate
0,9,clear,A,100,150,High
0,9,clear,B,39,120,Low
0,9,clear,C,59,130,Moderate
0,10,clear,A,104,150,High
0,10,clear,B,36,120,Low
0,10,clear,C,49,130,Moderate
0,11,clear,A,106,150,High
0,11,clear,B,36,120,Low
0,11,clear,C,56,130,Moderate
0,12,clear,A,51,150,Low
0,12,clear,B,18,120,Low
0,12,clear,C,33,130,Low
0,13,clear,A,69,150,Moderate
0,13,clear,B,26,120,Low
0,13,clear,C,20,130,Low
0,14,clear,A,59,150,Moderate
0,14,clear,B,22,120,Low
0,14,clear,C,33,130,Low
0,15,clear,A,62,150,Moderate
0,15,clear,B,24,120,Low
0,15,clear,C,27,130,Low
0,16,clear,A,56,150,Moderate
0,16,clear,B,25,120,Low
0,16,clear,C,28,130,Low
0,17,clear,A,108,150,High
0,17,clear,B,37,120,Low
0,17,clear,C,81,130,Moderate
0,18,clear,A,129,150,High
0,18,clear,B,40,120,Low
0,18,clear,C,70,130,Moderate
0,19,clear,A,81,150,Moderate
0,19,clear,B,48,120,Moderate
0,19,clear,C,66,130,Moderate
0,20,clear,A,107,150,High
0,20,clear,B,45,120,Moderate
0,20,clear,C,72,130,Moderate
0,21,clear,A,63,150,Moderate
0,21,clear,B,21,120,Low
0,21,clear,C,36,130,Low
0,22,clear,A,57,150,Moderate
0,22,clear,B,16,120,Low
0,22,clear,C,34,130,Low
0,23,clear,A,63,150,Moderate
0,23,clear,B,17,120,Low
0,23,clear,C,31,130,Low
1,0,clear,A,14,150,Low
1,0,clear,B,6,120,Low
1,0,clear,C,9,130,Low
1,1,clear,A,9,150,Low
1,1,clear,B,5,120,Low
1,1,clear,C,8,130,Low
1,2,clear,A,14,150,Low
1,2,clear,B,4,120,Low
1,2,clear,C,7,130,Low
1,3,clear,A,13,150,Low
1,3,clear,B,4,120,Low
1,3,clear,C,9,130,Low
1,4,clear,A,11,150,Low
1,4,clear,B,4,120,Low
1,4,clear,C,9,130,Low
1,5,clear,A,16,150,Low
1,5,clear,B,5,120,Low
1,5,clear,C,7,130,Low
1,6,clear,A,48,150,Low
1,6,clear,B,17,120,Low
1,6,clear,C,39,130,Low
1,7,clear,A,48,150,Low
1,7,clear,B,22,120,Low
1,7,clear,C,38,130,Low
1,8,clear,A,117,150,High
1,8,clear,B,41,120,Low
1,8,clear,C,68,130,Moderate
1,9,clear,A,77,150,Moderate
1,9,clear,B,39,120,Low
1,9,clear,C,64,130,Moderate
1,10,clear,A,93,150,Moderate
1,10,clear,B,43,120,Moderate
1,10,clear,C,61,130,Moderate
1,11,clear,A,91,150,Moderate
1,11,clear,B,42,120,Moderate
1,11,clear,C,59,130,Moderate
1,12,clear,A,50,150,Low
1,12,clear,B,16,120,Low
1,12,clear,C,30,130,Low
1,13,clear,A,48,150,Low
1,13,clear,B,21,120,Low
1,13,clear,C,29,130,Low
1,14,clear,A,39,150,Low
1,14,clear,B,20,120,Low
1,14,clear,C,31,130,Low
1,15,clear,A,54,150,Moderate
1,15,clear,B,23,120,Low
1,15,clear,C,35,130,Low
1,16,clear,A,67,150,Moderate
1,16,clear,B,19,120,Low
1,16,clear,C,40,130,Low
1,17,clear,A,100,150,High
1,17,clear,B,40,120,Low
1,17,clear,C,60,130,Moderate
1,18,clear,A,96,150,Moderate
1,18,clear,B,38,120,Low
1,18,clear,C,56,130,Moderate
1,19,clear,A,112,150,High
1,19,clear,B,38,120,Low
1,19,clear,C,72,130,Moderate
1,20,clear,A,88,150,Moderate
1,20,clear,B,44,120,Moderate
1,20,clear,C,87,130,High
1,21,clear,A,67,150,Moderate
1,21,clear,B,25,120,Low
1,21,clear,C,35,130,Low
1,22,clear,A,52,150,Low
1,22,clear,B,21,120,Low
1,22,clear,C,33,130,Low
1,23,clear,A,40,150,Low
1,23,clear,B,22,120,Low
1,23,clear,C,33,130,Low
2,0,rain,A,15,150,Low
2,0,rain,B,5,120,Low
2,0,rain,C,10,130,Low
2,1,rain,A,16,150,Low
2,1,rain,B,7,120,Low
2,1,rain,C,8,130,Low
2,2,rain,A,16,150,Low
2,2,rain,B,5,120,Low
2,2,rain,C,12,130,Low
2,3,rain,A,15,150,Low
2,3,rain,B,5,120,Low
2,3,rain,C,12,130,Low
2,4,rain,A,19,150,Low
2,4,rain,B,7,120,Low
2,4,rain,C,7,130,Low
2,5,rain,A,17,150,Low
2,5,rain,B,6,120,Low
2,5,rain,C,10,130,Low
2,6,rain,A,66,150,Moderate
2,6,rain,B,28,120,Low
2,6,rain,C,48,130,Moderate
2,7,rain,A,74,150,Moderate
2,7,rain,B,24,120,Low
2,7,rain,C,56,130,Moderate
2,8,rain,A,111,150,High
2,8,rain,B,32,120,Low
2,8,rain,C,72,130,Moderate
2,9,rain,A,119,150,High
2,9,rain,B,51,120,Moderate
2,9,rain,C,69,130,Moderate
2,10,rain,A,127,150,High
2,10,rain,B,33,120,Low
2,10,rain,C,87,130,High
2,11,rain,A,120,150,High
2,11,rain,B,41,120,Low
2,11,rain,C,99,130,High
2,12,rain,A,76,150,Moderate
2,12,rain,B,20,120,Low
2,12,rain,C,41,130,Low
2,13,rain,A,93,150,Moderate
2,13,rain,B,31,120,Low
2,13,rain,C,47,130,Moderate
2,14,rain,A,47,150,Low
2,14,rain,B,28,120,Low
2,14,rain,C,37,130,Low
2,15,rain,A,79,150,Moderate
2,15,rain,B,21,120,Low
2,15,rain,C,45,130,Low
2,16,rain,A,59,150,Moderate
2,16,rain,B,22,120,Low
2,16,rain,C,45,130,Low
2,17,rain,A,105,150,High
2,17,rain,B,65,120,Moderate
2,17,rain,C,71,130,Moderate
2,18,rain,A,110,150,High
2,18,rain,B,52,120,Moderate
2,18,rain,C,100,130,High
2,19,rain,A,125,150,High
2,19,rain,B,40,120,Low
2,19,rain,C,72,130,Moderate
2,20,rain,A,111,150,High
2,20,rain,B,50,120,Moderate
2,20,rain,C,83,130,Moderate
2,21,rain,A,70,150,Moderate
2,21,rain,B,25,120,Low
2,21,rain,C,47,130,Moderate
2,22,rain,A,61,150,Moderate
2,22,rain,B,21,120,Low
2,22,rain,C,42,130,Low
2,23,rain,A,65,150,Moderate
2,23,rain,B,24,120,Low
2,23,rain,C,37,130,Low
3,0,clear,A,11,150,Low
3,0,clear,B,4,120,Low
3,0,clear,C,10,130,Low
3,1,clear,A,11,150,Low
3,1,clear,B,5,120,Low
3,1,clear,C,6,130,Low
3,2,clear,A,10,150,Low
3,2,clear,B,3,120,Low
3,2,clear,C,8,130,Low
3,3,clear,A,15,150,Low
3,3,clear,B,5,120,Low
3,3,clear,C,10,130,Low
3,4,clear,A,15,150,Low
3,4,clear,B,4,120,Low
3,4,clear,C,7,130,Low
3,5,clear,A,15,150,Low
3,5,clear,B,6,120,Low
3,5,clear,C,7,130,Low
3,6,clear,A,65,150,Moderate
3,6,clear,B,14,120,Low
3,6,clear,C,37,130,Low
3,7,clear,A,54,150,Moderate
3,7,clear,B,19,120,Low
3,7,clear,C,35,130,Low
3,8,clear,A,86,150,Moderate
3,8,clear,B,38,120,Low
3,8,clear,C,63,130,Moderate
3,9,clear,A,112,150,High
3,9,clear,B,44,120,Moderate
3,9,clear,C,64,130,Moderate
3,10,clear,A,86,150,Moderate
3,10,clear,B,29,120,Low
3,10,clear,C,79,130,Moderate
3,11,clear,A,122,150,High
3,11,clear,B,40,120,Low
3,11,clear,C,63,130,Moderate
3,12,clear,A,61,150,Moderate
3,12,clear,B,23,120,Low
3,12,clear,C,31,130,Low
3,13,clear,A,55,150,Moderate
3,13,clear,B,16,120,Low
3,13,clear,C,34,130,Low
3,14,clear,A,67,150,Moderate
3,14,clear,B,23,120,Low
3,14,clear,C,35,130,Low
3,15,clear,A,32,150,Low
3,15,clear,B,18,120,Low
3,15,clear,C,35,130,Low
3,16,clear,A,53,150,Moderate
3,16,clear,B,20,120,Low
3,16,clear,C,36,130,Low
3,17,clear,A,101,150,High
3,17,clear,B,39,120,Low
3,17,clear,C,68,130,Moderate
3,18,clear,A,98,150,High
3,18,clear,B,51,120,Moderate
3,18,clear,C,64,130,Moderate
3,19,clear,A,72,150,Moderate
3,19,clear,B,50,120,Moderate
3,19,clear,C,61,130,Moderate
3,20,clear,A,124,150,High
3,20,clear,B,35,120,Low
3,20,clear,C,75,130,Moderate
3,21,clear,A,54,150,Moderate
3,21,clear,B,23,120,Low
3,21,clear,C,33,130,Low
3,22,clear,A,49,150,Low
3,22,clear,B,20,120,Low
3,22,clear,C,32,130,Low
3,23,clear,A,39,150,Low
3,23,clear,B,18,120,Low
3,23,clear,C,50,130,Moderate
4,0,fog,A,15,150,Low
4,0,fog,B,5,120,Low
4,0,fog,C,12,130,Low
4,1,fog,A,12,150,Low
4,1,fog,B,5,120,Low
4,1,fog,C,10,130,Low
4,2,fog,A,14,150,Low
4,2,fog,B,4,120,Low
4,2,fog,C,9,130,Low
4,3,fog,A,14,150,Low
4,3,fog,B,5,120,Low
4,3,fog,C,10,130,Low
4,4,fog,A,16,150,Low
4,4,fog,B,5,120,Low
4,4,fog,C,10,130,Low
4,5,fog,A,17,150,Low
4,5,fog,B,6,120,Low
4,5,fog,C,9,130,Low
4,6,fog,A,67,150,Moderate
4,6,fog,B,17,120,Low
4,6,fog,C,25,130,Low
4,7,fog,A,77,150,Moderate
4,7,fog,B,20,120,Low
4,7,fog,C,39,130,Low
4,8,fog,A,88,150,Moderate
4,8,fog,B,32,120,Low
4,8,fog,C,61,130,Moderate
4,9,fog,A,119,150,High
4,9,fog,B,36,120,Low
4,9,fog,C,65,130,Moderate
4,10,fog,A,96,150,Moderate
4,10,fog,B,46,120,Moderate
4,10,fog,C,78,130,Moderate
4,11,fog,A,100,150,High
4,11,fog,B,43,120,Moderate
4,11,fog,C,66,130,Moderate
4,12,fog,A,57,150,Moderate
4,12,fog,B,21,120,Low
4,12,fog,C,42,130,Low
4,13,fog,A,52,150,Low
4,13,fog,B,23,120,Low
4,13,fog,C,52,130,Moderate
4,14,fog,A,62,150,Moderate
4,14,fog,B,22,120,Low
4,14,fog,C,38,130,Low
4,15,fog,A,64,150,Moderate
4,15,fog,B,16,120,Low
4,15,fog,C,48,130,Moderate
4,16,fog,A,69,150,Moderate
4,16,fog,B,19,120,Low
4,16,fog,C,38,130,Low
4,17,fog,A,110,150,High
4,17,fog,B,45,120,Moderate
4,17,fog,C,77,130,Moderate
4,18,fog,A,125,150,High
4,18,fog,B,37,120,Low
4,18,fog,C,71,130,Moderate
4,19,fog,A,141,150,High
4,19,fog,B,40,120,Low
4,19,fog,C,46,130,Moderate
4,20,fog,A,118,150,High
4,20,fog,B,59,120,Moderate
4,20,fog,C,86,130,High
4,21,fog,A,55,150,Moderate
4,21,fog,B,21,120,Low
4,21,fog,C,42,130,Low
4,22,fog,A,44,150,Low
4,22,fog,B,19,120,Low
4,22,fog,C,40,130,Low
4,23,fog,A,74,150,Moderate
4,23,fog,B,20,120,Low
4,23,fog,C,47,130,Moderate
5,0,fog,A,5,150,Low
5,0,fog,B,4,120,Low
5,0,fog,C,7,130,Low
5,1,fog,A,11,150,Low
5,1,fog,B,4,120,Low
5,1,fog,C,6,130,Low
5,2,fog,A,10,150,Low
5,2,fog,B,3,120,Low
5,2,fog,C,6,130,Low
5,3,fog,A,9,150,Low
5,3,fog,B,2,120,Low
5,3,fog,C,5,130,Low
5,4,fog,A,10,150,Low
5,4,fog,B,2,120,Low
5,4,fog,C,4,130,Low
5,5,fog,A,10,150,Low
5,5,fog,B,3,120,Low
5,5,fog,C,6,130,Low
5,6,fog,A,27,150,Low
5,6,fog,B,18,120,Low
5,6,fog,C,21,130,Low
5,7,fog,A,37,150,Low
5,7,fog,B,12,120,Low
5,7,fog,C,32,130,Low
5,8,fog,A,81,150,Moderate
5,8,fog,B,25,120,Low
5,8,fog,C,44,130,Low
5,9,fog,A,78,150,Moderate
5,9,fog,B,22,120,Low
5,9,fog,C,51,130,Moderate
5,10,fog,A,69,150,Moderate
5,10,fog,B,29,120,Low
5,10,fog,C,52,130,Moderate
5,11,fog,A,69,150,Moderate
5,11,fog,B,19,120,Low
5,11,fog,C,46,130,Moderate
5,12,fog,A,33,150,Low
5,12,fog,B,15,120,Low
5,12,fog,C,25,130,Low
5,13,fog,A,38,150,Low
5,13,fog,B,12,120,Low
5,13,fog,C,31,130,Low
5,14,fog,A,39,150,Low
5,14,fog,B,20,120,Low
5,14,fog,C,27,130,Low
5,15,fog,A,44,150,Low
5,15,fog,B,15,120,Low
5,15,fog,C,28,130,Low
5,16,fog,A,49,150,Low
5,16,fog,B,17,120,Low
5,16,fog,C,19,130,Low
5,17,fog,A,95,150,Moderate
5,17,fog,B,33,120,Low
5,17,fog,C,54,130,Moderate
5,18,fog,A,106,150,High
5,18,fog,B,38,120,Low
5,18,fog,C,61,130,Moderate
5,19,fog,A,77,150,Moderate
5,19,fog,B,25,120,Low
5,19,fog,C,59,130,Moderate
5,20,fog,A,101,150,High
5,20,fog,B,21,120,Low
5,20,fog,C,62,130,Moderate
5,21,fog,A,40,150,Low
5,21,fog,B,11,120,Low
5,21,fog,C,28,130,Low
5,22,fog,A,48,150,Low
5,22,fog,B,14,120,Low
5,22,fog,C,22,130,Low
5,23,fog,A,53,150,Moderate
5,23,fog,B,13,120,Low
5,23,fog,C,31,130,Low
6,0,clear,A,10,150,Low
6,0,clear,B,3,120,Low
6,0,clear,C,6,130,Low
6,1,clear,A,11,150,Low
6,1,clear,B,3,120,Low
6,1,clear,C,6,130,Low
6,2,clear,A,7,150,Low
6,2,clear,B,2,120,Low
6,2,clear,C,5,130,Low
6,3,clear,A,10,150,Low
6,3,clear,B,4,120,Low
6,3,clear,C,7,130,Low
6,4,clear,A,9,150,Low
6,4,clear,B,3,120,Low
6,4,clear,C,6,130,Low
6,5,clear,A,10,150,Low
6,5,clear,B,3,120,Low
6,5,clear,C,6,130,Low
6,6,clear,A,37,150,Low
6,6,clear,B,13,120,Low
6,6,clear,C,23,130,Low
6,7,clear,A,37,150,Low
6,7,clear,B,13,120,Low
6,7,clear,C,20,130,Low
6,8,clear,A,78,150,Moderate
6,8,clear,B,27,120,Low
6,8,clear,C,56,130,Moderate
6,9,clear,A,73,150,Moderate
6,9,clear,B,23,120,Low
6,9,clear,C,39,130,Low
6,10,clear,A,69,150,Moderate
6,10,clear,B,27,120,Low
6,10,clear,C,42,130,Low
6,11,clear,A,54,150,Moderate
6,11,clear,B,22,120,Low
6,11,clear,C,44,130,Low
6,12,clear,A,42,150,Low
6,12,clear,B,10,120,Low
6,12,clear,C,25,130,Low
6,13,clear,A,39,150,Low
6,13,clear,B,13,120,Low
6,13,clear,C,22,130,Low
6,14,clear,A,34,150,Low
6,14,clear,B,14,120,Low
6,14,clear,C,28,130,Low
6,15,clear,A,45,150,Low
6,15,clear,B,11,120,Low
6,15,clear,C,23,130,Low
6,16,clear,A,25,150,Low
6,16,clear,B,14,120,Low
6,16,clear,C,26,130,Low
6,17,clear,A,95,150,Moderate
6,17,clear,B,20,120,Low
6,17,clear,C,41,130,Low
6,18,clear,A,78,150,Moderate
6,18,clear,B,21,120,Low
6,18,clear,C,50,130,Moderate
6,19,clear,A,84,150,Moderate
6,19,clear,B,22,120,Low
6,19,clear,C,49,130,Moderate
6,20,clear,A,62,150,Moderate
6,20,clear,B,33,120,Low
6,20,clear,C,50,130,Moderate
6,21,clear,A,34,150,Low
6,21,clear,B,11,120,Low
6,21,clear,C,25,130,Low
6,22,clear,A,46,150,Low
6,22,clear,B,12,120,Low
6,22,clear,C,22,130,Low
6,23,clear,A,34,150,Low
6,23,clear,B,17,120,Low
6,23,clear,C,17,130,Low
0,0,clear,A,12,150,Low
0,0,clear,B,4,120,Low
0,0,clear,C,8,130,Low
0,1,clear,A,14,150,Low
0,1,clear,B,4,120,Low
0,1,clear,C,10,130,Low
0,2,clear,A,16,150,Low
0,2,clear,B,4,120,Low
0,2,clear,C,9,130,Low
0,3,clear,A,13,150,Low
0,3,clear,B,5,120,Low
0,3,clear,C,10,130,Low
0,4,clear,A,12,150,Low
0,4,clear,B,5,120,Low
0,4,clear,C,9,130,Low
0,5,clear,A,13,150,Low
0,5,clear,B,5,120,Low
0,5,clear,C,9,130,Low
0,6,clear,A,45,150,Low
0,6,clear,B,18,120,Low
0,6,clear,C,29,130,Low
0,7,clear,A,52,150,Low
0,7,clear,B,24,120,Low
0,7,clear,C,38,130,Low
0,8,clear,A,77,150,Moderate
0,8,clear,B,34,120,Low
0,8,clear,C,65,130,Moderate
0,9,clear,A,110,150,High
0,9,clear,B,32,120,Low
0,9,clear,C,51,130,Moderate
0,10,clear,A,98,150,High
0,10,clear,B,39,120,Low
0,10,clear,C,65,130,Moderate
0,11,clear,A,85,150,Moderate
0,11,clear,B,45,120,Moderate
0,11,clear,C,62,130,Moderate
0,12,clear,A,56,150,Moderate
0,12,clear,B,18,120,Low
0,12,clear,C,40,130,Low
0,13,clear,A,59,150,Moderate
0,13,clear,B,20,120,Low
0,13,clear,C,28,130,Low
0,14,clear,A,64,150,Moderate
0,14,clear,B,22,120,Low
0,14,clear,C,40,130,Low
0,15,clear,A,55,150,Moderate
0,15,clear,B,19,120,Low
0,15,clear,C,34,130,Low
0,16,clear,A,73,150,Moderate
0,16,clear,B,18,120,Low
0,16,clear,C,28,130,Low
0,17,clear,A,103,150,High
0,17,clear,B,36,120,Low
0,17,clear,C,83,130,Moderate
0,18,clear,A,87,150,Moderate
0,18,clear,B,36,120,Low
0,18,clear,C,72,130,Moderate
0,19,clear,A,130,150,High
0,19,clear,B,44,120,Moderate
0,19,clear,C,86,130,High
0,20,clear,A,115,150,High
0,20,clear,B,38,120,Low
0,20,clear,C,78,130,Moderate
0,21,clear,A,43,150,Low
0,21,clear,B,14,120,Low
0,21,clear,C,40,130,Low
0,22,clear,A,56,150,Moderate
0,22,clear,B,22,120,Low
0,22,clear,C,30,130,Low
0,23,clear,A,65,150,Moderate
0,23,clear,B,22,120,Low
0,23,clear,C,34,130,Low
1,0,rain,A,17,150,Low
1,0,rain,B,5,120,Low
1,0,rain,C,9,130,Low
1,1,rain,A,17,150,Low
1,1,rain,B,5,120,Low
1,1,rain,C,8,130,Low
1,2,rain,A,17,150,Low
1,2,rain,B,6,120,Low
1,2,rain,C,12,130,Low
1,3,rain,A,17,150,Low
1,3,rain,B,6,120,Low
1,3,rain,C,12,130,Low
1,4,rain,A,16,150,Low
1,4,rain,B,4,120,Low
1,4,rain,C,12,130,Low
1,5,rain,A,14,150,Low
1,5,rain,B,4,120,Low
1,5,rain,C,8,130,Low
1,6,rain,A,90,150,Moderate
1,6,rain,B,25,120,Low
1,6,rain,C,35,130,Low
1,7,rain,A,59,150,Moderate
1,7,rain,B,23,120,Low
1,7,rain,C,45,130,Low
1,8,rain,A,123,150,High
1,8,rain,B,37,120,Low
1,8,rain,C,79,130,Moderate
1,9,rain,A,107,150,High
1,9,rain,B,49,120,Moderate
1,9,rain,C,76,130,Moderate
1,10,rain,A,105,150,High
1,10,rain,B,47,120,Moderate
1,10,rain,C,79,130,Moderate
1,11,rain,A,110,150,High
1,11,rain,B,47,120,Moderate
1,11,rain,C,82,130,Moderate
1,12,rain,A,77,150,Moderate
1,12,rain,B,26,120,Low
1,12,rain,C,40,130,Low
1,13,rain,A,49,150,Low
1,13,rain,B,24,120,Low
1,13,rain,C,44,130,Low
1,14,rain,A,66,150,Moderate
1,14,rain,B,13,120,Low
1,14,rain,C,46,130,Moderate
1,15,rain,A,56,150,Moderate
1,15,rain,B,26,120,Low
1,15,rain,C,52,130,Moderate
1,16,rain,A,63,150,Moderate
1,16,rain,B,25,120,Low
1,16,rain,C,42,130,Low
1,17,rain,A,142,150,High
1,17,rain,B,48,120,Moderate
1,17,rain,C,77,130,Moderate
1,18,rain,A,114,150,High
1,18,rain,B,59,120,Moderate
1,18,rain,C,89,130,High
1,19,rain,A,148,150,High
1,19,rain,B,50,120,Moderate
1,19,rain,C,96,130,High
1,20,rain,A,114,150,High
1,20,rain,B,48,120,Moderate
1,20,rain,C,90,130,High
1,21,rain,A,78,150,Moderate
1,21,rain,B,33,120,Low
1,21,rain,C,44,130,Low
1,22,rain,A,59,150,Moderate
1,22,rain,B,19,120,Low
1,22,rain,C,36,130,Low
1,23,rain,A,58,150,Moderate
1,23,rain,B,13,120,Low
1,23,rain,C,37,130,Low
2,0,clear,A,13,150,Low
2,0,clear,B,4,120,Low
2,0,clear,C,6,130,Low
2,1,clear,A,15,150,Low
2,1,clear,B,5,120,Low
2,1,clear,C,8,130,Low
2,2,clear,A,9,150,Low
2,2,clear,B,4,120,Low
2,2,clear,C,9,130,Low
2,3,clear,A,13,150,Low
2,3,clear,B,5,120,Low
2,3,clear,C,9,130,Low
2,4,clear,A,14,150,Low
2,4,clear,B,5,120,Low
2,4,clear,C,7,130,Low
2,5,clear,A,11,150,Low
2,5,clear,B,5,120,Low
2,5,clear,C,9,130,Low
2,6,clear,A,59,150,Moderate
2,6,clear,B,20,120,Low
2,6,clear,C,33,130,Low
2,7,clear,A,56,150,Moderate
2,7,clear,B,21,120,Low
2,7,clear,C,37,130,Low
2,8,clear,A,137,150,High
2,8,clear,B,31,120,Low
2,8,clear,C,93,130,High
2,9,clear,A,80,150,Moderate
2,9,clear,B,38,120,Low
2,9,clear,C,51,130,Moderate
2,10,clear,A,103,150,High
2,10,clear,B,41,120,Low
2,10,clear,C,63,130,Moderate
2,11,clear,A,113,150,High
2,11,clear,B,33,120,Low
2,11,clear,C,43,130,Low
2,12,clear,A,60,150,Moderate
2,12,clear,B,20,120,Low
2,12,clear,C,32,130,Low
2,13,clear,A,51,150,Low
2,13,clear,B,21,120,Low
2,13,clear,C,30,130,Low
2,14,clear,A,58,150,Moderate
2,14,clear,B,23,120,Low
2,14,clear,C,45,130,Low
2,15,clear,A,66,150,Moderate
2,15,clear,B,20,120,Low
2,15,clear,C,36,130,Low
2,16,clear,A,51,150,Low
2,16,clear,B,18,120,Low
2,16,clear,C,39,130,Low
2,17,clear,A,104,150,High
2,17,clear,B,42,120,Moderate
2,17,clear,C,59,130,Moderate
2,18,clear,A,132,150,High
2,18,clear,B,38,120,Low
2,18,clear,C,81,130,Moderate
2,19,clear,A,98,150,High
2,19,clear,B,35,120,Low
2,19,clear,C,83,130,Moderate
2,20,clear,A,99,150,High
2,20,clear,B,30,120,Low
2,20,clear,C,59,130,Moderate
2,21,clear,A,62,150,Moderate
2,21,clear,B,22,120,Low
2,21,clear,C,30,130,Low
2,22,clear,A,49,150,Low
2,22,clear,B,22,120,Low
2,22,clear,C,41,130,Low
2,23,clear,A,54,150,Moderate
2,23,clear,B,21,120,Low
2,23,clear,C,39,130,Low
3,0,clear,A,11,150,Low
3,0,clear,B,4,120,Low
3,0,clear,C,8,130,Low
3,1,clear,A,15,150,Low
3,1,clear,B,4,120,Low
3,1,clear,C,9,130,Low
3,2,clear,A,14,150,Low
3,2,clear,B,5,120,Low
3,2,clear,C,8,130,Low
3,3,clear,A,15,150,Low
3,3,clear,B,4,120,Low
3,3,clear,C,8,130,Low
3,4,clear,A,11,150,Low
3,4,clear,B,5,120,Low
3,4,clear,C,8,130,Low
3,5,clear,A,15,150,Low
3,5,clear,B,4,120,Low
3,5,clear,C,8,130,Low
3,6,clear,A,52,150,Low
3,6,clear,B,25,120,Low
3,6,clear,C,26,130,Low
3,7,clear,A,49,150,Low
3,7,clear,B,20,120,Low
3,7,clear,C,31,130,Low
3,8,clear,A,106,150,High
3,8,clear,B,35,120,Low
3,8,clear,C,65,130,Moderate
3,9,clear,A,100,150,High
3,9,clear,B,35,120,Low
3,9,clear,C,50,130,Moderate
3,10,clear,A,101,150,High
3,10,clear,B,26,120,Low
3,10,clear,C,56,130,Moderate
3,11,clear,A,106,150,High
3,11,clear,B,42,120,Moderate
3,11,clear,C,85,130,High
3,12,clear,A,51,150,Low
3,12,clear,B,17,120,Low
3,12,clear,C,37,130,Low
3,13,clear,A,70,150,Moderate
3,13,clear,B,24,120,Low
3,13,clear,C,29,130,Low
3,14,clear,A,53,150,Moderate
3,14,clear,B,22,120,Low
3,14,clear,C,39,130,Low
3,15,clear,A,59,150,Moderate
3,15,clear,B,18,120,Low
3,15,clear,C,38,130,Low
3,16,clear,A,62,150,Moderate
3,16,clear,B,17,120,Low
3,16,clear,C,41,130,Low
3,17,clear,A,126,150,High
3,17,clear,B,35,120,Low
3,17,clear,C,79,130,Moderate
3,18,clear,A,123,150,High
3,18,clear,B,45,120,Moderate
3,18,clear,C,86,130,High
3,19,clear,A,109,150,High
3,19,clear,B,41,120,Low
3,19,clear,C,42,130,Low
3,20,clear,A,128,150,High
3,20,clear,B,46,120,Moderate
3,20,clear,C,84,130,Moderate
3,21,clear,A,47,150,Low
3,21,clear,B,22,120,Low
3,21,clear,C,40,130,Low
3,22,clear,A,49,150,Low
3,22,clear,B,23,120,Low
3,22,clear,C,37,130,Low
3,23,clear,A,40,150,Low
3,23,clear,B,21,120,Low
3,23,clear,C,30,130,Low
4,0,clear,A,14,150,Low
4,0,clear,B,4,120,Low
4,0,clear,C,10,130,Low
4,1,clear,A,14,150,Low
4,1,clear,B,5,120,Low
4,1,clear,C,9,130,Low
4,2,clear,A,15,150,Low
4,2,clear,B,4,120,Low
4,2,clear,C,9,130,Low
4,3,clear,A,13,150,Low
4,3,clear,B,5,120,Low
4,3,clear,C,9,130,Low
4,4,clear,A,12,150,Low
4,4,clear,B,4,120,Low
4,4,clear,C,10,130,Low
4,5,clear,A,10,150,Low
4,5,clear,B,5,120,Low
4,5,clear,C,10,130,Low
4,6,clear,A,59,150,Moderate
4,6,clear,B,25,120,Low
4,6,clear,C,39,130,Low
4,7,clear,A,58,150,Moderate
4,7,clear,B,18,120,Low
4,7,clear,C,37,130,Low
4,8,clear,A,109,150,High
4,8,clear,B,36,120,Low
4,8,clear,C,55,130,Moderate
4,9,clear,A,81,150,Moderate
4,9,clear,B,37,120,Low
4,9,clear,C,49,130,Moderate
4,10,clear,A,91,150,Moderate
4,10,clear,B,22,120,Low
4,10,clear,C,70,130,Moderate
4,11,clear,A,116,150,High
4,11,clear,B,36,120,Low
4,11,clear,C,80,130,Moderate
4,12,clear,A,66,150,Moderate
4,12,clear,B,21,120,Low
4,12,clear,C,34,130,Low
4,13,clear,A,52,150,Low
4,13,clear,B,21,120,Low
4,13,clear,C,34,130,Low
4,14,clear,A,59,150,Moderate
4,14,clear,B,21,120,Low
4,14,clear,C,33,130,Low
4,15,clear,A,64,150,Moderate
4,15,clear,B,19,120,Low
4,15,clear,C,35,130,Low
4,16,clear,A,46,150,Low
4,16,clear,B,19,120,Low
4,16,clear,C,46,130,Moderate
4,17,clear,A,95,150,Moderate
4,17,clear,B,42,120,Moderate
4,17,clear,C,65,130,Moderate
4,18,clear,A,73,150,Moderate
4,18,clear,B,43,120,Moderate
4,18,clear,C,64,130,Moderate
4,19,clear,A,115,150,High
4,19,clear,B,45,120,Moderate
4,19,clear,C,72,130,Moderate
4,20,clear,A,115,150,High
4,20,clear,B,34,120,Low
4,20,clear,C,77,130,Moderate
4,21,clear,A,53,150,Moderate
4,21,clear,B,14,120,Low
4,21,clear,C,39,130,Low
4,22,clear,A,64,150,Moderate
4,22,clear,B,24,120,Low
4,22,clear,C,46,130,Moderate
4,23,clear,A,61,150,Moderate
4,23,clear,B,21,120,Low
4,23,clear,C,40,130,Low
5,0,clear,A,7,150,Low
5,0,clear,B,3,120,Low
5,0,clear,C,7,130,Low
5,1,clear,A,8,150,Low
5,1,clear,B,3,120,Low
5,1,clear,C,6,130,Low
5,2,clear,A,9,150,Low
5,2,clear,B,2,120,Low
5,2,clear,C,6,130,Low
5,3,clear,A,9,150,Low
5,3,clear,B,4,120,Low
5,3,clear,C,7,130,Low
5,4,clear,A,9,150,Low
5,4,clear,B,4,120,Low
5,4,clear,C,6,130,Low
5,5,clear,A,7,150,Low
5,5,clear,B,3,120,Low
5,5,clear,C,7,130,Low
5,6,clear,A,33,150,Low
5,6,clear,B,13,120,Low
5,6,clear,C,19,130,Low
5,7,clear,A,31,150,Low
5,7,clear,B,12,120,Low
5,7,clear,C,19,130,Low
5,8,clear,A,62,150,Moderate
5,8,clear,B,31,120,Low
5,8,clear,C,43,130,Low
5,9,clear,A,77,150,Moderate
5,9,clear,B,29,120,Low
5,9,clear,C,36,130,Low
5,10,clear,A,60,150,Moderate
5,10,clear,B,28,120,Low
5,10,clear,C,39,130,Low
5,11,clear,A,76,150,Moderate
5,11,clear,B,31,120,Low
5,11,clear,C,34,130,Low
5,12,clear,A,36,150,Low
5,12,clear,B,13,120,Low
5,12,clear,C,22,130,Low
5,13,clear,A,34,150,Low
5,13,clear,B,12,120,Low
5,13,clear,C,24,130,Low
5,14,clear,A,39,150,Low
5,14,clear,B,16,120,Low
5,14,clear,C,24,130,Low
5,15,clear,A,44,150,Low
5,15,clear,B,12,120,Low
5,15,clear,C,20,130,Low
5,16,clear,A,36,150,Low
5,16,clear,B,14,120,Low
5,16,clear,C,27,130,Low
5,17,clear,A,93,150,Moderate
5,17,clear,B,29,120,Low
5,17,clear,C,54,130,Moderate
5,18,clear,A,92,150,Moderate
5,18,clear,B,24,120,Low
5,18,clear,C,47,130,Moderate
5,19,clear,A,109,150,High
5,19,clear,B,31,120,Low
5,19,clear,C,52,130,Moderate
5,20,clear,A,87,150,Moderate
5,20,clear,B,22,120,Low
5,20,clear,C,44,130,Low
5,21,clear,A,32,150,Low
5,21,clear,B,14,120,Low
5,21,clear,C,23,130,Low
5,22,clear,A,39,150,Low
5,22,clear,B,13,120,Low
5,22,clear,C,18,130,Low
5,23,clear,A,43,150,Low
5,23,clear,B,10,120,Low
5,23,clear,C,21,130,Low
6,0,clear,A,8,150,Low
6,0,clear,B,3,120,Low
6,0,clear,C,7,130,Low
6,1,clear,A,7,150,Low
6,1,clear,B,3,120,Low
6,1,clear,C,4,130,Low
6,2,clear,A,8,150,Low
6,2,clear,B,3,120,Low
6,2,clear,C,6,130,Low
6,3,clear,A,6,150,Low
6,3,clear,B,3,120,Low
6,3,clear,C,5,130,Low
6,4,clear,A,7,150,Low
6,4,clear,B,3,120,Low
6,4,clear,C,6,130,Low
6,5,clear,A,9,150,Low
6,5,clear,B,2,120,Low
6,5,clear,C,6,130,Low
6,6,clear,A,34,150,Low
6,6,clear,B,15,120,Low
6,6,clear,C,28,130,Low
6,7,clear,A,44,150,Low
6,7,clear,B,13,120,Low
6,7,clear,C,28,130,Low
6,8,clear,A,58,150,Moderate
6,8,clear,B,31,120,Low
6,8,clear,C,37,130,Low
6,9,clear,A,48,150,Low
6,9,clear,B,30,120,Low
6,9,clear,C,39,130,Low
6,10,clear,A,70,150,Moderate
6,10,clear,B,21,120,Low
6,10,clear,C,59,130,Moderate
6,11,clear,A,88,150,Moderate
6,11,clear,B,31,120,Low
6,11,clear,C,44,130,Low
6,12,clear,A,44,150,Low
6,12,clear,B,13,120,Low
6,12,clear,C,28,130,Low
6,13,clear,A,36,150,Low
6,13,clear,B,17,120,Low
6,13,clear,C,22,130,Low
6,14,clear,A,36,150,Low
6,14,clear,B,13,120,Low
6,14,clear,C,25,130,Low
6,15,clear,A,36,150,Low
6,15,clear,B,15,120,Low
6,15,clear,C,22,130,Low
6,16,clear,A,43,150,Low
6,16,clear,B,17,120,Low
6,16,clear,C,24,130,Low
6,17,clear,A,102,150,High
6,17,clear,B,32,120,Low
6,17,clear,C,64,130,Moderate
6,18,clear,A,76,150,Moderate
6,18,clear,B,21,120,Low
6,18,clear,C,43,130,Low
6,19,clear,A,70,150,Moderate
6,19,clear,B,23,120,Low
6,19,clear,C,32,130,Low
6,20,clear,A,88,150,Moderate
6,20,clear,B,20,120,Low
6,20,clear,C,55,130,Moderate
6,21,clear,A,51,150,Low
6,21,clear,B,12,120,Low
6,21,clear,C,25,130,Low
6,22,clear,A,36,150,Low
6,22,clear,B,15,120,Low
6,22,clear,C,20,130,Low
6,23,clear,A,37,150,Low
6,23,clear,B,16,120,Low
6,23,clear,C,24,130,Low
0,0,clear,A,16,150,Low
0,0,clear,B,4,120,Low
0,0,clear,C,8,130,Low
0,1,clear,A,14,150,Low
0,1,clear,B,5,120,Low
0,1,clear,C,12,130,Low
0,2,clear,A,15,150,Low
0,2,clear,B,4,120,Low
0,2,clear,C,9,130,Low
0,3,clear,A,14,150,Low
0,3,clear,B,5,120,Low
0,3,clear,C,9,130,Low
0,4,clear,A,12,150,Low
0,4,clear,B,5,120,Low
0,4,clear,C,8,130,Low
0,5,clear,A,9,150,Low
0,5,clear,B,5,120,Low
0,5,clear,C,8,130,Low
0,6,clear,A,56,150,Moderate
0,6,clear,B,17,120,Low
0,6,clear,C,31,130,Low
0,7,clear,A,46,150,Low
0,7,clear,B,22,120,Low
0,7,clear,C,41,130,Low
0,8,clear,A,99,150,High
0,8,clear,B,33,120,Low
0,8,clear,C,47,130,Moderate
0,9,clear,A,110,150,High
0,9,clear,B,32,120,Low
0,9,clear,C,52,130,Moderate
0,10,clear,A,99,150,High
0,10,clear,B,34,120,Low
0,10,clear,C,48,130,Moderate
0,11,clear,A,78,150,Moderate
0,11,clear,B,37,120,Low
0,11,clear,C,56,130,Moderate
0,12,clear,A,59,150,Moderate
0,12,clear,B,20,120,Low
0,12,clear,C,40,130,Low
0,13,clear,A,48,150,Low
0,13,clear,B,20,120,Low
0,13,clear,C,38,130,Low
0,14,clear,A,49,150,Low
0,14,clear,B,23,120,Low
0,14,clear,C,26,130,Low
0,15,clear,A,48,150,Low
0,15,clear,B,14,120,Low
0,15,clear,C,31,130,Low
0,16,clear,A,53,150,Moderate
0,16,clear,B,22,120,Low
0,16,clear,C,34,130,Low
0,17,clear,A,100,150,High
0,17,clear,B,30,120,Low
0,17,clear,C,57,130,Moderate
0,18,clear,A,115,150,High
0,18,clear,B,45,120,Moderate
0,18,clear,C,65,130,Moderate
0,19,clear,A,129,150,High
0,19,clear,B,34,120,Low
0,19,clear,C,65,130,Moderate
0,20,clear,A,104,150,High
0,20,clear,B,49,120,Moderate
0,20,clear,C,71,130,Moderate
0,21,clear,A,40,150,Low
0,21,clear,B,22,120,Low
0,21,clear,C,44,130,Low
0,22,clear,A,52,150,Low
0,22,clear,B,17,120,Low
0,22,clear,C,39,130,Low
0,23,clear,A,71,150,Moderate
0,23,clear,B,22,120,Low
0,23,clear,C,26,130,Low
1,0,clear,A,14,150,Low
1,0,clear,B,4,120,Low
1,0,clear,C,10,130,Low
1,1,clear,A,14,150,Low
1,1,clear,B,5,120,Low
1,1,clear,C,7,130,Low
1,2,clear,A,14,150,Low
1,2,clear,B,4,120,Low
1,2,clear,C,9,130,Low
1,3,clear,A,16,150,Low
1,3,clear,B,3,120,Low
1,3,clear,C,6,130,Low
1,4,clear,A,15,150,Low
1,4,clear,B,4,120,Low
1,4,clear,C,10,130,Low
1,5,clear,A,12,150,Low
1,5,clear,B,5,120,Low
1,5,clear,C,9,130,Low
1,6,clear,A,56,150,Moderate
1,6,clear,B,14,120,Low
1,6,clear,C,49,130,Moderate
1,7,clear,A,56,150,Moderate
1,7,clear,B,15,120,Low
1,7,clear,C,36,130,Low
1,8,clear,A,105,150,High
1,8,clear,B,41,120,Low
1,8,clear,C,71,130,Moderate
1,9,clear,A,95,150,Moderate
1,9,clear,B,26,120,Low
1,9,clear,C,67,130,Moderate
1,10,clear,A,74,150,Moderate
1,10,clear,B,42,120,Moderate
1,10,clear,C,56,130,Moderate
1,11,clear,A,108,150,High
1,11,clear,B,32,120,Low
1,11,clear,C,58,130,Moderate
1,12,clear,A,48,150,Low
1,12,clear,B,22,120,Low
1,12,clear,C,31,130,Low
1,13,clear,A,61,150,Moderate
1,13,clear,B,18,120,Low
1,13,clear,C,33,130,Low
1,14,clear,A,55,150,Moderate
1,14,clear,B,20,120,Low
1,14,clear,C,30,130,Low
1,15,clear,A,60,150,Moderate
1,15,clear,B,19,120,Low
1,15,clear,C,37,130,Low
1,16,clear,A,54,150,Moderate
1,16,clear,B,21,120,Low
1,16,clear,C,32,130,Low
1,17,clear,A,96,150,Moderate
1,17,clear,B,42,120,Moderate
1,17,clear,C,64,130,Moderate
1,18,clear,A,134,150,High
1,18,clear,B,40,120,Low
1,18,clear,C,55,130,Moderate
1,19,clear,A,100,150,High
1,19,clear,B,34,120,Low
1,19,clear,C,81,130,Moderate
1,20,clear,A,122,150,High
1,20,clear,B,39,120,Low
1,20,clear,C,73,130,Moderate
1,21,clear,A,54,150,Moderate
1,21,clear,B,22,120,Low
1,21,clear,C,37,130,Low
1,22,clear,A,60,150,Moderate
1,22,clear,B,19,120,Low
1,22,clear,C,31,130,Low
1,23,clear,A,60,150,Moderate
1,23,clear,B,24,120,Low
1,23,clear,C,40,130,Low
2,0,clear,A,14,150,Low
2,0,clear,B,4,120,Low
2,0,clear,C,7,130,Low
2,1,clear,A,16,150,Low
2,1,clear,B,3,120,Low
2,1,clear,C,10,130,Low
2,2,clear,A,12,150,Low
2,2,clear,B,6,120,Low
2,2,clear,C,8,130,Low
2,3,clear,A,15,150,Low
2,3,clear,B,6,120,Low
2,3,clear,C,8,130,Low
2,4,clear,A,13,150,Low
2,4,clear,B,4,120,Low
2,4,clear,C,7,130,Low
2,5,clear,A,13,150,Low
2,5,clear,B,4,120,Low
2,5,clear,C,7,130,Low
2,6,clear,A,53,150,Moderate
2,6,clear,B,21,120,Low
2,6,clear,C,30,130,Low
2,7,clear,A,53,150,Moderate
2,7,clear,B,24,120,Low
2,7,clear,C,27,130,Low
2,8,clear,A,127,150,High
2,8,clear,B,32,120,Low
2,8,clear,C,64,130,Moderate
2,9,clear,A,117,150,High
2,9,clear,B,44,120,Moderate
2,9,clear,C,67,130,Moderate
2,10,clear,A,88,150,Moderate
2,10,clear,B,31,120,Low
2,10,clear,C,57,130,Moderate
2,11,clear,A,127,150,High
2,11,clear,B,33,120,Low
2,11,clear,C,66,130,Moderate
2,12,clear,A,46,150,Low
2,12,clear,B,16,120,Low
2,12,clear,C,35,130,Low
2,13,clear,A,52,150,Low
2,13,clear,B,19,120,Low
2,13,clear,C,27,130,Low
2,14,clear,A,54,150,Moderate
2,14,clear,B,24,120,Low
2,14,clear,C,30,130,Low
2,15,clear,A,62,150,Moderate
2,15,clear,B,9,120,Low
2,15,clear,C,30,130,Low
2,16,clear,A,39,150,Low
2,16,clear,B,23,120,Low
2,16,clear,C,39,130,Low
2,17,clear,A,92,150,Moderate
2,17,clear,B,41,120,Low
2,17,clear,C,82,130,Moderate
2,18,clear,A,132,150,High
2,18,clear,B,37,120,Low
2,18,clear,C,46,130,Moderate
2,19,clear,A,95,150,Moderate
2,19,clear,B,44,120,Moderate
2,19,clear,C,92,130,High
2,20,clear,A,109,150,High
2,20,clear,B,36,120,Low
2,20,clear,C,95,130,High
2,21,clear,A,58,150,Moderate
2,21,clear,B,16,120,Low
2,21,clear,C,34,130,Low
2,22,clear,A,63,150,Moderate
2,22,clear,B,19,120,Low
2,22,clear,C,39,130,Low
2,23,clear,A,41,150,Low
2,23,clear,B,15,120,Low
2,23,clear,C,31,130,Low
3,0,rain,A,17,150,Low
3,0,rain,B,6,120,Low
3,0,rain,C,14,130,Low
3,1,rain,A,14,150,Low
3,1,rain,B,5,120,Low
3,1,rain,C,9,130,Low
3,2,rain,A,19,150,Low
3,2,rain,B,7,120,Low
3,2,rain,C,9,130,Low
3,3,rain,A,21,150,Low
3,3,rain,B,5,120,Low
3,3,rain,C,12,130,Low
3,4,rain,A,20,150,Low
3,4,rain,B,4,120,Low
3,4,rain,C,11,130,Low
3,5,rain,A,9,150,Low
3,5,rain,B,6,120,Low
3,5,rain,C,8,130,Low
3,6,rain,A,71,150,Moderate
3,6,rain,B,26,120,Low
3,6,rain,C,49,130,Moderate
3,7,rain,A,74,150,Moderate
3,7,rain,B,24,120,Low
3,7,rain,C,39,130,Low
3,8,rain,A,117,150,High
3,8,rain,B,35,120,Low
3,8,rain,C,73,130,Moderate
3,9,rain,A,113,150,High
3,9,rain,B,38,120,Low
3,9,rain,C,55,130,Moderate
3,10,rain,A,96,150,Moderate
3,10,rain,B,22,120,Low
3,10,rain,C,72,130,Moderate
3,11,rain,A,125,150,High
3,11,rain,B,25,120,Low
3,11,rain,C,78,130,Moderate
3,12,rain,A,64,150,Moderate
3,12,rain,B,19,120,Low
3,12,rain,C,39,130,Low
3,13,rain,A,76,150,Moderate
3,13,rain,B,20,120,Low
3,13,rain,C,42,130,Low
3,14,rain,A,69,150,Moderate
3,14,rain,B,21,120,Low
3,14,rain,C,48,130,Moderate
3,15,rain,A,69,150,Moderate
3,15,rain,B,23,120,Low
3,15,rain,C,56,130,Moderate
3,16,rain,A,76,150,Moderate
3,16,rain,B,17,120,Low
3,16,rain,C,39,130,Low
3,17,rain,A,180,150,High
3,17,rain,B,40,120,Low
3,17,rain,C,84,130,Moderate
3,18,rain,A,156,150,High
3,18,rain,B,52,120,Moderate
3,18,rain,C,94,130,High
3,19,rain,A,146,150,High
3,19,rain,B,48,120,Moderate
3,19,rain,C,74,130,Moderate
3,20,rain,A,140,150,High
3,20,rain,B,45,120,Moderate
3,20,rain,C,77,130,Moderate
3,21,rain,A,80,150,Moderate
3,21,rain,B,22,120,Low
3,21,rain,C,52,130,Moderate
3,22,rain,A,68,150,Moderate
3,22,rain,B,23,120,Low
3,22,rain,C,30,130,Low
3,23,rain,A,86,150,Moderate
3,23,rain,B,23,120,Low
3,23,rain,C,27,130,Low
4,0,fog,A,15,150,Low
4,0,fog,B,4,120,Low
4,0,fog,C,10,130,Low
4,1,fog,A,9,150,Low
4,1,fog,B,4,120,Low
4,1,fog,C,9,130,Low
4,2,fog,A,17,150,Low
4,2,fog,B,7,120,Low
4,2,fog,C,9,130,Low
4,3,fog,A,16,150,Low
4,3,fog,B,7,120,Low
4,3,fog,C,9,130,Low
4,4,fog,A,16,150,Low
4,4,fog,B,4,120,Low
4,4,fog,C,12,130,Low
4,5,fog,A,13,150,Low
4,5,fog,B,5,120,Low
4,5,fog,C,9,130,Low
4,6,fog,A,61,150,Moderate
4,6,fog,B,20,120,Low
4,6,fog,C,39,130,Low
4,7,fog,A,76,150,Moderate
4,7,fog,B,29,120,Low
4,7,fog,C,37,130,Low
4,8,fog,A,101,150,High
4,8,fog,B,34,120,Low
4,8,fog,C,97,130,High
4,9,fog,A,111,150,High
4,9,fog,B,46,120,Moderate
4,9,fog,C,76,130,Moderate
4,10,fog,A,144,150,High
4,10,fog,B,38,120,Low
4,10,fog,C,57,130,Moderate
4,11,fog,A,139,150,High
4,11,fog,B,44,120,Moderate
4,11,fog,C,74,130,Moderate
4,12,fog,A,74,150,Moderate
4,12,fog,B,23,120,Low
4,12,fog,C,47,130,Moderate
4,13,fog,A,62,150,Moderate
4,13,fog,B,24,120,Low
4,13,fog,C,41,130,Low
4,14,fog,A,57,150,Moderate
4,14,fog,B,21,120,Low
4,14,fog,C,36,130,Low
4,15,fog,A,62,150,Moderate
4,15,fog,B,20,120,Low
4,15,fog,C,41,130,Low
4,16,fog,A,64,150,Moderate
4,16,fog,B,22,120,Low
4,16,fog,C,39,130,Low
4,17,fog,A,110,150,High
4,17,fog,B,42,120,Moderate
4,17,fog,C,57,130,Moderate
4,18,fog,A,118,150,High
4,18,fog,B,37,120,Low
4,18,fog,C,78,130,Moderate
4,19,fog,A,108,150,High
4,19,fog,B,30,120,Low
4,19,fog,C,103,130,High
4,20,fog,A,116,150,High
4,20,fog,B,53,120,Moderate
4,20,fog,C,70,130,Moderate
4,21,fog,A,75,150,Moderate
4,21,fog,B,18,120,Low
4,21,fog,C,39,130,Low
4,22,fog,A,50,150,Low
4,22,fog,B,30,120,Low
4,22,fog,C,37,130,Low
4,23,fog,A,68,150,Moderate
4,23,fog,B,23,120,Low
4,23,fog,C,38,130,Low
5,0,clear,A,11,150,Low
5,0,clear,B,3,120,Low
5,0,clear,C,6,130,Low
5,1,clear,A,10,150,Low
5,1,clear,B,4,120,Low
5,1,clear,C,5,130,Low
5,2,clear,A,6,150,Low
5,2,clear,B,2,120,Low
5,2,clear,C,5,130,Low
5,3,clear,A,8,150,Low
5,3,clear,B,3,120,Low
5,3,clear,C,6,130,Low
5,4,clear,A,9,150,Low
5,4,clear,B,3,120,Low
5,4,clear,C,5,130,Low
5,5,clear,A,11,150,Low
5,5,clear,B,3,120,Low
5,5,clear,C,7,130,Low
5,6,clear,A,43,150,Low
5,6,clear,B,13,120,Low
5,6,clear,C,29,130,Low
5,7,clear,A,40,150,Low
5,7,clear,B,15,120,Low
5,7,clear,C,27,130,Low
5,8,clear,A,68,150,Moderate
5,8,clear,B,25,120,Low
5,8,clear,C,43,130,Low
5,9,clear,A,60,150,Moderate
5,9,clear,B,17,120,Low
5,9,clear,C,39,130,Low
5,10,clear,A,71,150,Moderate
5,10,clear,B,29,120,Low
5,10,clear,C,49,130,Moderate
5,11,clear,A,66,150,Moderate
5,11,clear,B,22,120,Low
5,11,clear,C,42,130,Low
5,12,clear,A,32,150,Low
5,12,clear,B,9,120,Low
5,12,clear,C,18,130,Low
5,13,clear,A,46,150,Low
5,13,clear,B,17,120,Low
5,13,clear,C,27,130,Low
5,14,clear,A,38,150,Low
5,14,clear,B,11,120,Low
5,14,clear,C,23,130,Low
5,15,clear,A,42,150,Low
5,15,clear,B,15,120,Low
5,15,clear,C,27,130,Low
5,16,clear,A,45,150,Low
5,16,clear,B,18,120,Low
5,16,clear,C,23,130,Low
5,17,clear,A,109,150,High
5,17,clear,B,19,120,Low
5,17,clear,C,43,130,Low
5,18,clear,A,79,150,Moderate
5,18,clear,B,30,120,Low
5,18,clear,C,47,130,Moderate
5,19,clear,A,71,150,Moderate
5,19,clear,B,37,120,Low
5,19,clear,C,45,130,Low
5,20,clear,A,65,150,Moderate
5,20,clear,B,35,120,Low
5,20,clear,C,55,130,Moderate
5,21,clear,A,44,150,Low
5,21,clear,B,14,120,Low
5,21,clear,C,19,130,Low
5,22,clear,A,38,150,Low
5,22,clear,B,10,120,Low
5,22,clear,C,25,130,Low
5,23,clear,A,42,150,Low
5,23,clear,B,16,120,Low
5,23,clear,C,24,130,Low
6,0,clear,A,8,150,Low
6,0,clear,B,4,120,Low
6,0,clear,C,6,130,Low
6,1,clear,A,8,150,Low
6,1,clear,B,3,120,Low
6,1,clear,C,7,130,Low
6,2,clear,A,9,150,Low
6,2,clear,B,3,120,Low
6,2,clear,C,6,130,Low
6,3,clear,A,10,150,Low
6,3,clear,B,3,120,Low
6,3,clear,C,5,130,Low
6,4,clear,A,10,150,Low
6,4,clear,B,3,120,Low
6,4,clear,C,8,130,Low
6,5,clear,A,10,150,Low
6,5,clear,B,2,120,Low
6,5,clear,C,7,130,Low
6,6,clear,A,44,150,Low
6,6,clear,B,9,120,Low
6,6,clear,C,20,130,Low
6,7,clear,A,35,150,Low
6,7,clear,B,15,120,Low
6,7,clear,C,15,130,Low
6,8,clear,A,68,150,Moderate
6,8,clear,B,28,120,Low
6,8,clear,C,25,130,Low
6,9,clear,A,77,150,Moderate
6,9,clear,B,28,120,Low
6,9,clear,C,38,130,Low
6,10,clear,A,57,150,Moderate
6,10,clear,B,21,120,Low
6,10,clear,C,26,130,Low
6,11,clear,A,65,150,Moderate
6,11,clear,B,26,120,Low
6,11,clear,C,36,130,Low
6,12,clear,A,44,150,Low
6,12,clear,B,14,120,Low
6,12,clear,C,25,130,Low
6,13,clear,A,36,150,Low
6,13,clear,B,15,120,Low
6,13,clear,C,29,130,Low
6,14,clear,A,36,150,Low
6,14,clear,B,15,120,Low
6,14,clear,C,27,130,Low
6,15,clear,A,40,150,Low
6,15,clear,B,17,120,Low
6,15,clear,C,21,130,Low
6,16,clear,A,36,150,Low
6,16,clear,B,12,120,Low
6,16,clear,C,27,130,Low
6,17,clear,A,73,150,Moderate
6,17,clear,B,25,120,Low
6,17,clear,C,61,130,Moderate
6,18,clear,A,97,150,Moderate
6,18,clear,B,26,120,Low
6,18,clear,C,38,130,Low
6,19,clear,A,98,150,High
6,19,clear,B,29,120,Low
6,19,clear,C,52,130,Moderate
6,20,clear,A,78,150,Moderate
6,20,clear,B,24,120,Low
6,20,clear,C,45,130,Low
6,21,clear,A,42,150,Low
6,21,clear,B,13,120,Low
6,21,clear,C,26,130,Low
6,22,clear,A,38,150,Low
6,22,clear,B,11,120,Low
6,22,clear,C,30,130,Low
6,23,clear,A,41,150,Low
6,23,clear,B,14,120,Low
6,23,clear,C,26,130,Low
0,0,clear,A,12,150,Low
0,0,clear,B,3,120,Low
0,0,clear,C,8,130,Low
0,1,clear,A,14,150,Low
0,1,clear,B,5,120,Low
0,1,clear,C,10,130,Low
0,2,clear,A,10,150,Low
0,2,clear,B,4,120,Low
0,2,clear,C,9,130,Low
0,3,clear,A,14,150,Low
0,3,clear,B,4,120,Low
0,3,clear,C,10,130,Low
0,4,clear,A,16,150,Low
0,4,clear,B,5,120,Low
0,4,clear,C,6,130,Low
0,5,clear,A,14,150,Low
0,5,clear,B,5,120,Low
0,5,clear,C,8,130,Low
0,6,clear,A,66,150,Moderate
0,6,clear,B,19,120,Low
0,6,clear,C,46,130,Moderate
0,7,clear,A,61,150,Moderate
0,7,clear,B,20,120,Low
0,7,clear,C,39,130,Low
0,8,clear,A,121,150,High
0,8,clear,B,40,120,Low
0,8,clear,C,62,130,Moderate
0,9,clear,A,89,150,Moderate
0,9,clear,B,29,120,Low
0,9,clear,C,39,130,Low
0,10,clear,A,101,150,High
0,10,clear,B,33,120,Low
0,10,clear,C,59,130,Moderate
0,11,clear,A,114,150,High
0,11,clear,B,35,120,Low
0,11,clear,C,80,130,Moderate
0,12,clear,A,50,150,Low
0,12,clear,B,17,120,Low
0,12,clear,C,28,130,Low
0,13,clear,A,60,150,Moderate
0,13,clear,B,23,120,Low
0,13,clear,C,31,130,Low
0,14,clear,A,46,150,Low
0,14,clear,B,24,120,Low
0,14,clear,C,27,130,Low
0,15,clear,A,63,150,Moderate
0,15,clear,B,18,120,Low
0,15,clear,C,37,130,Low
0,16,clear,A,63,150,Moderate
0,16,clear,B,21,120,Low
0,16,clear,C,33,130,Low
0,17,clear,A,133,150,High
0,17,clear,B,41,120,Low
0,17,clear,C,108,130,High
0,18,clear,A,81,150,Moderate
0,18,clear,B,29,120,Low
0,18,clear,C,80,130,Moderate
0,19,clear,A,109,150,High
0,19,clear,B,44,120,Moderate
0,19,clear,C,58,130,Moderate
0,20,clear,A,110,150,High
0,20,clear,B,42,120,Moderate
0,20,clear,C,64,130,Moderate
0,21,clear,A,56,150,Moderate
0,21,clear,B,15,120,Low
0,21,clear,C,37,130,Low
0,22,clear,A,66,150,Moderate
0,22,clear,B,16,120,Low
0,22,clear,C,28,130,Low
0,23,clear,A,64,150,Moderate
0,23,clear,B,16,120,Low
0,23,clear,C,39,130,Low
1,0,rain,A,15,150,Low
1,0,rain,B,7,120,Low
1,0,rain,C,11,130,Low
1,1,rain,A,17,150,Low
1,1,rain,B,4,120,Low
1,1,rain,C,11,130,Low
1,2,rain,A,13,150,Low
1,2,rain,B,5,120,Low
1,2,rain,C,10,130,Low
1,3,rain,A,21,150,Low
1,3,rain,B,5,120,Low
1,3,rain,C,8,130,Low
1,4,rain,A,20,150,Low
1,4,rain,B,6,120,Low
1,4,rain,C,11,130,Low
1,5,rain,A,20,150,Low
1,5,rain,B,7,120,Low
1,5,rain,C,9,130,Low
1,6,rain,A,52,150,Low
1,6,rain,B,27,120,Low
1,6,rain,C,40,130,Low
1,7,rain,A,64,150,Moderate
1,7,rain,B,19,120,Low
1,7,rain,C,45,130,Low
1,8,rain,A,125,150,High
1,8,rain,B,42,120,Moderate
1,8,rain,C,59,130,Moderate
1,9,rain,A,140,150,High
1,9,rain,B,44,120,Moderate
1,9,rain,C,88,130,High
1,10,rain,A,81,150,Moderate
1,10,rain,B,43,120,Moderate
1,10,rain,C,67,130,Moderate
1,11,rain,A,119,150,High
1,11,rain,B,49,120,Moderate
1,11,rain,C,79,130,Moderate
1,12,rain,A,66,150,Moderate
1,12,rain,B,24,120,Low
1,12,rain,C,32,130,Low
1,13,rain,A,57,150,Moderate
1,13,rain,B,28,120,Low
1,13,rain,C,38,130,Low
1,14,rain,A,77,150,Moderate
1,14,rain,B,26,120,Low
1,14,rain,C,47,130,Moderate
1,15,rain,A,69,150,Moderate
1,15,rain,B,22,120,Low
1,15,rain,C,41,130,Low
1,16,rain,A,72,150,Moderate
1,16,rain,B,16,120,Low
1,16,rain,C,49,130,Moderate
1,17,rain,A,122,150,High
1,17,rain,B,47,120,Moderate
1,17,rain,C,83,130,Moderate
1,18,rain,A,131,150,High
1,18,rain,B,38,120,Low
1,18,rain,C,85,130,High
1,19,rain,A,143,150,High
1,19,rain,B,33,120,Low
1,19,rain,C,67,130,Moderate
1,20,rain,A,149,150,High
1,20,rain,B,53,120,Moderate
1,20,rain,C,87,130,High
1,21,rain,A,59,150,Moderate
1,21,rain,B,26,120,Low
1,21,rain,C,34,130,Low
1,22,rain,A,64,150,Moderate
1,22,rain,B,19,120,Low
1,22,rain,C,40,130,Low
1,23,rain,A,55,150,Moderate
1,23,rain,B,26,120,Low
1,23,rain,C,44,130,Low
2,0,fog,A,17,150,Low
2,0,fog,B,4,120,Low
2,0,fog,C,9,130,Low
2,1,fog,A,13,150,Low
2,1,fog,B,6,120,Low
2,1,fog,C,10,130,Low
2,2,fog,A,18,150,Low
2,2,fog,B,5,120,Low
2,2,fog,C,5,130,Low
2,3,fog,A,14,150,Low
2,3,fog,B,6,120,Low
2,3,fog,C,9,130,Low
2,4,fog,A,10,150,Low
2,4,fog,B,5,120,Low
2,4,fog,C,10,130,Low
2,5,fog,A,13,150,Low
2,5,fog,B,5,120,Low
2,5,fog,C,8,130,Low
2,6,fog,A,65,150,Moderate
2,6,fog,B,22,120,Low
2,6,fog,C,31,130,Low
2,7,fog,A,60,150,Moderate
2,7,fog,B,19,120,Low
2,7,fog,C,46,130,Moderate
2,8,fog,A,123,150,High
2,8,fog,B,38,120,Low
2,8,fog,C,70,130,Moderate
2,9,fog,A,125,150,High
2,9,fog,B,38,120,Low
2,9,fog,C,77,130,Moderate
2,10,fog,A,133,150,High
2,10,fog,B,36,120,Low
2,10,fog,C,86,130,High
2,11,fog,A,131,150,High
2,11,fog,B,41,120,Low
2,11,fog,C,64,130,Moderate
2,12,fog,A,62,150,Moderate
2,12,fog,B,21,120,Low
2,12,fog,C,33,130,Low
2,13,fog,A,65,150,Moderate
2,13,fog,B,18,120,Low
2,13,fog,C,36,130,Low
2,14,fog,A,57,150,Moderate
2,14,fog,B,17,120,Low
2,14,fog,C,42,130,Low
2,15,fog,A,58,150,Moderate
2,15,fog,B,26,120,Low
2,15,fog,C,37,130,Low
2,16,fog,A,56,150,Moderate
2,16,fog,B,19,120,Low
2,16,fog,C,38,130,Low
2,17,fog,A,121,150,High
2,17,fog,B,48,120,Moderate
2,17,fog,C,77,130,Moderate
2,18,fog,A,159,150,High
2,18,fog,B,47,120,Moderate
2,18,fog,C,65,130,Moderate
2,19,fog,A,101,150,High
2,19,fog,B,47,120,Moderate
2,19,fog,C,65,130,Moderate
2,20,fog,A,131,150,High
2,20,fog,B,49,120,Moderate
2,20,fog,C,87,130,High
2,21,fog,A,52,150,Low
2,21,fog,B,25,120,Low
2,21,fog,C,40,130,Low
2,22,fog,A,54,150,Moderate
2,22,fog,B,21,120,Low
2,22,fog,C,41,130,Low
2,23,fog,A,54,150,Moderate
2,23,fog,B,22,120,Low
2,23,fog,C,46,130,Moderate
3,0,clear,A,13,150,Low
3,0,clear,B,5,120,Low
3,0,clear,C,8,130,Low
3,1,clear,A,12,150,Low
3,1,clear,B,3,120,Low
3,1,clear,C,9,130,Low
3,2,clear,A,15,150,Low
3,2,clear,B,4,120,Low
3,2,clear,C,7,130,Low
3,3,clear,A,13,150,Low
3,3,clear,B,6,120,Low
3,3,clear,C,9,130,Low
3,4,clear,A,13,150,Low
3,4,clear,B,6,120,Low
3,4,clear,C,12,130,Low
3,5,clear,A,12,150,Low
3,5,clear,B,4,120,Low
3,5,clear,C,9,130,Low
3,6,clear,A,47,150,Low
3,6,clear,B,22,120,Low
3,6,clear,C,35,130,Low
3,7,clear,A,58,150,Moderate
3,7,clear,B,18,120,Low
3,7,clear,C,30,130,Low
3,8,clear,A,69,150,Moderate
3,8,clear,B,44,120,Moderate
3,8,clear,C,71,130,Moderate
3,9,clear,A,108,150,High
3,9,clear,B,37,120,Low
3,9,clear,C,41,130,Low
3,10,clear,A,87,150,Moderate
3,10,clear,B,34,120,Low
3,10,clear,C,52,130,Moderate
3,11,clear,A,73,150,Moderate
3,11,clear,B,30,120,Low
3,11,clear,C,63,130,Moderate
3,12,clear,A,55,150,Moderate
3,12,clear,B,22,120,Low
3,12,clear,C,45,130,Low
3,13,clear,A,60,150,Moderate
3,13,clear,B,19,120,Low
3,13,clear,C,44,130,Low
3,14,clear,A,41,150,Low
3,14,clear,B,13,120,Low
3,14,clear,C,30,130,Low
3,15,clear,A,61,150,Moderate
3,15,clear,B,20,120,Low
3,15,clear,C,29,130,Low
3,16,clear,A,49,150,Low
3,16,clear,B,16,120,Low
3,16,clear,C,28,130,Low
3,17,clear,A,135,150,High
3,17,clear,B,39,120,Low
3,17,clear,C,88,130,High
3,18,clear,A,95,150,Moderate
3,18,clear,B,42,120,Moderate
3,18,clear,C,72,130,Moderate
3,19,clear,A,124,150,High
3,19,clear,B,41,120,Low
3,19,clear,C,80,130,Moderate
3,20,clear,A,119,150,High
3,20,clear,B,33,120,Low
3,20,clear,C,77,130,Moderate
3,21,clear,A,54,150,Moderate
3,21,clear,B,17,120,Low
3,21,clear,C,38,130,Low
3,22,clear,A,62,150,Moderate
3,22,clear,B,18,120,Low
3,22,clear,C,33,130,Low
3,23,clear,A,43,150,Low
3,23,clear,B,14,120,Low
3,23,clear,C,33,130,Low
4,0,clear,A,12,150,Low
4,0,clear,B,6,120,Low
4,0,clear,C,8,130,Low
4,1,clear,A,13,150,Low
4,1,clear,B,4,120,Low
4,1,clear,C,10,130,Low
4,2,clear,A,11,150,Low
4,2,clear,B,4,120,Low
4,2,clear,C,8,130,Low
4,3,clear,A,12,150,Low
4,3,clear,B,5,120,Low
4,3,clear,C,8,130,Low
4,4,clear,A,15,150,Low
4,4,clear,B,4,120,Low
4,4,clear,C,9,130,Low
4,5,clear,A,14,150,Low
4,5,clear,B,6,120,Low
4,5,clear,C,8,130,Low
4,6,clear,A,52,150,Low
4,6,clear,B,22,120,Low
4,6,clear,C,33,130,Low
4,7,clear,A,59,150,Moderate
4,7,clear,B,27,120,Low
4,7,clear,C,29,130,Low
4,8,clear,A,121,150,High
4,8,clear,B,33,120,Low
4,8,clear,C,75,130,Moderate
4,9,clear,A,109,150,High
4,9,clear,B,39,120,Low
4,9,clear,C,61,130,Moderate
4,10,clear,A,95,150,Moderate
4,10,clear,B,32,120,Low
4,10,clear,C,63,130,Moderate
4,11,clear,A,96,150,Moderate
4,11,clear,B,37,120,Low
4,11,clear,C,49,130,Moderate
4,12,clear,A,55,150,Moderate
4,12,clear,B,23,120,Low
4,12,clear,C,39,130,Low
4,13,clear,A,55,150,Moderate
4,13,clear,B,27,120,Low
4,13,clear,C,31,130,Low
4,14,clear,A,54,150,Moderate
4,14,clear,B,15,120,Low
4,14,clear,C,32,130,Low
4,15,clear,A,69,150,Moderate
4,15,clear,B,18,120,Low
4,15,clear,C,26,130,Low
4,16,clear,A,62,150,Moderate
4,16,clear,B,21,120,Low
4,16,clear,C,39,130,Low
4,17,clear,A,105,150,High
4,17,clear,B,33,120,Low
4,17,clear,C,68,130,Moderate
4,18,clear,A,119,150,High
4,18,clear,B,39,120,Low
4,18,clear,C,74,130,Moderate
4,19,clear,A,101,150,High
4,19,clear,B,42,120,Moderate
4,19,clear,C,69,130,Moderate
4,20,clear,A,98,150,High
4,20,clear,B,40,120,Low
4,20,clear,C,65,130,Moderate
4,21,clear,A,60,150,Moderate
4,21,clear,B,22,120,Low
4,21,clear,C,37,130,Low
4,22,clear,A,41,150,Low
4,22,clear,B,17,120,Low
4,22,clear,C,31,130,Low
4,23,clear,A,48,150,Low
4,23,clear,B,18,120,Low
4,23,clear,C,39,130,Low
5,0,clear,A,9,150,Low
5,0,clear,B,3,120,Low
5,0,clear,C,6,130,Low
5,1,clear,A,9,150,Low
5,1,clear,B,4,120,Low
5,1,clear,C,5,130,Low
5,2,clear,A,9,150,Low
5,2,clear,B,2,120,Low
5,2,clear,C,5,130,Low
5,3,clear,A,7,150,Low
5,3,clear,B,2,120,Low
5,3,clear,C,6,130,Low
5,4,clear,A,9,150,Low
5,4,clear,B,3,120,Low
5,4,clear,C,5,130,Low
5,5,clear,A,12,150,Low
5,5,clear,B,2,120,Low
5,5,clear,C,4,130,Low
5,6,clear,A,33,150,Low
5,6,clear,B,13,120,Low
5,6,clear,C,26,130,Low
5,7,clear,A,42,150,Low
5,7,clear,B,15,120,Low
5,7,clear,C,24,130,Low
5,8,clear,A,65,150,Moderate
5,8,clear,B,31,120,Low
5,8,clear,C,25,130,Low
5,9,clear,A,69,150,Moderate
5,9,clear,B,26,120,Low
5,9,clear,C,56,130,Moderate
5,10,clear,A,52,150,Low
5,10,clear,B,23,120,Low
5,10,clear,C,35,130,Low
5,11,clear,A,50,150,Low
5,11,clear,B,24,120,Low
5,11,clear,C,49,130,Moderate
5,12,clear,A,45,150,Low
5,12,clear,B,12,120,Low
5,12,clear,C,26,130,Low
5,13,clear,A,37,150,Low
5,13,clear,B,15,120,Low
5,13,clear,C,28,130,Low
5,14,clear,A,37,150,Low
5,14,clear,B,16,120,Low
5,14,clear,C,20,130,Low
5,15,clear,A,42,150,Low
5,15,clear,B,16,120,Low
5,15,clear,C,27,130,Low
5,16,clear,A,31,150,Low
5,16,clear,B,13,120,Low
5,16,clear,C,25,130,Low
5,17,clear,A,82,150,Moderate
5,17,clear,B,28,120,Low
5,17,clear,C,59,130,Moderate
5,18,clear,A,62,150,Moderate
5,18,clear,B,26,120,Low
5,18,clear,C,36,130,Low
5,19,clear,A,84,150,Moderate
5,19,clear,B,30,120,Low
5,19,clear,C,73,130,Moderate
5,20,clear,A,88,150,Moderate
5,20,clear,B,29,120,Low
5,20,clear,C,50,130,Moderate
5,21,clear,A,36,150,Low
5,21,clear,B,14,120,Low
5,21,clear,C,25,130,Low
5,22,clear,A,27,150,Low
5,22,clear,B,14,120,Low
5,22,clear,C,24,130,Low
5,23,clear,A,48,150,Low
5,23,clear,B,13,120,Low
5,23,clear,C,21,130,Low
6,0,clear,A,9,150,Low
6,0,clear,B,3,120,Low
6,0,clear,C,4,130,Low
6,1,clear,A,9,150,Low
6,1,clear,B,3,120,Low
6,1,clear,C,5,130,Low
6,2,clear,A,10,150,Low
6,2,clear,B,3,120,Low
6,2,clear,C,5,130,Low
6,3,clear,A,10,150,Low
6,3,clear,B,3,120,Low
6,3,clear,C,8,130,Low
6,4,clear,A,9,150,Low
6,4,clear,B,2,120,Low
6,4,clear,C,5,130,Low
6,5,clear,A,8,150,Low
6,5,clear,B,3,120,Low
6,5,clear,C,6,130,Low
6,6,clear,A,32,150,Low
6,6,clear,B,13,120,Low
6,6,clear,C,28,130,Low
6,7,clear,A,35,150,Low
6,7,clear,B,15,120,Low
6,7,clear,C,18,130,Low
6,8,clear,A,65,150,Moderate
6,8,clear,B,21,120,Low
6,8,clear,C,46,130,Moderate
6,9,clear,A,58,150,Moderate
6,9,clear,B,33,120,Low
6,9,clear,C,33,130,Low
6,10,clear,A,81,150,Moderate
6,10,clear,B,28,120,Low
6,10,clear,C,46,130,Moderate
6,11,clear,A,69,150,Moderate
6,11,clear,B,32,120,Low
6,11,clear,C,60,130,Moderate
6,12,clear,A,37,150,Low
6,12,clear,B,14,120,Low
6,12,clear,C,22,130,Low
6,13,clear,A,31,150,Low
6,13,clear,B,14,120,Low
6,13,clear,C,25,130,Low
6,14,clear,A,29,150,Low
6,14,clear,B,14,120,Low
6,14,clear,C,25,130,Low
6,15,clear,A,35,150,Low
6,15,clear,B,12,120,Low
6,15,clear,C,26,130,Low
6,16,clear,A,47,150,Low
6,16,clear,B,14,120,Low
6,16,clear,C,27,130,Low
6,17,clear,A,67,150,Moderate
6,17,clear,B,26,120,Low
6,17,clear,C,53,130,Moderate
6,18,clear,A,61,150,Moderate
6,18,clear,B,28,120,Low
6,18,clear,C,52,130,Moderate
6,19,clear,A,76,150,Moderate
6,19,clear,B,29,120,Low
6,19,clear,C,49,130,Moderate
6,20,clear,A,69,150,Moderate
6,20,clear,B,23,120,Low
6,20,clear,C,48,130,Moderate
6,21,clear,A,46,150,Low
6,21,clear,B,16,120,Low
6,21,clear,C,23,130,Low
6,22,clear,A,36,150,Low
6,22,clear,B,13,120,Low
6,22,clear,C,22,130,Low
6,23,clear,A,40,150,Low
6,23,clear,B,16,120,Low
6,23,clear,C,32,130,Low
0,0,rain,A,18,150,Low
0,0,rain,B,6,120,Low
0,0,rain,C,9,130,Low
0,1,rain,A,13,150,Low
0,1,rain,B,6,120,Low
0,1,rain,C,13,130,Low
0,2,rain,A,17,150,Low
0,2,rain,B,5,120,Low
0,2,rain,C,10,130,Low
0,3,rain,A,13,150,Low
0,3,rain,B,6,120,Low
0,3,rain,C,11,130,Low
0,4,rain,A,14,150,Low
0,4,rain,B,3,120,Low
0,4,rain,C,10,130,Low
0,5,rain,A,15,150,Low
0,5,rain,B,5,120,Low
0,5,rain,C,9,130,Low
0,6,rain,A,69,150,Moderate
0,6,rain,B,22,120,Low
0,6,rain,C,47,130,Moderate
0,7,rain,A,75,150,Moderate
0,7,rain,B,23,120,Low
0,7,rain,C,38,130,Low
0,8,rain,A,121,150,High
0,8,rain,B,42,120,Moderate
0,8,rain,C,55,130,Moderate
0,9,rain,A,152,150,High
0,9,rain,B,47,120,Moderate
0,9,rain,C,70,130,Moderate
0,10,rain,A,84,150,Moderate
0,10,rain,B,42,120,Moderate
0,10,rain,C,68,130,Moderate
0,11,rain,A,117,150,High
0,11,rain,B,29,120,Low
0,11,rain,C,70,130,Moderate
0,12,rain,A,61,150,Moderate
0,12,rain,B,23,120,Low
0,12,rain,C,40,130,Low
0,13,rain,A,66,150,Moderate
0,13,rain,B,29,120,Low
0,13,rain,C,38,130,Low
0,14,rain,A,56,150,Moderate
0,14,rain,B,17,120,Low
0,14,rain,C,38,130,Low
0,15,rain,A,52,150,Low
0,15,rain,B,27,120,Low
0,15,rain,C,41,130,Low
0,16,rain,A,75,150,Moderate
0,16,rain,B,29,120,Low
0,16,rain,C,36,130,Low
0,17,rain,A,125,150,High
0,17,rain,B,57,120,Moderate
0,17,rain,C,86,130,High
0,18,rain,A,142,150,High
0,18,rain,B,55,120,Moderate
0,18,rain,C,95,130,High
0,19,rain,A,140,150,High
0,19,rain,B,58,120,Moderate
0,19,rain,C,83,130,Moderate
0,20,rain,A,142,150,High
0,20,rain,B,46,120,Moderate
0,20,rain,C,96,130,High
0,21,rain,A,59,150,Moderate
0,21,rain,B,17,120,Low
0,21,rain,C,46,130,Moderate
0,22,rain,A,55,150,Moderate
0,22,rain,B,19,120,Low
0,22,rain,C,49,130,Moderate
0,23,rain,A,75,150,Moderate
0,23,rain,B,22,120,Low
0,23,rain,C,22,130,Low
1,0,clear,A,15,150,Low
1,0,clear,B,5,120,Low
1,0,clear,C,9,130,Low
1,1,clear,A,13,150,Low
1,1,clear,B,4,120,Low
1,1,clear,C,7,130,Low
1,2,clear,A,12,150,Low
1,2,clear,B,5,120,Low
1,2,clear,C,9,130,Low
1,3,clear,A,15,150,Low
1,3,clear,B,3,120,Low
1,3,clear,C,6,130,Low
1,4,clear,A,12,150,Low
1,4,clear,B,4,120,Low
1,4,clear,C,8,130,Low
1,5,clear,A,11,150,Low
1,5,clear,B,5,120,Low
1,5,clear,C,7,130,Low
1,6,clear,A,68,150,Moderate
1,6,clear,B,21,120,Low
1,6,clear,C,29,130,Low
1,7,clear,A,72,150,Moderate
1,7,clear,B,20,120,Low
1,7,clear,C,35,130,Low
1,8,clear,A,98,150,High
1,8,clear,B,38,120,Low
1,8,clear,C,67,130,Moderate
1,9,clear,A,86,150,Moderate
1,9,clear,B,34,120,Low
1,9,clear,C,64,130,Moderate
1,10,clear,A,107,150,High
1,10,clear,B,39,120,Low
1,10,clear,C,64,130,Moderate
1,11,clear,A,90,150,Moderate
1,11,clear,B,32,120,Low
1,11,clear,C,51,130,Moderate
1,12,clear,A,59,150,Moderate
1,12,clear,B,18,120,Low
1,12,clear,C,33,130,Low
1,13,clear,A,56,150,Moderate
1,13,clear,B,20,120,Low
1,13,clear,C,34,130,Low
1,14,clear,A,47,150,Low
1,14,clear,B,20,120,Low
1,14,clear,C,33,130,Low
1,15,clear,A,54,150,Moderate
1,15,clear,B,23,120,Low
1,15,clear,C,37,130,Low
1,16,clear,A,50,150,Low
1,16,clear,B,19,120,Low
1,16,clear,C,43,130,Low
1,17,clear,A,104,150,High
1,17,clear,B,40,120,Low
1,17,clear,C,76,130,Moderate
1,18,clear,A,113,150,High
1,18,clear,B,37,120,Low
1,18,clear,C,62,130,Moderate
1,19,clear,A,109,150,High
1,19,clear,B,43,120,Moderate
1,19,clear,C,83,130,Moderate
1,20,clear,A,85,150,Moderate
1,20,clear,B,50,120,Moderate
1,20,clear,C,66,130,Moderate
1,21,clear,A,62,150,Moderate
1,21,clear,B,17,120,Low
1,21,clear,C,26,130,Low
1,22,clear,A,44,150,Low
1,22,clear,B,19,120,Low
1,22,clear,C,37,130,Low
1,23,clear,A,55,150,Moderate
1,23,clear,B,19,120,Low
1,23,clear,C,40,130,Low
2,0,clear,A,14,150,Low
2,0,clear,B,7,120,Low
2,0,clear,C,8,130,Low
2,1,clear,A,12,150,Low
2,1,clear,B,5,120,Low
2,1,clear,C,9,130,Low
2,2,clear,A,14,150,Low
2,2,clear,B,5,120,Low
2,2,clear,C,10,130,Low
2,3,clear,A,16,150,Low
2,3,clear,B,4,120,Low
2,3,clear,C,7,130,Low
2,4,clear,A,14,150,Low
2,4,clear,B,4,120,Low
2,4,clear,C,9,130,Low
2,5,clear,A,14,150,Low
2,5,clear,B,7,120,Low
2,5,clear,C,10,130,Low
2,6,clear,A,46,150,Low
2,6,clear,B,18,120,Low
2,6,clear,C,24,130,Low
2,7,clear,A,37,150,Low
2,7,clear,B,20,120,Low
2,7,clear,C,28,130,Low
2,8,clear,A,123,150,High
2,8,clear,B,42,120,Moderate
2,8,clear,C,60,130,Moderate
2,9,clear,A,94,150,Moderate
2,9,clear,B,44,120,Moderate
2,9,clear,C,79,130,Moderate
2,10,clear,A,85,150,Moderate
2,10,clear,B,30,120,Low
2,10,clear,C,60,130,Moderate
2,11,clear,A,105,150,High
2,11,clear,B,33,120,Low
2,11,clear,C,67,130,Moderate
2,12,clear,A,71,150,Moderate
2,12,clear,B,15,120,Low
2,12,clear,C,32,130,Low
2,13,clear,A,43,150,Low
2,13,clear,B,17,120,Low
2,13,clear,C,33,130,Low
2,14,clear,A,49,150,Low
2,14,clear,B,21,120,Low
2,14,clear,C,35,130,Low
2,15,clear,A,57,150,Moderate
2,15,clear,B,19,120,Low
2,15,clear,C,33,130,Low
2,16,clear,A,52,150,Low
2,16,clear,B,19,120,Low
2,16,clear,C,37,130,Low
2,17,clear,A,78,150,Moderate
2,17,clear,B,41,120,Low
2,17,clear,C,60,130,Moderate
2,18,clear,A,104,150,High
2,18,clear,B,30,120,Low
2,18,clear,C,66,130,Moderate
2,19,clear,A,114,150,High
2,19,clear,B,42,120,Moderate
2,19,clear,C,57,130,Moderate
2,20,clear,A,116,150,High
2,20,clear,B,46,120,Moderate
2,20,clear,C,64,130,Moderate
2,21,clear,A,55,150,Moderate
2,21,clear,B,13,120,Low
2,21,clear,C,30,130,Low
2,22,clear,A,57,150,Moderate
2,22,clear,B,22,120,Low
2,22,clear,C,31,130,Low
2,23,clear,A,77,150,Moderate
2,23,clear,B,20,120,Low
2,23,clear,C,28,130,Low
3,0,clear,A,11,150,Low
3,0,clear,B,5,120,Low
3,0,clear,C,7,130,Low
3,1,clear,A,10,150,Low
3,1,clear,B,5,120,Low
3,1,clear,C,8,130,Low
3,2,clear,A,17,150,Low
3,2,clear,B,4,120,Low
3,2,clear,C,6,130,Low
3,3,clear,A,12,150,Low
3,3,clear,B,7,120,Low
3,3,clear,C,9,130,Low
3,4,clear,A,14,150,Low
3,4,clear,B,5,120,Low
3,4,clear,C,8,130,Low
3,5,clear,A,19,150,Low
3,5,clear,B,5,120,Low
3,5,clear,C,9,130,Low
3,6,clear,A,63,150,Moderate
3,6,clear,B,16,120,Low
3,6,clear,C,30,130,Low
3,7,clear,A,52,150,Low
3,7,clear,B,22,120,Low
3,7,clear,C,28,130,Low
3,8,clear,A,97,150,Moderate
3,8,clear,B,34,120,Low
3,8,clear,C,48,130,Moderate
3,9,clear,A,91,150,Moderate
3,9,clear,B,38,120,Low
3,9,clear,C,48,130,Moderate
3,10,clear,A,119,150,High
3,10,clear,B,38,120,Low
3,10,clear,C,66,130,Moderate
3,11,clear,A,99,150,High
3,11,clear,B,30,120,Low
3,11,clear,C,56,130,Moderate
3,12,clear,A,57,150,Moderate
3,12,clear,B,18,120,Low
3,12,clear,C,35,130,Low
3,13,clear,A,47,150,Low
3,13,clear,B,21,120,Low
3,13,clear,C,37,130,Low
3,14,clear,A,41,150,Low
3,14,clear,B,20,120,Low
3,14,clear,C,27,130,Low
3,15,clear,A,39,150,Low
3,15,clear,B,18,120,Low
3,15,clear,C,49,130,Moderate
3,16,clear,A,61,150,Moderate
3,16,clear,B,24,120,Low
3,16,clear,C,38,130,Low
3,17,clear,A,113,150,High
3,17,clear,B,45,120,Moderate
3,17,clear,C,63,130,Moderate
3,18,clear,A,117,150,High
3,18,clear,B,47,120,Moderate
3,18,clear,C,77,130,Moderate
3,19,clear,A,130,150,High
3,19,clear,B,41,120,Low
3,19,clear,C,87,130,High
3,20,clear,A,106,150,High
3,20,clear,B,52,120,Moderate
3,20,clear,C,76,130,Moderate
3,21,clear,A,51,150,Low
3,21,clear,B,16,120,Low
3,21,clear,C,30,130,Low
3,22,clear,A,47,150,Low
3,22,clear,B,19,120,Low
3,22,clear,C,28,130,Low
3,23,clear,A,65,150,Moderate
3,23,clear,B,20,120,Low
3,23,clear,C,35,130,Low
4,0,clear,A,8,150,Low
4,0,clear,B,4,120,Low
4,0,clear,C,7,130,Low
4,1,clear,A,9,150,Low
4,1,clear,B,6,120,Low
4,1,clear,C,6,130,Low
4,2,clear,A,10,150,Low
4,2,clear,B,6,120,Low
4,2,clear,C,9,130,Low
4,3,clear,A,13,150,Low
4,3,clear,B,5,120,Low
4,3,clear,C,10,130,Low
4,4,clear,A,13,150,Low
4,4,clear,B,3,120,Low
4,4,clear,C,9,130,Low
4,5,clear,A,14,150,Low
4,5,clear,B,5,120,Low
4,5,clear,C,7,130,Low
4,6,clear,A,48,150,Low
4,6,clear,B,21,120,Low
4,6,clear,C,30,130,Low
4,7,clear,A,35,150,Low
4,7,clear,B,20,120,Low
4,7,clear,C,39,130,Low
4,8,clear,A,97,150,Moderate
4,8,clear,B,38,120,Low
4,8,clear,C,66,130,Moderate
4,9,clear,A,99,150,High
4,9,clear,B,36,120,Low
4,9,clear,C,75,130,Moderate
4,10,clear,A,84,150,Moderate
4,10,clear,B,40,120,Low
4,10,clear,C,51,130,Moderate
4,11,clear,A,87,150,Moderate
4,11,clear,B,42,120,Moderate
4,11,clear,C,51,130,Moderate
4,12,clear,A,53,150,Moderate
4,12,clear,B,27,120,Low
4,12,clear,C,40,130,Low
4,13,clear,A,48,150,Low
4,13,clear,B,18,120,Low
4,13,clear,C,34,130,Low
4,14,clear,A,65,150,Moderate
4,14,clear,B,16,120,Low
4,14,clear,C,29,130,Low
4,15,clear,A,60,150,Moderate
4,15,clear,B,14,120,Low
4,15,clear,C,30,130,Low
4,16,clear,A,54,150,Moderate
4,16,clear,B,19,120,Low
4,16,clear,C,27,130,Low
4,17,clear,A,115,150,High
4,17,clear,B,43,120,Moderate
4,17,clear,C,63,130,Moderate
4,18,clear,A,137,150,High
4,18,clear,B,42,120,Moderate
4,18,clear,C,59,130,Moderate
4,19,clear,A,136,150,High
4,19,clear,B,36,120,Low
4,19,clear,C,71,130,Moderate
4,20,clear,A,101,150,High
4,20,clear,B,43,120,Moderate
4,20,clear,C,64,130,Moderate
4,21,clear,A,51,150,Low
4,21,clear,B,19,120,Low
4,21,clear,C,32,130,Low
4,22,clear,A,63,150,Moderate
4,22,clear,B,16,120,Low
4,22,clear,C,34,130,Low
4,23,clear,A,55,150,Moderate
4,23,clear,B,19,120,Low
4,23,clear,C,40,130,Low
5,0,clear,A,10,150,Low
5,0,clear,B,2,120,Low
5,0,clear,C,5,130,Low
5,1,clear,A,7,150,Low
5,1,clear,B,3,120,Low
5,1,clear,C,5,130,Low
5,2,clear,A,11,150,Low
5,2,clear,B,3,120,Low
5,2,clear,C,6,130,Low
5,3,clear,A,8,150,Low
5,3,clear,B,3,120,Low
5,3,clear,C,7,130,Low
5,4,clear,A,10,150,Low
5,4,clear,B,2,120,Low
5,4,clear,C,5,130,Low
5,5,clear,A,9,150,Low
5,5,clear,B,3,120,Low
5,5,clear,C,8,130,Low
5,6,clear,A,35,150,Low
5,6,clear,B,13,120,Low
5,6,clear,C,22,130,Low
5,7,clear,A,39,150,Low
5,7,clear,B,16,120,Low
5,7,clear,C,24,130,Low
5,8,clear,A,67,150,Moderate
5,8,clear,B,21,120,Low
5,8,clear,C,52,130,Moderate
5,9,clear,A,67,150,Moderate
5,9,clear,B,24,120,Low
5,9,clear,C,28,130,Low
5,10,clear,A,67,150,Moderate
5,10,clear,B,23,120,Low
5,10,clear,C,32,130,Low
5,11,clear,A,79,150,Moderate
5,11,clear,B,23,120,Low
5,11,clear,C,56,130,Moderate
5,12,clear,A,46,150,Low
5,12,clear,B,12,120,Low
5,12,clear,C,29,130,Low
5,13,clear,A,47,150,Low
5,13,clear,B,12,120,Low
5,13,clear,C,20,130,Low
5,14,clear,A,26,150,Low
5,14,clear,B,14,120,Low
5,14,clear,C,20,130,Low
5,15,clear,A,40,150,Low
5,15,clear,B,12,120,Low
5,15,clear,C,21,130,Low
5,16,clear,A,35,150,Low
5,16,clear,B,11,120,Low
5,16,clear,C,22,130,Low
5,17,clear,A,68,150,Moderate
5,17,clear,B,27,120,Low
5,17,clear,C,49,130,Moderate
5,18,clear,A,64,150,Moderate
5,18,clear,B,32,120,Low
5,18,clear,C,47,130,Moderate
5,19,clear,A,94,150,Moderate
5,19,clear,B,29,120,Low
5,19,clear,C,49,130,Moderate
5,20,clear,A,71,150,Moderate
5,20,clear,B,30,120,Low
5,20,clear,C,49,130,Moderate
5,21,clear,A,43,150,Low
5,21,clear,B,17,120,Low
5,21,clear,C,21,130,Low
5,22,clear,A,42,150,Low
5,22,clear,B,15,120,Low
5,22,clear,C,26,130,Low
5,23,clear,A,35,150,Low
5,23,clear,B,13,120,Low
5,23,clear,C,22,130,Low
6,0,clear,A,8,150,Low
6,0,clear,B,3,120,Low
6,0,clear,C,5,130,Low
6,1,clear,A,10,150,Low
6,1,clear,B,3,120,Low
6,1,clear,C,6,130,Low
6,2,clear,A,9,150,Low
6,2,clear,B,3,120,Low
6,2,clear,C,5,130,Low
6,3,clear,A,10,150,Low
6,3,clear,B,3,120,Low
6,3,clear,C,6,130,Low
6,4,clear,A,7,150,Low
6,4,clear,B,3,120,Low
6,4,clear,C,5,130,Low
6,5,clear,A,8,150,Low
6,5,clear,B,2,120,Low
6,5,clear,C,5,130,Low
6,6,clear,A,35,150,Low
6,6,clear,B,17,120,Low
6,6,clear,C,22,130,Low
6,7,clear,A,25,150,Low
6,7,clear,B,14,120,Low
6,7,clear,C,20,130,Low
6,8,clear,A,77,150,Moderate
6,8,clear,B,23,120,Low
6,8,clear,C,42,130,Low
6,9,clear,A,81,150,Moderate
6,9,clear,B,27,120,Low
6,9,clear,C,35,130,Low
6,10,clear,A,57,150,Moderate
6,10,clear,B,18,120,Low
6,10,clear,C,61,130,Moderate
6,11,clear,A,60,150,Moderate
6,11,clear,B,29,120,Low
6,11,clear,C,40,130,Low
6,12,clear,A,32,150,Low
6,12,clear,B,14,120,Low
6,12,clear,C,23,130,Low
6,13,clear,A,43,150,Low
6,13,clear,B,15,120,Low
6,13,clear,C,22,130,Low
6,14,clear,A,30,150,Low
6,14,clear,B,11,120,Low
6,14,clear,C,16,130,Low
6,15,clear,A,36,150,Low
6,15,clear,B,13,120,Low
6,15,clear,C,20,130,Low
6,16,clear,A,31,150,Low
6,16,clear,B,13,120,Low
6,16,clear,C,22,130,Low
6,17,clear,A,74,150,Moderate
6,17,clear,B,26,120,Low
6,17,clear,C,50,130,Moderate
6,18,clear,A,70,150,Moderate
6,18,clear,B,25,120,Low
6,18,clear,C,35,130,Low
6,19,clear,A,76,150,Moderate
6,19,clear,B,28,120,Low
6,19,clear,C,47,130,Moderate
6,20,clear,A,99,150,High
6,20,clear,B,28,120,Low
6,20,clear,C,47,130,Moderate
6,21,clear,A,41,150,Low
6,21,clear,B,18,120,Low
6,21,clear,C,25,130,Low
6,22,clear,A,25,150,Low
6,22,clear,B,14,120,Low
6,22,clear,C,21,130,Low
6,23,clear,A,27,150,Low
6,23,clear,B,17,120,Low
6,23,clear,C,29,130,Low
0,0,clear,A,11,150,Low
0,0,clear,B,5,120,Low
0,0,clear,C,7,130,Low
0,1,clear,A,13,150,Low
0,1,clear,B,4,120,Low
0,1,clear,C,8,130,Low
0,2,clear,A,10,150,Low
0,2,clear,B,5,120,Low
0,2,clear,C,10,130,Low
0,3,clear,A,13,150,Low
0,3,clear,B,4,120,Low
0,3,clear,C,9,130,Low
0,4,clear,A,13,150,Low
0,4,clear,B,6,120,Low
0,4,clear,C,7,130,Low
0,5,clear,A,15,150,Low
0,5,clear,B,4,120,Low
0,5,clear,C,7,130,Low
0,6,clear,A,73,150,Moderate
0,6,clear,B,27,120,Low
0,6,clear,C,33,130,Low
0,7,clear,A,58,150,Moderate
0,7,clear,B,18,120,Low
0,7,clear,C,33,130,Low
0,8,clear,A,82,150,Moderate
0,8,clear,B,29,120,Low
0,8,clear,C,80,130,Moderate
0,9,clear,A,98,150,High
0,9,clear,B,36,120,Low
0,9,clear,C,55,130,Moderate
0,10,clear,A,101,150,High
0,10,clear,B,27,120,Low
0,10,clear,C,55,130,Moderate
0,11,clear,A,81,150,Moderate
0,11,clear,B,42,120,Moderate
0,11,clear,C,47,130,Moderate
0,12,clear,A,45,150,Low
0,12,clear,B,13,120,Low
0,12,clear,C,30,130,Low
0,13,clear,A,51,150,Low
0,13,clear,B,22,120,Low
0,13,clear,C,33,130,Low
0,14,clear,A,51,150,Low
0,14,clear,B,20,120,Low
0,14,clear,C,32,130,Low
0,15,clear,A,74,150,Moderate
0,15,clear,B,18,120,Low
0,15,clear,C,37,130,Low
0,16,clear,A,61,150,Moderate
0,16,clear,B,18,120,Low
0,16,clear,C,35,130,Low
0,17,clear,A,101,150,High
0,17,clear,B,41,120,Low
0,17,clear,C,71,130,Moderate
0,18,clear,A,107,150,High
0,18,clear,B,33,120,Low
0,18,clear,C,89,130,High
0,19,clear,A,119,150,High
0,19,clear,B,30,120,Low
0,19,clear,C,65,130,Moderate
0,20,clear,A,84,150,Moderate
0,20,clear,B,44,120,Moderate
0,20,clear,C,69,130,Moderate
0,21,clear,A,55,150,Moderate
0,21,clear,B,17,120,Low
0,21,clear,C,33,130,Low
0,22,clear,A,61,150,Moderate
0,22,clear,B,23,120,Low
0,22,clear,C,39,130,Low
0,23,clear,A,42,150,Low
0,23,clear,B,19,120,Low
0,23,clear,C,36,130,Low
1,0,clear,A,10,150,Low
1,0,clear,B,4,120,Low
1,0,clear,C,10,130,Low
1,1,clear,A,11,150,Low
1,1,clear,B,5,120,Low
1,1,clear,C,8,130,Low
1,2,clear,A,13,150,Low
1,2,clear,B,4,120,Low
1,2,clear,C,9,130,Low
1,3,clear,A,13,150,Low
1,3,clear,B,4,120,Low
1,3,clear,C,8,130,Low
1,4,clear,A,11,150,Low
1,4,clear,B,5,120,Low
1,4,clear,C,7,130,Low
1,5,clear,A,12,150,Low
1,5,clear,B,5,120,Low
1,5,clear,C,8,130,Low
1,6,clear,A,52,150,Low
1,6,clear,B,23,120,Low
1,6,clear,C,29,130,Low
1,7,clear,A,59,150,Moderate
1,7,clear,B,22,120,Low
1,7,clear,C,41,130,Low
1,8,clear,A,131,150,High
1,8,clear,B,32,120,Low
1,8,clear,C,54,130,Moderate
1,9,clear,A,111,150,High
1,9,clear,B,41,120,Low
1,9,clear,C,55,130,Moderate
1,10,clear,A,106,150,High
1,10,clear,B,50,120,Moderate
1,10,clear,C,63,130,Moderate
1,11,clear,A,112,150,High
1,11,clear,B,44,120,Moderate
1,11,clear,C,86,130,High
1,12,clear,A,57,150,Moderate
1,12,clear,B,23,120,Low
1,12,clear,C,30,130,Low
1,13,clear,A,55,150,Moderate
1,13,clear,B,18,120,Low
1,13,clear,C,25,130,Low
1,14,clear,A,41,150,Low
1,14,clear,B,21,120,Low
1,14,clear,C,37,130,Low
1,15,clear,A,46,150,Low
1,15,clear,B,24,120,Low
1,15,clear,C,29,130,Low
1,16,clear,A,57,150,Moderate
1,16,clear,B,18,120,Low
1,16,clear,C,35,130,Low
1,17,clear,A,124,150,High
1,17,clear,B,44,120,Moderate
1,17,clear,C,77,130,Moderate
1,18,clear,A,119,150,High
1,18,clear,B,32,120,Low
1,18,clear,C,81,130,Moderate
1,19,clear,A,92,150,Moderate
1,19,clear,B,39,120,Low
1,19,clear,C,66,130,Moderate
1,20,clear,A,115,150,High
1,20,clear,B,37,120,Low
1,20,clear,C,68,130,Moderate
1,21,clear,A,68,150,Moderate
1,21,clear,B,16,120,Low
1,21,clear,C,34,130,Low
1,22,clear,A,45,150,Low
1,22,clear,B,22,120,Low
1,22,clear,C,31,130,Low
1,23,clear,A,55,150,Moderate
1,23,clear,B,16,120,Low
1,23,clear,C,41,130,Low
2,0,clear,A,14,150,Low
2,0,clear,B,5,120,Low
2,0,clear,C,7,130,Low
2,1,clear,A,12,150,Low
2,1,clear,B,5,120,Low
2,1,clear,C,6,130,Low
2,2,clear,A,10,150,Low
2,2,clear,B,4,120,Low
2,2,clear,C,7,130,Low
2,3,clear,A,13,150,Low
2,3,clear,B,5,120,Low
2,3,clear,C,9,130,Low
2,4,clear,A,17,150,Low
2,4,clear,B,4,120,Low
2,4,clear,C,8,130,Low
2,5,clear,A,13,150,Low
2,5,clear,B,5,120,Low
2,5,clear,C,9,130,Low
2,6,clear,A,62,150,Moderate
2,6,clear,B,22,120,Low
2,6,clear,C,37,130,Low
2,7,clear,A,67,150,Moderate
2,7,clear,B,20,120,Low
2,7,clear,C,31,130,Low
2,8,clear,A,92,150,Moderate
2,8,clear,B,35,120,Low
2,8,clear,C,52,130,Moderate
2,9,clear,A,89,150,Moderate
2,9,clear,B,29,120,Low
2,9,clear,C,66,130,Moderate
2,10,clear,A,104,150,High
2,10,clear,B,26,120,Low
2,10,clear,C,56,130,Moderate
2,11,clear,A,126,150,High
2,11,clear,B,39,120,Low
2,11,clear,C,67,130,Moderate
2,12,clear,A,49,150,Low
2,12,clear,B,20,120,Low
2,12,clear,C,34,130,Low
2,13,clear,A,48,150,Low
2,13,clear,B,18,120,Low
2,13,clear,C,32,130,Low
2,14,clear,A,42,150,Low
2,14,clear,B,16,120,Low
2,14,clear,C,33,130,Low
2,15,clear,A,48,150,Low
2,15,clear,B,19,120,Low
2,15,clear,C,26,130,Low
2,16,clear,A,61,150,Moderate
2,16,clear,B,26,120,Low
2,16,clear,C,40,130,Low
2,17,clear,A,128,150,High
2,17,clear,B,43,120,Moderate
2,17,clear,C,72,130,Moderate
2,18,clear,A,111,150,High
2,18,clear,B,34,120,Low
2,18,clear,C,77,130,Moderate
2,19,clear,A,120,150,High
2,19,clear,B,37,120,Low
2,19,clear,C,75,130,Moderate
2,20,clear,A,98,150,High
2,20,clear,B,36,120,Low
2,20,clear,C,78,130,Moderate
2,21,clear,A,58,150,Moderate
2,21,clear,B,19,120,Low
2,21,clear,C,33,130,Low
2,22,clear,A,56,150,Moderate
2,22,clear,B,14,120,Low
2,22,clear,C,31,130,Low
2,23,clear,A,44,150,Low
2,23,clear,B,20,120,Low
2,23,clear,C,40,130,Low
3,0,rain,A,15,150,Low
3,0,rain,B,5,120,Low
3,0,rain,C,9,130,Low
3,1,rain,A,21,150,Low
3,1,rain,B,6,120,Low
3,1,rain,C,10,130,Low
3,2,rain,A,11,150,Low
3,2,rain,B,4,120,Low
3,2,rain,C,10,130,Low
3,3,rain,A,15,150,Low
3,3,rain,B,6,120,Low
3,3,rain,C,10,130,Low
3,4,rain,A,17,150,Low
3,4,rain,B,4,120,Low
3,4,rain,C,8,130,Low
3,5,rain,A,16,150,Low
3,5,rain,B,5,120,Low
3,5,rain,C,10,130,Low
3,6,rain,A,67,150,Moderate
3,6,rain,B,21,120,Low
3,6,rain,C,43,130,Low
3,7,rain,A,71,150,Moderate
3,7,rain,B,24,120,Low
3,7,rain,C,46,130,Moderate
3,8,rain,A,80,150,Moderate
3,8,rain,B,39,120,Low
3,8,rain,C,85,130,High
3,9,rain,A,103,150,High
3,9,rain,B,36,120,Low
3,9,rain,C,74,130,Moderate
3,10,rain,A,118,150,High
3,10,rain,B,39,120,Low
3,10,rain,C,96,130,High
3,11,rain,A,123,150,High
3,11,rain,B,37,120,Low
3,11,rain,C,59,130,Moderate
3,12,rain,A,70,150,Moderate
3,12,rain,B,20,120,Low
3,12,rain,C,55,130,Moderate
3,13,rain,A,70,150,Moderate
3,13,rain,B,26,120,Low
3,13,rain,C,43,130,Low
3,14,rain,A,77,150,Moderate
3,14,rain,B,15,120,Low
3,14,rain,C,34,130,Low
3,15,rain,A,76,150,Moderate
3,15,rain,B,29,120,Low
3,15,rain,C,34,130,Low
3,16,rain,A,47,150,Low
3,16,rain,B,24,120,Low
3,16,rain,C,45,130,Low
3,17,rain,A,134,150,High
3,17,rain,B,47,120,Moderate
3,17,rain,C,60,130,Moderate
3,18,rain,A,124,150,High
3,18,rain,B,46,120,Moderate
3,18,rain,C,77,130,Moderate
3,19,rain,A,94,150,Moderate
3,19,rain,B,52,120,Moderate
3,19,rain,C,94,130,High
3,20,rain,A,116,150,High
3,20,rain,B,46,120,Moderate
3,20,rain,C,77,130,Moderate
3,21,rain,A,61,150,Moderate
3,21,rain,B,25,120,Low
3,21,rain,C,45,130,Low
3,22,rain,A,76,150,Moderate
3,22,rain,B,27,120,Low
3,22,rain,C,40,130,Low
3,23,rain,A,94,150,Moderate
3,23,rain,B,29,120,Low
3,23,rain,C,37,130,Low
4,0,rain,A,11,150,Low
4,0,rain,B,6,120,Low
4,0,rain,C,13,130,Low
4,1,rain,A,23,150,Low
4,1,rain,B,5,120,Low
4,1,rain,C,11,130,Low
4,2,rain,A,17,150,Low
4,2,rain,B,7,120,Low
4,2,rain,C,8,130,Low
4,3,rain,A,23,150,Low
4,3,rain,B,5,120,Low
4,3,rain,C,8,130,Low
4,4,rain,A,15,150,Low
4,4,rain,B,5,120,Low
4,4,rain,C,11,130,Low
4,5,rain,A,12,150,Low
4,5,rain,B,6,120,Low
4,5,rain,C,11,130,Low
4,6,rain,A,80,150,Moderate
4,6,rain,B,26,120,Low
4,6,rain,C,50,130,Moderate
4,7,rain,A,60,150,Moderate
4,7,rain,B,25,120,Low
4,7,rain,C,27,130,Low
4,8,rain,A,116,150,High
4,8,rain,B,45,120,Moderate
4,8,rain,C,81,130,Moderate
4,9,rain,A,90,150,Moderate
4,9,rain,B,40,120,Low
4,9,rain,C,72,130,Moderate
4,10,rain,A,111,150,High
4,10,rain,B,47,120,Moderate
4,10,rain,C,73,130,Moderate
4,11,rain,A,120,150,High
4,11,rain,B,40,120,Low
4,11,rain,C,87,130,High
4,12,rain,A,77,150,Moderate
4,12,rain,B,22,120,Low
4,12,rain,C,59,130,Moderate
4,13,rain,A,58,150,Moderate
4,13,rain,B,27,120,Low
4,13,rain,C,36,130,Low
4,14,rain,A,73,150,Moderate
4,14,rain,B,26,120,Low
4,14,rain,C,35,130,Low
4,15,rain,A,64,150,Moderate
4,15,rain,B,30,120,Low
4,15,rain,C,36,130,Low
4,16,rain,A,69,150,Moderate
4,16,rain,B,25,120,Low
4,16,rain,C,41,130,Low
4,17,rain,A,97,150,Moderate
4,17,rain,B,53,120,Moderate
4,17,rain,C,84,130,Moderate
4,18,rain,A,153,150,High
4,18,rain,B,49,120,Moderate
4,18,rain,C,84,130,Moderate
4,19,rain,A,139,150,High
4,19,rain,B,40,120,Low
4,19,rain,C,103,130,High
4,20,rain,A,124,150,High
4,20,rain,B,45,120,Moderate
4,20,rain,C,100,130,High
4,21,rain,A,68,150,Moderate
4,21,rain,B,23,120,Low
4,21,rain,C,44,130,Low
4,22,rain,A,72,150,Moderate
4,22,rain,B,23,120,Low
4,22,rain,C,47,130,Moderate
4,23,rain,A,53,150,Moderate
4,23,rain,B,24,120,Low
4,23,rain,C,47,130,Moderate
5,0,clear,A,6,150,Low
5,0,clear,B,3,120,Low
5,0,clear,C,5,130,Low
5,1,clear,A,11,150,Low
5,1,clear,B,3,120,Low
5,1,clear,C,7,130,Low
5,2,clear,A,7,150,Low
5,2,clear,B,3,120,Low
5,2,clear,C,6,130,Low
5,3,clear,A,13,150,Low
5,3,clear,B,4,120,Low
5,3,clear,C,7,130,Low
5,4,clear,A,12,150,Low
5,4,clear,B,3,120,Low
5,4,clear,C,6,130,Low
5,5,clear,A,9,150,Low
5,5,clear,B,3,120,Low
5,5,clear,C,3,130,Low
5,6,clear,A,38,150,Low
5,6,clear,B,14,120,Low
5,6,clear,C,23,130,Low
5,7,clear,A,29,150,Low
5,7,clear,B,13,120,Low
5,7,clear,C,18,130,Low
5,8,clear,A,87,150,Moderate
5,8,clear,B,24,120,Low
5,8,clear,C,30,130,Low
5,9,clear,A,67,150,Moderate
5,9,clear,B,28,120,Low
5,9,clear,C,45,130,Low
5,10,clear,A,59,150,Moderate
5,10,clear,B,22,120,Low
5,10,clear,C,42,130,Low
5,11,clear,A,64,150,Moderate
5,11,clear,B,20,120,Low
5,11,clear,C,43,130,Low
5,12,clear,A,30,150,Low
5,12,clear,B,15,120,Low
5,12,clear,C,28,130,Low
5,13,clear,A,32,150,Low
5,13,clear,B,12,120,Low
5,13,clear,C,22,130,Low
5,14,clear,A,38,150,Low
5,14,clear,B,14,120,Low
5,14,clear,C,26,130,Low
5,15,clear,A,41,150,Low
5,15,clear,B,17,120,Low
5,15,clear,C,24,130,Low
5,16,clear,A,30,150,Low
5,16,clear,B,10,120,Low
5,16,clear,C,30,130,Low
5,17,clear,A,82,150,Moderate
5,17,clear,B,28,120,Low
5,17,clear,C,52,130,Moderate
5,18,clear,A,78,150,Moderate
5,18,clear,B,29,120,Low
5,18,clear,C,46,130,Moderate
5,19,clear,A,89,150,Moderate
5,19,clear,B,25,120,Low
5,19,clear,C,42,130,Low
5,20,clear,A,57,150,Moderate
5,20,clear,B,27,120,Low
5,20,clear,C,58,130,Moderate
5,21,clear,A,35,150,Low
5,21,clear,B,11,120,Low
5,21,clear,C,25,130,Low
5,22,clear,A,34,150,Low
5,22,clear,B,17,120,Low
5,22,clear,C,28,130,Low
5,23,clear,A,31,150,Low
5,23,clear,B,13,120,Low
5,23,clear,C,21,130,Low
6,0,clear,A,9,150,Low
6,0,clear,B,3,120,Low
6,0,clear,C,6,130,Low
6,1,clear,A,8,150,Low
6,1,clear,B,2,120,Low
6,1,clear,C,5,130,Low
6,2,clear,A,10,150,Low
6,2,clear,B,2,120,Low
6,2,clear,C,7,130,Low
6,3,clear,A,8,150,Low
6,3,clear,B,3,120,Low
6,3,clear,C,5,130,Low
6,4,clear,A,7,150,Low
6,4,clear,B,3,120,Low
6,4,clear,C,5,130,Low
6,5,clear,A,8,150,Low
6,5,clear,B,2,120,Low
6,5,clear,C,7,130,Low
6,6,clear,A,38,150,Low
6,6,clear,B,16,120,Low
6,6,clear,C,26,130,Low
6,7,clear,A,44,150,Low
6,7,clear,B,12,120,Low
6,7,clear,C,19,130,Low
6,8,clear,A,77,150,Moderate
6,8,clear,B,25,120,Low
6,8,clear,C,41,130,Low
6,9,clear,A,77,150,Moderate
6,9,clear,B,26,120,Low
6,9,clear,C,48,130,Moderate
6,10,clear,A,58,150,Moderate
6,10,clear,B,28,120,Low
6,10,clear,C,44,130,Low
6,11,clear,A,80,150,Moderate
6,11,clear,B,28,120,Low
6,11,clear,C,48,130,Moderate
6,12,clear,A,37,150,Low
6,12,clear,B,15,120,Low
6,12,clear,C,28,130,Low
6,13,clear,A,42,150,Low
6,13,clear,B,14,120,Low
6,13,clear,C,27,130,Low
6,14,clear,A,35,150,Low
6,14,clear,B,17,120,Low
6,14,clear,C,18,130,Low
6,15,clear,A,38,150,Low
6,15,clear,B,13,120,Low
6,15,clear,C,22,130,Low
6,16,clear,A,40,150,Low
6,16,clear,B,11,120,Low
6,16,clear,C,32,130,Low
6,17,clear,A,61,150,Moderate
6,17,clear,B,24,120,Low
6,17,clear,C,41,130,Low
6,18,clear,A,79,150,Moderate
6,18,clear,B,32,120,Low
6,18,clear,C,52,130,Moderate
6,19,clear,A,94,150,Moderate
6,19,clear,B,24,120,Low
6,19,clear,C,53,130,Moderate
6,20,clear,A,73,150,Moderate
6,20,clear,B,28,120,Low
6,20,clear,C,57,130,Moderate
6,21,clear,A,28,150,Low
6,21,clear,B,18,120,Low
6,21,clear,C,23,130,Low
6,22,clear,A,29,150,Low
6,22,clear,B,12,120,Low
6,22,clear,C,24,130,Low
6,23,clear,A,34,150,Low
6,23,clear,B,9,120,Low
6,23,clear,C,24,130,Low
0,0,clear,A,15,150,Low
0,0,clear,B,4,120,Low
0,0,clear,C,11,130,Low
0,1,clear,A,14,150,Low
0,1,clear,B,5,120,Low
0,1,clear,C,9,130,Low
0,2,clear,A,9,150,Low
0,2,clear,B,4,120,Low
0,2,clear,C,11,130,Low
0,3,clear,A,13,150,Low
0,3,clear,B,4,120,Low
0,3,clear,C,8,130,Low
0,4,clear,A,16,150,Low
0,4,clear,B,4,120,Low
0,4,clear,C,7,130,Low
0,5,clear,A,19,150,Low
0,5,clear,B,3,120,Low
0,5,clear,C,8,130,Low
0,6,clear,A,48,150,Low
0,6,clear,B,17,120,Low
0,6,clear,C,29,130,Low
0,7,clear,A,50,150,Low
0,7,clear,B,22,120,Low
0,7,clear,C,25,130,Low
0,8,clear,A,117,150,High
0,8,clear,B,41,120,Low
0,8,clear,C,67,130,Moderate
0,9,clear,A,100,150,High
0,9,clear,B,37,120,Low
0,9,clear,C,76,130,Moderate
0,10,clear,A,73,150,Moderate
0,10,clear,B,39,120,Low
0,10,clear,C,55,130,Moderate
0,11,clear,A,111,150,High
0,11,clear,B,32,120,Low
0,11,clear,C,69,130,Moderate
0,12,clear,A,42,150,Low
0,12,clear,B,14,120,Low
0,12,clear,C,34,130,Low
0,13,clear,A,66,150,Moderate
0,13,clear,B,21,120,Low
0,13,clear,C,37,130,Low
0,14,clear,A,62,150,Moderate
0,14,clear,B,18,120,Low
0,14,clear,C,38,130,Low
0,15,clear,A,50,150,Low
0,15,clear,B,19,120,Low
0,15,clear,C,34,130,Low
0,16,clear,A,50,150,Low
0,16,clear,B,19,120,Low
0,16,clear,C,33,130,Low
0,17,clear,A,98,150,High
0,17,clear,B,39,120,Low
0,17,clear,C,71,130,Moderate
0,18,clear,A,91,150,Moderate
0,18,clear,B,42,120,Moderate
0,18,clear,C,64,130,Moderate
0,19,clear,A,113,150,High
0,19,clear,B,36,120,Low
0,19,clear,C,81,130,Moderate
0,20,clear,A,125,150,High
0,20,clear,B,33,120,Low
0,20,clear,C,75,130,Moderate
0,21,clear,A,66,150,Moderate
0,21,clear,B,17,120,Low
0,21,clear,C,30,130,Low
0,22,clear,A,61,150,Moderate
0,22,clear,B,16,120,Low
0,22,clear,C,30,130,Low
0,23,clear,A,46,150,Low
0,23,clear,B,22,120,Low
0,23,clear,C,31,130,Low
1,0,clear,A,12,150,Low
1,0,clear,B,5,120,Low
1,0,clear,C,7,130,Low
1,1,clear,A,10,150,Low
1,1,clear,B,3,120,Low
1,1,clear,C,9,130,Low
1,2,clear,A,15,150,Low
1,2,clear,B,5,120,Low
1,2,clear,C,7,130,Low
1,3,clear,A,13,150,Low
1,3,clear,B,6,120,Low
1,3,clear,C,8,130,Low
1,4,clear,A,12,150,Low
1,4,clear,B,4,120,Low
1,4,clear,C,9,130,Low
1,5,clear,A,14,150,Low
1,5,clear,B,4,120,Low
1,5,clear,C,7,130,Low
1,6,clear,A,52,150,Low
1,6,clear,B,17,120,Low
1,6,clear,C,28,130,Low
1,7,clear,A,69,150,Moderate
1,7,clear,B,18,120,Low
1,7,clear,C,33,130,Low
1,8,clear,A,94,150,Moderate
1,8,clear,B,35,120,Low
1,8,clear,C,67,130,Moderate
1,9,clear,A,92,150,Moderate
1,9,clear,B,42,120,Moderate
1,9,clear,C,68,130,Moderate
1,10,clear,A,96,150,Moderate
1,10,clear,B,32,120,Low
1,10,clear,C,73,130,Moderate
1,11,clear,A,96,150,Moderate
1,11,clear,B,29,120,Low
1,11,clear,C,72,130,Moderate
1,12,clear,A,49,150,Low
1,12,clear,B,22,120,Low
1,12,clear,C,21,130,Low
1,13,clear,A,51,150,Low
1,13,clear,B,23,120,Low
1,13,clear,C,35,130,Low
1,14,clear,A,59,150,Moderate
1,14,clear,B,17,120,Low
1,14,clear,C,36,130,Low
1,15,clear,A,55,150,Moderate
1,15,clear,B,20,120,Low
1,15,clear,C,45,130,Low
1,16,clear,A,65,150,Moderate
1,16,clear,B,22,120,Low
1,16,clear,C,39,130,Low
1,17,clear,A,94,150,Moderate
1,17,clear,B,37,120,Low
1,17,clear,C,53,130,Moderate
1,18,clear,A,89,150,Moderate
1,18,clear,B,34,120,Low
1,18,clear,C,69,130,Moderate
1,19,clear,A,89,150,Moderate
1,19,clear,B,39,120,Low
1,19,clear,C,68,130,Moderate
1,20,clear,A,91,150,Moderate
1,20,clear,B,49,120,Moderate
1,20,clear,C,56,130,Moderate
1,21,clear,A,64,150,Moderate
1,21,clear,B,13,120,Low
1,21,clear,C,34,130,Low
1,22,clear,A,45,150,Low
1,22,clear,B,18,120,Low
1,22,clear,C,44,130,Low
1,23,clear,A,52,150,Low
1,23,clear,B,16,120,Low
1,23,clear,C,37,130,Low
2,0,clear,A,14,150,Low
2,0,clear,B,4,120,Low
2,0,clear,C,7,130,Low
2,1,clear,A,12,150,Low
2,1,clear,B,5,120,Low
2,1,clear,C,8,130,Low
2,2,clear,A,11,150,Low
2,2,clear,B,5,120,Low
2,2,clear,C,8,130,Low
2,3,clear,A,14,150,Low
2,3,clear,B,4,120,Low
2,3,clear,C,8,130,Low
2,4,clear,A,14,150,Low
2,4,clear,B,4,120,Low
2,4,clear,C,9,130,Low
2,5,clear,A,13,150,Low
2,5,clear,B,4,120,Low
2,5,clear,C,7,130,Low
2,6,clear,A,54,150,Moderate
2,6,clear,B,18,120,Low
2,6,clear,C,38,130,Low
2,7,clear,A,52,150,Low
2,7,clear,B,20,120,Low
2,7,clear,C,30,130,Low
2,8,clear,A,98,150,High
2,8,clear,B,43,120,Moderate
2,8,clear,C,61,130,Moderate
2,9,clear,A,90,150,Moderate
2,9,clear,B,31,120,Low
2,9,clear,C,62,130,Moderate
2,10,clear,A,119,150,High
2,10,clear,B,28,120,Low
2,10,clear,C,62,130,Moderate
2,11,clear,A,73,150,Moderate
2,11,clear,B,33,120,Low
2,11,clear,C,65,130,Moderate
2,12,clear,A,41,150,Low
2,12,clear,B,18,120,Low
2,12,clear,C,36,130,Low
2,13,clear,A,56,150,Moderate
2,13,clear,B,21,120,Low
2,13,clear,C,29,130,Low
2,14,clear,A,57,150,Moderate
2,14,clear,B,18,120,Low
2,14,clear,C,38,130,Low
2,15,clear,A,35,150,Low
2,15,clear,B,19,120,Low
2,15,clear,C,35,130,Low
2,16,clear,A,66,150,Moderate
2,16,clear,B,20,120,Low
2,16,clear,C,35,130,Low
2,17,clear,A,116,150,High
2,17,clear,B,47,120,Moderate
2,17,clear,C,65,130,Moderate
2,18,clear,A,86,150,Moderate
2,18,clear,B,30,120,Low
2,18,clear,C,76,130,Moderate
2,19,clear,A,113,150,High
2,19,clear,B,38,120,Low
2,19,clear,C,63,130,Moderate
2,20,clear,A,112,150,High
2,20,clear,B,41,120,Low
2,20,clear,C,75,130,Moderate
2,21,clear,A,45,150,Low
2,21,clear,B,14,120,Low
2,21,clear,C,30,130,Low
2,22,clear,A,43,150,Low
2,22,clear,B,15,120,Low
2,22,clear,C,43,130,Low
2,23,clear,A,36,150,Low
2,23,clear,B,21,120,Low
2,23,clear,C,39,130,Low
3,0,clear,A,14,150,Low
3,0,clear,B,5,120,Low
3,0,clear,C,11,130,Low
3,1,clear,A,13,150,Low
3,1,clear,B,5,120,Low
3,1,clear,C,10,130,Low
3,2,clear,A,11,150,Low
3,2,clear,B,4,120,Low
3,2,clear,C,7,130,Low
3,3,clear,A,14,150,Low
3,3,clear,B,3,120,Low
3,3,clear,C,10,130,Low
3,4,clear,A,14,150,Low
3,4,clear,B,5,120,Low
3,4,clear,C,5,130,Low
3,5,clear,A,11,150,Low
3,5,clear,B,6,120,Low
3,5,clear,C,8,130,Low
3,6,clear,A,40,150,Low
3,6,clear,B,20,120,Low
3,6,clear,C,38,130,Low
3,7,clear,A,59,150,Moderate
3,7,clear,B,19,120,Low
3,7,clear,C,40,130,Low
3,8,clear,A,88,150,Moderate
3,8,clear,B,38,120,Low
3,8,clear,C,64,130,Moderate
3,9,clear,A,97,150,Moderate
3,9,clear,B,33,120,Low
3,9,clear,C,59,130,Moderate
3,10,clear,A,99,150,High
3,10,clear,B,34,120,Low
3,10,clear,C,69,130,Moderate
3,11,clear,A,91,150,Moderate
3,11,clear,B,44,120,Moderate
3,11,clear,C,57,130,Moderate
3,12,clear,A,62,150,Moderate
3,12,clear,B,22,120,Low
3,12,clear,C,35,130,Low
3,13,clear,A,55,150,Moderate
3,13,clear,B,17,120,Low
3,13,clear,C,32,130,Low
3,14,clear,A,56,150,Moderate
3,14,clear,B,19,120,Low
3,14,clear,C,41,130,Low
3,15,clear,A,51,150,Low
3,15,clear,B,18,120,Low
3,15,clear,C,26,130,Low
3,16,clear,A,60,150,Moderate
3,16,clear,B,21,120,Low
3,16,clear,C,40,130,Low
3,17,clear,A,127,150,High
3,17,clear,B,44,120,Moderate
3,17,clear,C,78,130,Moderate
3,18,clear,A,120,150,High
3,18,clear,B,44,120,Moderate
3,18,clear,C,50,130,Moderate
3,19,clear,A,91,150,Moderate
3,19,clear,B,32,120,Low
3,19,clear,C,83,130,Moderate
3,20,clear,A,97,150,Moderate
3,20,clear,B,36,120,Low
3,20,clear,C,70,130,Moderate
3,21,clear,A,44,150,Low
3,21,clear,B,21,120,Low
3,21,clear,C,23,130,Low
3,22,clear,A,45,150,Low
3,22,clear,B,20,120,Low
3,22,clear,C,28,130,Low
3,23,clear,A,65,150,Moderate
3,23,clear,B,20,120,Low
3,23,clear,C,40,130,Low
4,0,clear,A,13,150,Low
4,0,clear,B,4,120,Low
4,0,clear,C,9,130,Low
4,1,clear,A,14,150,Low
4,1,clear,B,6,120,Low
4,1,clear,C,9,130,Low
4,2,clear,A,12,150,Low
4,2,clear,B,5,120,Low
4,2,clear,C,9,130,Low
4,3,clear,A,16,150,Low
4,3,clear,B,5,120,Low
4,3,clear,C,8,130,Low
4,4,clear,A,11,150,Low
4,4,clear,B,3,120,Low
4,4,clear,C,7,130,Low
4,5,clear,A,12,150,Low
4,5,clear,B,6,120,Low
4,5,clear,C,10,130,Low
4,6,clear,A,62,150,Moderate
4,6,clear,B,23,120,Low
4,6,clear,C,31,130,Low
4,7,clear,A,42,150,Low
4,7,clear,B,16,120,Low
4,7,clear,C,24,130,Low
4,8,clear,A,82,150,Moderate
4,8,clear,B,33,120,Low
4,8,clear,C,64,130,Moderate
4,9,clear,A,101,150,High
4,9,clear,B,32,120,Low
4,9,clear,C,68,130,Moderate
4,10,clear,A,89,150,Moderate
4,10,clear,B,36,120,Low
4,10,clear,C,52,130,Moderate
4,11,clear,A,115,150,High
4,11,clear,B,36,120,Low
4,11,clear,C,69,130,Moderate
4,12,clear,A,44,150,Low
4,12,clear,B,20,120,Low
4,12,clear,C,38,130,Low
4,13,clear,A,38,150,Low
4,13,clear,B,23,120,Low
4,13,clear,C,28,130,Low
4,14,clear,A,56,150,Moderate
4,14,clear,B,25,120,Low
4,14,clear,C,40,130,Low
4,15,clear,A,42,150,Low
4,15,clear,B,19,120,Low
4,15,clear,C,41,130,Low
4,16,clear,A,48,150,Low
4,16,clear,B,18,120,Low
4,16,clear,C,32,130,Low
4,17,clear,A,119,150,High
4,17,clear,B,30,120,Low
4,17,clear,C,76,130,Moderate
4,18,clear,A,99,150,High
4,18,clear,B,39,120,Low
4,18,clear,C,67,130,Moderate
4,19,clear,A,119,150,High
4,19,clear,B,39,120,Low
4,19,clear,C,85,130,High
4,20,clear,A,126,150,High
4,20,clear,B,35,120,Low
4,20,clear,C,84,130,Moderate
4,21,clear,A,57,150,Moderate
4,21,clear,B,20,120,Low
4,21,clear,C,39,130,Low
4,22,clear,A,46,150,Low
4,22,clear,B,15,120,Low
4,22,clear,C,35,130,Low
4,23,clear,A,49,150,Low
4,23,clear,B,26,120,Low
4,23,clear,C,30,130,Low
5,0,clear,A,9,150,Low
5,0,clear,B,4,120,Low
5,0,clear,C,5,130,Low
5,1,clear,A,7,150,Low
5,1,clear,B,4,120,Low
5,1,clear,C,6,130,Low
5,2,clear,A,10,150,Low
5,2,clear,B,3,120,Low
5,2,clear,C,7,130,Low
5,3,clear,A,9,150,Low
5,3,clear,B,3,120,Low
5,3,clear,C,4,130,Low
5,4,clear,A,8,150,Low
5,4,clear,B,3,120,Low
5,4,clear,C,5,130,Low
5,5,clear,A,7,150,Low
5,5,clear,B,3,120,Low
5,5,clear,C,7,130,Low
5,6,clear,A,38,150,Low
5,6,clear,B,11,120,Low
5,6,clear,C,29,130,Low
5,7,clear,A,34,150,Low
5,7,clear,B,17,120,Low
5,7,clear,C,23,130,Low
5,8,clear,A,70,150,Moderate
5,8,clear,B,31,120,Low
5,8,clear,C,35,130,Low
5,9,clear,A,58,150,Moderate
5,9,clear,B,23,120,Low
5,9,clear,C,43,130,Low
5,10,clear,A,96,150,Moderate
5,10,clear,B,21,120,Low
5,10,clear,C,35,130,Low
5,11,clear,A,59,150,Moderate
5,11,clear,B,26,120,Low
5,11,clear,C,47,130,Moderate
5,12,clear,A,34,150,Low
5,12,clear,B,14,120,Low
5,12,clear,C,31,130,Low
5,13,clear,A,38,150,Low
5,13,clear,B,14,120,Low
5,13,clear,C,31,130,Low
5,14,clear,A,34,150,Low
5,14,clear,B,12,120,Low
5,14,clear,C,22,130,Low
5,15,clear,A,35,150,Low
5,15,clear,B,10,120,Low
5,15,clear,C,25,130,Low
5,16,clear,A,39,150,Low
5,16,clear,B,13,120,Low
5,16,clear,C,25,130,Low
5,17,clear,A,79,150,Moderate
5,17,clear,B,22,120,Low
5,17,clear,C,51,130,Moderate
5,18,clear,A,83,150,Moderate
5,18,clear,B,21,120,Low
5,18,clear,C,59,130,Moderate
5,19,clear,A,62,150,Moderate
5,19,clear,B,23,120,Low
5,19,clear,C,50,130,Moderate
5,20,clear,A,83,150,Moderate
5,20,clear,B,31,120,Low
5,20,clear,C,53,130,Moderate
5,21,clear,A,35,150,Low
5,21,clear,B,14,120,Low
5,21,clear,C,23,130,Low
5,22,clear,A,39,150,Low
5,22,clear,B,14,120,Low
5,22,clear,C,22,130,Low
5,23,clear,A,36,150,Low
5,23,clear,B,10,120,Low
5,23,clear,C,27,130,Low
6,0,clear,A,6,150,Low
6,0,clear,B,3,120,Low
6,0,clear,C,6,130,Low
6,1,clear,A,8,150,Low
6,1,clear,B,2,120,Low
6,1,clear,C,5,130,Low
6,2,clear,A,8,150,Low
6,2,clear,B,3,120,Low
6,2,clear,C,7,130,Low
6,3,clear,A,10,150,Low
6,3,clear,B,4,120,Low
6,3,clear,C,6,130,Low
6,4,clear,A,10,150,Low
6,4,clear,B,3,120,Low
6,4,clear,C,5,130,Low
6,5,clear,A,9,150,Low
6,5,clear,B,3,120,Low
6,5,clear,C,6,130,Low
6,6,clear,A,40,150,Low
6,6,clear,B,14,120,Low
6,6,clear,C,23,130,Low
6,7,clear,A,36,150,Low
6,7,clear,B,12,120,Low
6,7,clear,C,28,130,Low
6,8,clear,A,66,150,Moderate
6,8,clear,B,26,120,Low
6,8,clear,C,43,130,Low
6,9,clear,A,80,150,Moderate
6,9,clear,B,17,120,Low
6,9,clear,C,46,130,Moderate
6,10,clear,A,56,150,Moderate
6,10,clear,B,26,120,Low
6,10,clear,C,43,130,Low
6,11,clear,A,53,150,Moderate
6,11,clear,B,26,120,Low
6,11,clear,C,45,130,Low
6,12,clear,A,37,150,Low
6,12,clear,B,13,120,Low
6,12,clear,C,25,130,Low
6,13,clear,A,45,150,Low
6,13,clear,B,13,120,Low
6,13,clear,C,28,130,Low
6,14,clear,A,38,150,Low
6,14,clear,B,16,120,Low
6,14,clear,C,23,130,Low
6,15,clear,A,34,150,Low
6,15,clear,B,11,120,Low
6,15,clear,C,24,130,Low
6,16,clear,A,33,150,Low
6,16,clear,B,16,120,Low
6,16,clear,C,21,130,Low
6,17,clear,A,69,150,Moderate
6,17,clear,B,30,120,Low
6,17,clear,C,57,130,Moderate
6,18,clear,A,85,150,Moderate
6,18,clear,B,32,120,Low
6,18,clear,C,48,130,Moderate
6,19,clear,A,76,150,Moderate
6,19,clear,B,36,120,Low
6,19,clear,C,61,130,Moderate
6,20,clear,A,85,150,Moderate
6,20,clear,B,32,120,Low
6,20,clear,C,55,130,Moderate
6,21,clear,A,31,150,Low
6,21,clear,B,13,120,Low
6,21,clear,C,30,130,Low
6,22,clear,A,42,150,Low
6,22,clear,B,13,120,Low
6,22,clear,C,30,130,Low
6,23,clear,A,40,150,Low
6,23,clear,B,15,120,Low
6,23,clear,C,25,130,Low
0,0,clear,A,15,150,Low
0,0,clear,B,5,120,Low
0,0,clear,C,10,130,Low
0,1,clear,A,12,150,Low
0,1,clear,B,5,120,Low
0,1,clear,C,10,130,Low
0,2,clear,A,13,150,Low
0,2,clear,B,4,120,Low
0,2,clear,C,7,130,Low
0,3,clear,A,12,150,Low
0,3,clear,B,4,120,Low
0,3,clear,C,7,130,Low
0,4,clear,A,15,150,Low
0,4,clear,B,4,120,Low
0,4,clear,C,10,130,Low
0,5,clear,A,11,150,Low
0,5,clear,B,4,120,Low
0,5,clear,C,8,130,Low
0,6,clear,A,61,150,Moderate
0,6,clear,B,23,120,Low
0,6,clear,C,32,130,Low
0,7,clear,A,63,150,Moderate
0,7,clear,B,14,120,Low
0,7,clear,C,39,130,Low
0,8,clear,A,79,150,Moderate
0,8,clear,B,38,120,Low
0,8,clear,C,73,130,Moderate
0,9,clear,A,112,150,High
0,9,clear,B,27,120,Low
0,9,clear,C,58,130,Moderate
0,10,clear,A,109,150,High
0,10,clear,B,39,120,Low
0,10,clear,C,65,130,Moderate
0,11,clear,A,66,150,Moderate
0,11,clear,B,42,120,Moderate
0,11,clear,C,76,130,Moderate
0,12,clear,A,56,150,Moderate
0,12,clear,B,20,120,Low
0,12,clear,C,37,130,Low
0,13,clear,A,67,150,Moderate
0,13,clear,B,20,120,Low
0,13,clear,C,33,130,Low
0,14,clear,A,58,150,Moderate
0,14,clear,B,19,120,Low
0,14,clear,C,35,130,Low
0,15,clear,A,40,150,Low
0,15,clear,B,21,120,Low
0,15,clear,C,41,130,Low
0,16,clear,A,63,150,Moderate
0,16,clear,B,22,120,Low
0,16,clear,C,34,130,Low
0,17,clear,A,112,150,High
0,17,clear,B,47,120,Moderate
0,17,clear,C,79,130,Moderate
0,18,clear,A,134,150,High
0,18,clear,B,35,120,Low
0,18,clear,C,62,130,Moderate
0,19,clear,A,104,150,High
0,19,clear,B,34,120,Low
0,19,clear,C,56,130,Moderate
0,20,clear,A,117,150,High
0,20,clear,B,42,120,Moderate
0,20,clear,C,72,130,Moderate
0,21,clear,A,57,150,Moderate
0,21,clear,B,15,120,Low
0,21,clear,C,32,130,Low
0,22,clear,A,52,150,Low
0,22,clear,B,20,120,Low
0,22,clear,C,27,130,Low
0,23,clear,A,47,150,Low
0,23,clear,B,18,120,Low
0,23,clear,C,40,130,Low
